sample,seg,volume,volume_dir,canvas_size_wh,level0_zyx,source_group,scope_all_best_variant,scope_all_best_kind,scope_all_best_variant_names_volume,scope_all_best_rs_lo,scope_all_best_rs_hi
PHerc0009B,PHerc0009B/segments/20250510172639,2.401um-0.35m-77keV-volume-20250820154339.zarr,PHerc0009B/segments/20250510172639/surface-volumes/2.401um-0.35m-77keV-volume-20250820154339.zarr,"14760,18520","109,18520,14760",0,PHerc0009B/segments/20250510172639/mesh/20250510172639-on-20250820154339-2.401um.tifxyz,transformed,True,0.999973,1.00003
PHerc0009B,PHerc0009B/segments/20250510172804,2.401um-0.35m-77keV-volume-20250820154339.zarr,PHerc0009B/segments/20250510172804/surface-volumes/2.401um-0.35m-77keV-volume-20250820154339.zarr,"21240,14680","109,14680,21240",0,PHerc0009B/segments/20250510172804/mesh/20250510172804-on-20250820154339-2.401um.tifxyz,transformed,True,0.999976,1.00002
PHerc0009B,PHerc0009B/segments/20250511200236,2.401um-0.35m-77keV-volume-20250820154339.zarr,PHerc0009B/segments/20250511200236/surface-volumes/2.401um-0.35m-77keV-volume-20250820154339.zarr,"14460,14980","109,14980,14460",0,PHerc0009B/segments/20250511200236/mesh/20250511200236-on-20250820154339-2.401um.tifxyz,transformed,True,0.999967,1.00003
PHerc0009B,PHerc0009B/segments/20250919064353-auto_grown_20250918234353791,2.401um-0.35m-77keV-volume-20250820154339.zarr,PHerc0009B/segments/20250919064353-auto_grown_20250918234353791/surface-volumes/2.401um-0.35m-77keV-volume-20250820154339.zarr,"20880,24200","109,24200,20880",0,PHerc0009B/segments/20250919064353-auto_grown_20250918234353791/mesh/20250919064353-on-20250820154339-2.401um.tifxyz,transformed,True,0.999979,1.00002
PHerc0009B,PHerc0009B/segments/20250919123506-auto_grown_20250919053506178_inp_hr,2.401um-0.35m-77keV-volume-20250820154339.zarr,PHerc0009B/segments/20250919123506-auto_grown_20250919053506178_inp_hr/surface-volumes/2.401um-0.35m-77keV-volume-20250820154339.zarr,"20360,26140","109,26140,20360",0,PHerc0009B/segments/20250919123506-auto_grown_20250919053506178_inp_hr/mesh/20250919123506-on-20250820154339-2.401um.tifxyz,transformed,True,0.999981,1.00002
PHerc0009B,PHerc0009B/segments/20250919124722-auto_grown_20250919054722721_inp_hr,2.401um-0.35m-77keV-volume-20250820154339.zarr,PHerc0009B/segments/20250919124722-auto_grown_20250919054722721_inp_hr/surface-volumes/2.401um-0.35m-77keV-volume-20250820154339.zarr,"18000,26360","109,26360,18000",0,PHerc0009B/segments/20250919124722-auto_grown_20250919054722721_inp_hr/mesh/20250919124722-on-20250820154339-2.401um.tifxyz,transformed,True,0.999981,1.00002
PHerc0009B,PHerc0009B/segments/20250919124917-auto_grown_20250919054917419_inp_hr,2.401um-0.35m-77keV-volume-20250820154339.zarr,PHerc0009B/segments/20250919124917-auto_grown_20250919054917419_inp_hr/surface-volumes/2.401um-0.35m-77keV-volume-20250820154339.zarr,"13600,25200","109,25200,13600",0,PHerc0009B/segments/20250919124917-auto_grown_20250919054917419_inp_hr/mesh/20250919124917-on-20250820154339-2.401um.tifxyz,transformed,True,0.99998,1.00002
PHerc0009B,PHerc0009B/segments/20250919125302-auto_grown_20250919055302061,2.401um-0.35m-77keV-volume-20250820154339.zarr,PHerc0009B/segments/20250919125302-auto_grown_20250919055302061/surface-volumes/2.401um-0.35m-77keV-volume-20250820154339.zarr,"18580,22260","109,22260,18580",0,PHerc0009B/segments/20250919125302-auto_grown_20250919055302061/mesh/20250919125302-on-20250820154339-2.401um.tifxyz,transformed,True,0.999978,1.00002
PHerc0009B,PHerc0009B/segments/20250919125605-auto_grown_20250919055605407,2.401um-0.35m-77keV-volume-20250820154339.zarr,PHerc0009B/segments/20250919125605-auto_grown_20250919055605407/surface-volumes/2.401um-0.35m-77keV-volume-20250820154339.zarr,"20660,25060","109,25060,20660",0,PHerc0009B/segments/20250919125605-auto_grown_20250919055605407/mesh/20250919125605-on-20250820154339-2.401um.tifxyz,transformed,True,0.99998,1.00002
PHerc0009B,PHerc0009B/segments/20250919125754-auto_grown_20250919055754487_inp_hr,2.401um-0.35m-77keV-volume-20250820154339.zarr,PHerc0009B/segments/20250919125754-auto_grown_20250919055754487_inp_hr/surface-volumes/2.401um-0.35m-77keV-volume-20250820154339.zarr,"20520,25360","109,25360,20520",0,PHerc0009B/segments/20250919125754-auto_grown_20250919055754487_inp_hr/mesh/20250919125754-on-20250820154339-2.401um.tifxyz,transformed,True,0.99998,1.00002
PHerc0009B,PHerc0009B/segments/20250919130642-auto_grown_20250919060642061,2.401um-0.35m-77keV-volume-20250820154339.zarr,PHerc0009B/segments/20250919130642-auto_grown_20250919060642061/surface-volumes/2.401um-0.35m-77keV-volume-20250820154339.zarr,"18940,25860","109,25860,18940",0,PHerc0009B/segments/20250919130642-auto_grown_20250919060642061/mesh/20250919130642-on-20250820154339-2.401um.tifxyz,transformed,True,0.999981,1.00002
PHerc0009B,PHerc0009B/segments/20250919131352-auto_grown_20250919061352722_inp_hr,2.401um-0.35m-77keV-volume-20250820154339.zarr,PHerc0009B/segments/20250919131352-auto_grown_20250919061352722_inp_hr/surface-volumes/2.401um-0.35m-77keV-volume-20250820154339.zarr,"20520,27520","109,27520,20520",0,PHerc0009B/segments/20250919131352-auto_grown_20250919061352722_inp_hr/mesh/20250919131352-on-20250820154339-2.401um.tifxyz,transformed,True,0.999982,1.00002
PHerc0009B,PHerc0009B/segments/20250919131642-auto_grown_20250919061642215_inp_hr,2.401um-0.35m-77keV-volume-20250820154339.zarr,PHerc0009B/segments/20250919131642-auto_grown_20250919061642215_inp_hr/surface-volumes/2.401um-0.35m-77keV-volume-20250820154339.zarr,"13020,23700","109,23700,13020",0,PHerc0009B/segments/20250919131642-auto_grown_20250919061642215_inp_hr/mesh/20250919131642-on-20250820154339-2.401um.tifxyz,transformed,True,0.999979,1.00002
PHerc0009B,PHerc0009B/segments/20250919132115-auto_grown_20250919062115592_inp_hr,2.401um-0.35m-77keV-volume-20250820154339.zarr,PHerc0009B/segments/20250919132115-auto_grown_20250919062115592_inp_hr/surface-volumes/2.401um-0.35m-77keV-volume-20250820154339.zarr,"23620,26060","109,26060,23620",0,PHerc0009B/segments/20250919132115-auto_grown_20250919062115592_inp_hr/mesh/20250919132115-on-20250820154339-2.401um.tifxyz,transformed,True,0.999981,1.00002
PHerc0009B,PHerc0009B/segments/20250919133208-auto_grown_20250919063208154_inp_hr,2.401um-0.35m-77keV-volume-20250820154339.zarr,PHerc0009B/segments/20250919133208-auto_grown_20250919063208154_inp_hr/surface-volumes/2.401um-0.35m-77keV-volume-20250820154339.zarr,"18060,24560","109,24560,18060",0,PHerc0009B/segments/20250919133208-auto_grown_20250919063208154_inp_hr/mesh/20250919133208-on-20250820154339-2.401um.tifxyz,transformed,True,0.99998,1.00002
PHerc0009B,PHerc0009B/segments/20250919135433-auto_grown_20250919065433578_inp_hr,2.401um-0.35m-77keV-volume-20250820154339.zarr,PHerc0009B/segments/20250919135433-auto_grown_20250919065433578_inp_hr/surface-volumes/2.401um-0.35m-77keV-volume-20250820154339.zarr,"24760,25360","109,25360,24760",0,PHerc0009B/segments/20250919135433-auto_grown_20250919065433578_inp_hr/mesh/20250919135433-on-20250820154339-2.401um.tifxyz,transformed,True,0.99998,1.00002
PHerc0009B,PHerc0009B/segments/20250919135915-auto_grown_20250919065915092_inp_hr,2.401um-0.35m-77keV-volume-20250820154339.zarr,PHerc0009B/segments/20250919135915-auto_grown_20250919065915092_inp_hr/surface-volumes/2.401um-0.35m-77keV-volume-20250820154339.zarr,"19360,23700","109,23700,19360",0,PHerc0009B/segments/20250919135915-auto_grown_20250919065915092_inp_hr/mesh/20250919135915-on-20250820154339-2.401um.tifxyz,transformed,True,0.999979,1.00002
PHerc0009B,PHerc0009B/segments/20250919140325-auto_grown_20250919070325767_inp_hr,2.401um-0.35m-77keV-volume-20250820154339.zarr,PHerc0009B/segments/20250919140325-auto_grown_20250919070325767_inp_hr/surface-volumes/2.401um-0.35m-77keV-volume-20250820154339.zarr,"17000,25700","109,25700,17000",0,PHerc0009B/segments/20250919140325-auto_grown_20250919070325767_inp_hr/mesh/20250919140325-on-20250820154339-2.401um.tifxyz,transformed,True,0.999981,1.00002
PHerc0139,PHerc0139/segments/20250108000000-w025_2025010863,1.129um-0.22m-59keV-volume-20260413113053-L1.zarr,PHerc0139/segments/20250108000000-w025_2025010863/surface-volumes/1.129um-0.22m-59keV-volume-20260413113053-L1.zarr,"28170,30120","116,30120,28170",1,PHerc0139/segments/20250108000000-w025_2025010863/mesh/20250108000000-on-20260413113053-1.129um.tifxyz,transformed,True,0.499992,0.500008
PHerc0139,PHerc0139/segments/20250108000000-w025_2025010863,9.362um-1.2m-113keV-volume-20250728140407.zarr,PHerc0139/segments/20250108000000-w025_2025010863/surface-volumes/9.362um-1.2m-113keV-volume-20250728140407.zarr,"6800,7280","28,7280,6800",0,PHerc0139/segments/20250108000000-w025_2025010863/mesh/20250108000000-on-20250728140407-9.362um.tifxyz,transformed,True,0.999931,1.00007
PHerc0139,PHerc0139/segments/20250108000001-w026_2025010854,1.129um-0.22m-59keV-volume-20260413113053-L1.zarr,PHerc0139/segments/20250108000001-w026_2025010854/surface-volumes/1.129um-0.22m-59keV-volume-20260413113053-L1.zarr,"30300,30800","116,30800,30300",1,PHerc0139/segments/20250108000001-w026_2025010854/mesh/20250108000001-on-20260413113053-1.129um.tifxyz,transformed,True,0.499992,0.500008
PHerc0139,PHerc0139/segments/20250108000001-w026_2025010854,9.362um-1.2m-113keV-volume-20250728140407.zarr,PHerc0139/segments/20250108000001-w026_2025010854/surface-volumes/9.362um-1.2m-113keV-volume-20250728140407.zarr,"7320,7440","28,7440,7320",0,PHerc0139/segments/20250108000001-w026_2025010854/mesh/20250108000001-on-20250728140407-9.362um.tifxyz,transformed,True,0.999933,1.00007
PHerc0139,PHerc0139/segments/20250108000002-w027_2025010845,1.129um-0.22m-59keV-volume-20260413113053-L1.zarr,PHerc0139/segments/20250108000002-w027_2025010845/surface-volumes/1.129um-0.22m-59keV-volume-20260413113053-L1.zarr,"30210,30290","116,30290,30210",1,PHerc0139/segments/20250108000002-w027_2025010845/mesh/20250108000002-on-20260413113053-1.129um.tifxyz,transformed,True,0.499992,0.500008
PHerc0139,PHerc0139/segments/20250108000003-w028_2025010836,1.129um-0.22m-59keV-volume-20260413113053-L1.zarr,PHerc0139/segments/20250108000003-w028_2025010836/surface-volumes/1.129um-0.22m-59keV-volume-20260413113053-L1.zarr,"30460,30030","116,30030,30460",1,PHerc0139/segments/20250108000003-w028_2025010836/mesh/20250108000003-on-20260413113053-1.129um.tifxyz,transformed,True,0.499992,0.500008
PHerc0139,PHerc0139/segments/20250108000003-w028_2025010836,9.362um-1.2m-113keV-volume-20250728140407.zarr,PHerc0139/segments/20250108000003-w028_2025010836/surface-volumes/9.362um-1.2m-113keV-volume-20250728140407.zarr,"7360,7260","28,7260,7360",0,PHerc0139/segments/20250108000003-w028_2025010836/mesh/20250108000003-on-20250728140407-9.362um.tifxyz,transformed,True,0.999932,1.00007
PHerc0139,PHerc0139/segments/20250108000004-w029_2025010827,1.129um-0.22m-59keV-volume-20260413113053-L1.zarr,PHerc0139/segments/20250108000004-w029_2025010827/surface-volumes/1.129um-0.22m-59keV-volume-20260413113053-L1.zarr,"30720,29860","116,29860,30720",1,PHerc0139/segments/20250108000004-w029_2025010827/mesh/20250108000004-on-20260413113053-1.129um.tifxyz,transformed,True,0.499992,0.500008
PHerc0139,PHerc0139/segments/20250108000004-w029_2025010827,9.362um-1.2m-113keV-volume-20250728140407.zarr,PHerc0139/segments/20250108000004-w029_2025010827/surface-volumes/9.362um-1.2m-113keV-volume-20250728140407.zarr,"7420,7220","28,7220,7420",0,PHerc0139/segments/20250108000004-w029_2025010827/mesh/20250108000004-on-20250728140407-9.362um.tifxyz,transformed,True,0.999933,1.00007
PHerc0139,PHerc0139/segments/20250108000005-w030_2025010818,1.129um-0.22m-59keV-volume-20260413113053-L1.zarr,PHerc0139/segments/20250108000005-w030_2025010818/surface-volumes/1.129um-0.22m-59keV-volume-20260413113053-L1.zarr,"30890,29520","116,29520,30890",1,PHerc0139/segments/20250108000005-w030_2025010818/mesh/20250108000005-on-20260413113053-1.129um.tifxyz,transformed,True,0.499992,0.500008
PHerc0139,PHerc0139/segments/20250108000005-w030_2025010818,9.362um-1.2m-113keV-volume-20250728140407.zarr,PHerc0139/segments/20250108000005-w030_2025010818/surface-volumes/9.362um-1.2m-113keV-volume-20250728140407.zarr,"7460,7140","28,7140,7460",0,PHerc0139/segments/20250108000005-w030_2025010818/mesh/20250108000005-on-20250728140407-9.362um.tifxyz,transformed,True,0.999933,1.00007
PHerc0139,PHerc0139/segments/20250223000000-w059_2025022312,1.129um-0.22m-59keV-volume-20260413113053-L1.zarr,PHerc0139/segments/20250223000000-w059_2025022312/surface-volumes/1.129um-0.22m-59keV-volume-20260413113053-L1.zarr,"41440,29860","116,29860,41440",1,PHerc0139/segments/20250223000000-w059_2025022312/mesh/20250223000000-on-20260413113053-1.129um.tifxyz,transformed,True,0.499994,0.500006
PHerc0139,PHerc0139/segments/20250223000000-w059_2025022312,9.362um-1.2m-113keV-volume-20250728140407.zarr,PHerc0139/segments/20250223000000-w059_2025022312/surface-volumes/9.362um-1.2m-113keV-volume-20250728140407.zarr,"10020,7220","28,7220,10020",0,PHerc0139/segments/20250223000000-w059_2025022312/mesh/20250223000000-on-20250728140407-9.362um.tifxyz,transformed,True,0.99995,1.00005
PHerc0139,PHerc0139/segments/20250831000000-w040_2025083102,1.129um-0.22m-59keV-volume-20260413113053-L1.zarr,PHerc0139/segments/20250831000000-w040_2025083102/surface-volumes/1.129um-0.22m-59keV-volume-20260413113053-L1.zarr,"33020,26460","116,26460,33020",1,PHerc0139/segments/20250831000000-w040_2025083102/mesh/20250831000000-on-20260413113053-1.129um.tifxyz,transformed,True,0.499992,0.500008
PHerc0139,PHerc0139/segments/20250831000000-w040_2025083102,9.362um-1.2m-113keV-volume-20250728140407.zarr,PHerc0139/segments/20250831000000-w040_2025083102/surface-volumes/9.362um-1.2m-113keV-volume-20250728140407.zarr,"7980,6400","28,6400,7980",0,PHerc0139/segments/20250831000000-w040_2025083102/mesh/20250831000000-on-20250728140407-9.362um.tifxyz,transformed,True,0.999937,1.00006
PHerc0139,PHerc0139/segments/20251226000000-w055_2025122611,1.129um-0.22m-59keV-volume-20260413113053-L1.zarr,PHerc0139/segments/20251226000000-w055_2025122611/surface-volumes/1.129um-0.22m-59keV-volume-20260413113053-L1.zarr,"43150,31910","116,31910,43150",1,PHerc0139/segments/20251226000000-w055_2025122611/mesh/20251226000000-on-20260413113053-1.129um.tifxyz,transformed,True,0.499994,0.500006
PHerc0139,PHerc0139/segments/20251226000000-w055_2025122611,9.362um-1.2m-113keV-volume-20250728140407.zarr,PHerc0139/segments/20251226000000-w055_2025122611/surface-volumes/9.362um-1.2m-113keV-volume-20250728140407.zarr,"10420,7720","28,7720,10420",0,PHerc0139/segments/20251226000000-w055_2025122611/mesh/20251226000000-on-20250728140407-9.362um.tifxyz,transformed,True,0.999952,1.00005
PHerc0139,PHerc0139/segments/20260108000000-w041_2026010816,1.129um-0.22m-59keV-volume-20260413113053-L1.zarr,PHerc0139/segments/20260108000000-w041_2026010816/surface-volumes/1.129um-0.22m-59keV-volume-20260413113053-L1.zarr,"33190,25610","116,25610,33190",1,PHerc0139/segments/20260108000000-w041_2026010816/mesh/20260108000000-on-20260413113053-1.129um.tifxyz,transformed,True,0.499992,0.500008
PHerc0139,PHerc0139/segments/20260108000000-w041_2026010816,9.362um-1.2m-113keV-volume-20250728140407.zarr,PHerc0139/segments/20260108000000-w041_2026010816/surface-volumes/9.362um-1.2m-113keV-volume-20250728140407.zarr,"8020,6200","28,6200,8020",0,PHerc0139/segments/20260108000000-w041_2026010816/mesh/20260108000000-on-20250728140407-9.362um.tifxyz,transformed,True,0.999938,1.00006
PHerc0139,PHerc0139/segments/20260112000000-w043_2026011217,1.129um-0.22m-59keV-volume-20260413113053-L1.zarr,PHerc0139/segments/20260112000000-w043_2026011217/surface-volumes/1.129um-0.22m-59keV-volume-20260413113053-L1.zarr,"33610,25270","116,25270,33610",1,PHerc0139/segments/20260112000000-w043_2026011217/mesh/20260112000000-on-20260413113053-1.129um.tifxyz,transformed,True,0.499993,0.500007
PHerc0139,PHerc0139/segments/20260112000000-w043_2026011217,9.362um-1.2m-113keV-volume-20250728140407.zarr,PHerc0139/segments/20260112000000-w043_2026011217/surface-volumes/9.362um-1.2m-113keV-volume-20250728140407.zarr,"8120,6120","28,6120,8120",0,PHerc0139/segments/20260112000000-w043_2026011217/mesh/20260112000000-on-20250728140407-9.362um.tifxyz,transformed,True,0.999938,1.00006
PHerc0139,PHerc0139/segments/20260115000000-w044_2026011522,1.129um-0.22m-59keV-volume-20260413113053-L1.zarr,PHerc0139/segments/20260115000000-w044_2026011522/surface-volumes/1.129um-0.22m-59keV-volume-20260413113053-L1.zarr,"33780,25010","116,25010,33780",1,PHerc0139/segments/20260115000000-w044_2026011522/mesh/20260115000000-on-20260413113053-1.129um.tifxyz,transformed,True,0.499993,0.500007
PHerc0139,PHerc0139/segments/20260115000000-w044_2026011522,9.362um-1.2m-113keV-volume-20250728140407.zarr,PHerc0139/segments/20260115000000-w044_2026011522/surface-volumes/9.362um-1.2m-113keV-volume-20250728140407.zarr,"8160,6040","28,6040,8160",0,PHerc0139/segments/20260115000000-w044_2026011522/mesh/20260115000000-on-20250728140407-9.362um.tifxyz,transformed,True,0.999939,1.00006
PHerc0139,PHerc0139/segments/20260115000001-w056_2026011514,1.129um-0.22m-59keV-volume-20260413113053-L1.zarr,PHerc0139/segments/20260115000001-w056_2026011514/surface-volumes/1.129um-0.22m-59keV-volume-20260413113053-L1.zarr,"40340,29690","116,29690,40340",1,PHerc0139/segments/20260115000001-w056_2026011514/mesh/20260115000001-on-20260413113053-1.129um.tifxyz,transformed,True,0.499994,0.500006
PHerc0139,PHerc0139/segments/20260115000001-w056_2026011514,9.362um-1.2m-113keV-volume-20250728140407.zarr,PHerc0139/segments/20260115000001-w056_2026011514/surface-volumes/9.362um-1.2m-113keV-volume-20250728140407.zarr,"9740,7180","28,7180,9740",0,PHerc0139/segments/20260115000001-w056_2026011514/mesh/20260115000001-on-20250728140407-9.362um.tifxyz,transformed,True,0.999949,1.00005
PHerc0139,PHerc0139/segments/20260127000000-w057_2026012713,1.129um-0.22m-59keV-volume-20260413113053-L1.zarr,PHerc0139/segments/20260127000000-w057_2026012713/surface-volumes/1.129um-0.22m-59keV-volume-20260413113053-L1.zarr,"40510,31400","116,31400,40510",1,PHerc0139/segments/20260127000000-w057_2026012713/mesh/20260127000000-on-20260413113053-1.129um.tifxyz,transformed,True,0.499994,0.500006
PHerc0139,PHerc0139/segments/20260127000000-w057_2026012713,9.362um-1.2m-113keV-volume-20250728140407.zarr,PHerc0139/segments/20260127000000-w057_2026012713/surface-volumes/9.362um-1.2m-113keV-volume-20250728140407.zarr,"9780,7600","28,7600,9780",0,PHerc0139/segments/20260127000000-w057_2026012713/mesh/20260127000000-on-20250728140407-9.362um.tifxyz,transformed,True,0.999949,1.00005
PHerc0139,PHerc0139/segments/20260130000000-w031_2026013019,1.129um-0.22m-59keV-volume-20260413113053-L1.zarr,PHerc0139/segments/20260130000000-w031_2026013019/surface-volumes/1.129um-0.22m-59keV-volume-20260413113053-L1.zarr,"31060,29270","116,29270,31060",1,PHerc0139/segments/20260130000000-w031_2026013019/mesh/20260130000000-on-20260413113053-1.129um.tifxyz,transformed,True,0.499992,0.500008
PHerc0139,PHerc0139/segments/20260130000000-w031_2026013019,9.362um-1.2m-113keV-volume-20250728140407.zarr,PHerc0139/segments/20260130000000-w031_2026013019/surface-volumes/9.362um-1.2m-113keV-volume-20250728140407.zarr,"7500,7080","28,7080,7500",0,PHerc0139/segments/20260130000000-w031_2026013019/mesh/20260130000000-on-20250728140407-9.362um.tifxyz,transformed,True,0.999933,1.00007
PHerc0139,PHerc0139/segments/20260203000000-w032_2026020303,1.129um-0.22m-59keV-volume-20260413113053-L1.zarr,PHerc0139/segments/20260203000000-w032_2026020303/surface-volumes/1.129um-0.22m-59keV-volume-20260413113053-L1.zarr,"31490,29350","116,29350,31490",1,PHerc0139/segments/20260203000000-w032_2026020303/mesh/20260203000000-on-20260413113053-1.129um.tifxyz,transformed,True,0.499992,0.500008
PHerc0139,PHerc0139/segments/20260203000000-w032_2026020303,9.362um-1.2m-113keV-volume-20250728140407.zarr,PHerc0139/segments/20260203000000-w032_2026020303/surface-volumes/9.362um-1.2m-113keV-volume-20250728140407.zarr,"7600,7100","28,7100,7600",0,PHerc0139/segments/20260203000000-w032_2026020303/mesh/20260203000000-on-20250728140407-9.362um.tifxyz,transformed,True,0.999934,1.00007
PHerc0139,PHerc0139/segments/20260206000000-w042_2026020613,1.129um-0.22m-59keV-volume-20260413113053-L1.zarr,PHerc0139/segments/20260206000000-w042_2026020613/surface-volumes/1.129um-0.22m-59keV-volume-20260413113053-L1.zarr,"32590,24760","116,24760,32590",1,PHerc0139/segments/20260206000000-w042_2026020613/mesh/20260206000000-on-20260413113053-1.129um.tifxyz,transformed,True,0.499992,0.500008
PHerc0139,PHerc0139/segments/20260206000000-w042_2026020613,9.362um-1.2m-113keV-volume-20250728140407.zarr,PHerc0139/segments/20260206000000-w042_2026020613/surface-volumes/9.362um-1.2m-113keV-volume-20250728140407.zarr,"7880,5980","28,5980,7880",0,PHerc0139/segments/20260206000000-w042_2026020613/mesh/20260206000000-on-20250728140407-9.362um.tifxyz,transformed,True,0.999937,1.00006
PHerc0139,PHerc0139/segments/20260206000001-w047_2026020613,1.129um-0.22m-59keV-volume-20260413113053-L1.zarr,PHerc0139/segments/20260206000001-w047_2026020613/surface-volumes/1.129um-0.22m-59keV-volume-20260413113053-L1.zarr,"34890,24160","116,24160,34890",1,PHerc0139/segments/20260206000001-w047_2026020613/mesh/20260206000001-on-20260413113053-1.129um.tifxyz,transformed,True,0.499993,0.500007
PHerc0139,PHerc0139/segments/20260206000001-w047_2026020613,9.362um-1.2m-113keV-volume-20250728140407.zarr,PHerc0139/segments/20260206000001-w047_2026020613/surface-volumes/9.362um-1.2m-113keV-volume-20250728140407.zarr,"8440,5840","28,5840,8440",0,PHerc0139/segments/20260206000001-w047_2026020613/mesh/20260206000001-on-20250728140407-9.362um.tifxyz,transformed,True,0.999941,1.00006
PHerc0139,PHerc0139/segments/20260206000002-w054_2026020617,1.129um-0.22m-59keV-volume-20260413113053-L1.zarr,PHerc0139/segments/20260206000002-w054_2026020617/surface-volumes/1.129um-0.22m-59keV-volume-20260413113053-L1.zarr,"46120,31650","116,31650,46120",1,PHerc0139/segments/20260206000002-w054_2026020617/mesh/20260206000002-on-20260413113053-1.129um.tifxyz,transformed,True,0.499995,0.500005
PHerc0139,PHerc0139/segments/20260206000002-w054_2026020617,9.362um-1.2m-113keV-volume-20250728140407.zarr,PHerc0139/segments/20260206000002-w054_2026020617/surface-volumes/9.362um-1.2m-113keV-volume-20250728140407.zarr,"11140,7660","28,7660,11140",0,PHerc0139/segments/20260206000002-w054_2026020617/mesh/20260206000002-on-20250728140407-9.362um.tifxyz,transformed,True,0.999955,1.00004
PHerc0139,PHerc0139/segments/20260210000000-w058_2026021020,1.129um-0.22m-59keV-volume-20260413113053-L1.zarr,PHerc0139/segments/20260210000000-w058_2026021020/surface-volumes/1.129um-0.22m-59keV-volume-20260413113053-L1.zarr,"40850,31060","116,31060,40850",1,PHerc0139/segments/20260210000000-w058_2026021020/mesh/20260210000000-on-20260413113053-1.129um.tifxyz,transformed,True,0.499994,0.500006
PHerc0139,PHerc0139/segments/20260210000000-w058_2026021020,9.362um-1.2m-113keV-volume-20250728140407.zarr,PHerc0139/segments/20260210000000-w058_2026021020/surface-volumes/9.362um-1.2m-113keV-volume-20250728140407.zarr,"9880,7500","28,7500,9880",0,PHerc0139/segments/20260210000000-w058_2026021020/mesh/20260210000000-on-20250728140407-9.362um.tifxyz,transformed,True,0.999949,1.00005
PHerc0139,PHerc0139/segments/20260215000000-w024_2026021572,1.129um-0.22m-59keV-volume-20260413113053-L1.zarr,PHerc0139/segments/20260215000000-w024_2026021572/surface-volumes/1.129um-0.22m-59keV-volume-20260413113053-L1.zarr,"27400,29350","116,29350,27400",1,PHerc0139/segments/20260215000000-w024_2026021572/mesh/20260215000000-on-20260413113053-1.129um.tifxyz,transformed,True,0.499991,0.500009
PHerc0139,PHerc0139/segments/20260215000000-w024_2026021572,9.362um-1.2m-113keV-volume-20250728140407.zarr,PHerc0139/segments/20260215000000-w024_2026021572/surface-volumes/9.362um-1.2m-113keV-volume-20250728140407.zarr,"6620,7100","28,7100,6620",0,PHerc0139/segments/20260215000000-w024_2026021572/mesh/20260215000000-on-20250728140407-9.362um.tifxyz,transformed,True,0.99993,1.00007
PHerc0139,PHerc0139/segments/20260219000000-w033_2026021913,1.129um-0.22m-59keV-volume-20260413113053-L1.zarr,PHerc0139/segments/20260219000000-w033_2026021913/surface-volumes/1.129um-0.22m-59keV-volume-20260413113053-L1.zarr,"31740,29350","116,29350,31740",1,PHerc0139/segments/20260219000000-w033_2026021913/mesh/20260219000000-on-20260413113053-1.129um.tifxyz,transformed,True,0.499992,0.500008
PHerc0139,PHerc0139/segments/20260219000000-w033_2026021913,9.362um-1.2m-113keV-volume-20250728140407.zarr,PHerc0139/segments/20260219000000-w033_2026021913/surface-volumes/9.362um-1.2m-113keV-volume-20250728140407.zarr,"7680,7100","28,7100,7680",0,PHerc0139/segments/20260219000000-w033_2026021913/mesh/20260219000000-on-20250728140407-9.362um.tifxyz,transformed,True,0.999935,1.00007
PHerc0139,PHerc0139/segments/20260219000001-w048_2026021912,1.129um-0.22m-59keV-volume-20260413113053-L1.zarr,PHerc0139/segments/20260219000001-w048_2026021912/surface-volumes/1.129um-0.22m-59keV-volume-20260413113053-L1.zarr,"35230,23650","116,23650,35230",1,PHerc0139/segments/20260219000001-w048_2026021912/mesh/20260219000001-on-20260413113053-1.129um.tifxyz,transformed,True,0.499993,0.500007
PHerc0139,PHerc0139/segments/20260219000001-w048_2026021912,9.362um-1.2m-113keV-volume-20250728140407.zarr,PHerc0139/segments/20260219000001-w048_2026021912/surface-volumes/9.362um-1.2m-113keV-volume-20250728140407.zarr,"8520,5720","28,5720,8520",0,PHerc0139/segments/20260219000001-w048_2026021912/mesh/20260219000001-on-20250728140407-9.362um.tifxyz,transformed,True,0.999941,1.00006
PHerc0139,PHerc0139/segments/20260220000000-w053_2026022021,1.129um-0.22m-59keV-volume-20260413113053-L1.zarr,PHerc0139/segments/20260220000000-w053_2026022021/surface-volumes/1.129um-0.22m-59keV-volume-20260413113053-L1.zarr,"42890,30800","116,30800,42890",1,PHerc0139/segments/20260220000000-w053_2026022021/mesh/20260220000000-on-20260413113053-1.129um.tifxyz,transformed,True,0.499994,0.500006
PHerc0139,PHerc0139/segments/20260220000000-w053_2026022021,9.362um-1.2m-113keV-volume-20250728140407.zarr,PHerc0139/segments/20260220000000-w053_2026022021/surface-volumes/9.362um-1.2m-113keV-volume-20250728140407.zarr,"10360,7440","28,7440,10360",0,PHerc0139/segments/20260220000000-w053_2026022021/mesh/20260220000000-on-20250728140407-9.362um.tifxyz,transformed,True,0.999952,1.00005
PHerc0139,PHerc0139/segments/20260227000000-w052_2026022705,1.129um-0.22m-59keV-volume-20260413113053-L1.zarr,PHerc0139/segments/20260227000000-w052_2026022705/surface-volumes/1.129um-0.22m-59keV-volume-20260413113053-L1.zarr,"40420,31820","116,31820,40420",1,PHerc0139/segments/20260227000000-w052_2026022705/mesh/20260227000000-on-20260413113053-1.129um.tifxyz,transformed,True,0.499994,0.500006
PHerc0139,PHerc0139/segments/20260227000000-w052_2026022705,9.362um-1.2m-113keV-volume-20250728140407.zarr,PHerc0139/segments/20260227000000-w052_2026022705/surface-volumes/9.362um-1.2m-113keV-volume-20250728140407.zarr,"9760,7700","28,7700,9760",0,PHerc0139/segments/20260227000000-w052_2026022705/mesh/20260227000000-on-20250728140407-9.362um.tifxyz,transformed,True,0.999949,1.00005
PHerc0139,PHerc0139/segments/20260302000000-w039_2026030210,1.129um-0.22m-59keV-volume-20260413113053-L1.zarr,PHerc0139/segments/20260302000000-w039_2026030210/surface-volumes/1.129um-0.22m-59keV-volume-20260413113053-L1.zarr,"31910,35390","116,35390,31910",1,PHerc0139/segments/20260302000000-w039_2026030210/mesh/20260302000000-on-20260413113053-1.129um.tifxyz,transformed,True,0.499993,0.500007
PHerc0139,PHerc0139/segments/20260302000000-w039_2026030210,9.362um-1.2m-113keV-volume-20250728140407.zarr,PHerc0139/segments/20260302000000-w039_2026030210/surface-volumes/9.362um-1.2m-113keV-volume-20250728140407.zarr,"7720,8560","28,8560,7720",0,PHerc0139/segments/20260302000000-w039_2026030210/mesh/20260302000000-on-20250728140407-9.362um.tifxyz,transformed,True,0.999942,1.00006
PHerc0139,PHerc0139/segments/20260302000001-w050_2026030220,9.362um-1.2m-113keV-volume-20250728140407.zarr,PHerc0139/segments/20260302000001-w050_2026030220/surface-volumes/9.362um-1.2m-113keV-volume-20250728140407.zarr,"3880,5300","28,5300,3880",0,PHerc0139/segments/20260302000001-w050_2026030220/mesh/20260302000001-on-20250728140407-9.362um.tifxyz,transformed,True,0.999906,1.00009
PHerc0139,PHerc0139/segments/20260303000000-w034_2026030317,1.129um-0.22m-59keV-volume-20260413113053-L1.zarr,PHerc0139/segments/20260303000000-w034_2026030317/surface-volumes/1.129um-0.22m-59keV-volume-20260413113053-L1.zarr,"31910,29100","116,29100,31910",1,PHerc0139/segments/20260303000000-w034_2026030317/mesh/20260303000000-on-20260413113053-1.129um.tifxyz,transformed,True,0.499992,0.500008
PHerc0139,PHerc0139/segments/20260306000000-w038_2026030608,1.129um-0.22m-59keV-volume-20260413113053-L1.zarr,PHerc0139/segments/20260306000000-w038_2026030608/surface-volumes/1.129um-0.22m-59keV-volume-20260413113053-L1.zarr,"30810,25610","116,25610,30810",1,PHerc0139/segments/20260306000000-w038_2026030608/mesh/20260306000000-on-20260413113053-1.129um.tifxyz,transformed,True,0.499992,0.500008
PHerc0139,PHerc0139/segments/20260306000000-w038_2026030608,9.362um-1.2m-113keV-volume-20250728140407.zarr,PHerc0139/segments/20260306000000-w038_2026030608/surface-volumes/9.362um-1.2m-113keV-volume-20250728140407.zarr,"7440,6200","28,6200,7440",0,PHerc0139/segments/20260306000000-w038_2026030608/mesh/20260306000000-on-20250728140407-9.362um.tifxyz,transformed,True,0.999933,1.00007
PHerc0139,PHerc0139/segments/20260306000001-w051_2026030600,1.129um-0.22m-59keV-volume-20260413113053-L1.zarr,PHerc0139/segments/20260306000001-w051_2026030600/surface-volumes/1.129um-0.22m-59keV-volume-20260413113053-L1.zarr,"39740,31310","116,31310,39740",1,PHerc0139/segments/20260306000001-w051_2026030600/mesh/20260306000001-on-20260413113053-1.129um.tifxyz,transformed,True,0.499994,0.500006
PHerc0139,PHerc0139/segments/20260306000001-w051_2026030600,9.362um-1.2m-113keV-volume-20250728140407.zarr,PHerc0139/segments/20260306000001-w051_2026030600/surface-volumes/9.362um-1.2m-113keV-volume-20250728140407.zarr,"9600,7580","28,7580,9600",0,PHerc0139/segments/20260306000001-w051_2026030600/mesh/20260306000001-on-20250728140407-9.362um.tifxyz,transformed,True,0.999948,1.00005
PHerc0139,PHerc0139/segments/20260310000000-w037_2026031015,1.129um-0.22m-59keV-volume-20260413113053-L1.zarr,PHerc0139/segments/20260310000000-w037_2026031015/surface-volumes/1.129um-0.22m-59keV-volume-20260413113053-L1.zarr,"29780,25350","116,25350,29780",1,PHerc0139/segments/20260310000000-w037_2026031015/mesh/20260310000000-on-20260413113053-1.129um.tifxyz,transformed,True,0.499992,0.500008
PHerc0139,PHerc0139/segments/20260310000000-w037_2026031015,9.362um-1.2m-113keV-volume-20250728140407.zarr,PHerc0139/segments/20260310000000-w037_2026031015/surface-volumes/9.362um-1.2m-113keV-volume-20250728140407.zarr,"7200,6140","28,6140,7200",0,PHerc0139/segments/20260310000000-w037_2026031015/mesh/20260310000000-on-20250728140407-9.362um.tifxyz,transformed,True,0.999931,1.00007
PHerc0139,PHerc0139/segments/20260311000000-w023_202603112281,1.129um-0.22m-59keV-volume-20260413113053-L1.zarr,PHerc0139/segments/20260311000000-w023_202603112281/surface-volumes/1.129um-0.22m-59keV-volume-20260413113053-L1.zarr,"26380,28670","116,28670,26380",1,PHerc0139/segments/20260311000000-w023_202603112281/mesh/20260311000000-on-20260413113053-1.129um.tifxyz,transformed,True,0.499991,0.500009
PHerc0139,PHerc0139/segments/20260311000000-w023_202603112281,9.362um-1.2m-113keV-volume-20250728140407.zarr,PHerc0139/segments/20260311000000-w023_202603112281/surface-volumes/9.362um-1.2m-113keV-volume-20250728140407.zarr,"6380,6940","28,6940,6380",0,PHerc0139/segments/20260311000000-w023_202603112281/mesh/20260311000000-on-20250728140407-9.362um.tifxyz,transformed,True,0.999928,1.00007
PHerc0139,PHerc0139/segments/20260316000000-w036_2026031607,1.129um-0.22m-59keV-volume-20260413113053-L1.zarr,PHerc0139/segments/20260316000000-w036_2026031607/surface-volumes/1.129um-0.22m-59keV-volume-20260413113053-L1.zarr,"28850,24760","116,24760,28850",1,PHerc0139/segments/20260316000000-w036_2026031607/mesh/20260316000000-on-20260413113053-1.129um.tifxyz,transformed,True,0.499991,0.500009
PHerc0139,PHerc0139/segments/20260316000000-w036_2026031607,9.362um-1.2m-113keV-volume-20250728140407.zarr,PHerc0139/segments/20260316000000-w036_2026031607/surface-volumes/9.362um-1.2m-113keV-volume-20250728140407.zarr,"6980,5980","28,5980,6980",0,PHerc0139/segments/20260316000000-w036_2026031607/mesh/20260316000000-on-20250728140407-9.362um.tifxyz,transformed,True,0.999928,1.00007
PHerc0139,PHerc0139/segments/20260317000000-w035_2026031718,1.129um-0.22m-59keV-volume-20260413113053-L1.zarr,PHerc0139/segments/20260317000000-w035_2026031718/surface-volumes/1.129um-0.22m-59keV-volume-20260413113053-L1.zarr,"21700,24080","116,24080,21700",1,PHerc0139/segments/20260317000000-w035_2026031718/mesh/20260317000000-on-20260413113053-1.129um.tifxyz,transformed,True,0.49999,0.50001
PHerc0139,PHerc0139/segments/20260317000000-w035_2026031718,9.362um-1.2m-113keV-volume-20250728140407.zarr,PHerc0139/segments/20260317000000-w035_2026031718/surface-volumes/9.362um-1.2m-113keV-volume-20250728140407.zarr,"5240,5820","28,5820,5240",0,PHerc0139/segments/20260317000000-w035_2026031718/mesh/20260317000000-on-20250728140407-9.362um.tifxyz,transformed,True,0.999914,1.00009
PHerc0139,PHerc0139/segments/20260318000000-w049_20260318,1.129um-0.22m-59keV-volume-20260413113053-L1.zarr,PHerc0139/segments/20260318000000-w049_20260318/surface-volumes/1.129um-0.22m-59keV-volume-20260413113053-L1.zarr,"38890,23400","116,23400,38890",1,PHerc0139/segments/20260318000000-w049_20260318/mesh/20260318000000-on-20260413113053-1.129um.tifxyz,transformed,True,0.499994,0.500006
PHerc0139,PHerc0139/segments/20260318000000-w049_20260318,9.362um-1.2m-113keV-volume-20250728140407.zarr,PHerc0139/segments/20260318000000-w049_20260318/surface-volumes/9.362um-1.2m-113keV-volume-20250728140407.zarr,"9400,5660","28,5660,9400",0,PHerc0139/segments/20260318000000-w049_20260318/mesh/20260318000000-on-20250728140407-9.362um.tifxyz,transformed,True,0.999947,1.00005
PHerc0139,PHerc0139/segments/20260325000000-w046_20260325,1.129um-0.22m-59keV-volume-20260413113053-L1.zarr,PHerc0139/segments/20260325000000-w046_20260325/surface-volumes/1.129um-0.22m-59keV-volume-20260413113053-L1.zarr,"34210,24760","116,24760,34210",1,PHerc0139/segments/20260325000000-w046_20260325/mesh/20260325000000-on-20260413113053-1.129um.tifxyz,transformed,True,0.499993,0.500007
PHerc0139,PHerc0139/segments/20260422000000-title_2026042222_zmid_flatboi,9.362um-1.2m-113keV-volume-20250728140407.zarr,PHerc0139/segments/20260422000000-title_2026042222_zmid_flatboi/surface-volumes/9.362um-1.2m-113keV-volume-20250728140407.zarr,"5360,1780","28,1780,5360",0,PHerc0139/segments/20260422000000-title_2026042222_zmid_flatboi/mesh/20260422000000-on-20250728140407-9.362um.tifxyz,transformed,True,0.999907,1.00009
PHerc0343P,PHerc0343P/segments/20250511003658-tifxyz,2.215um-0.4m-111keV-volume-20260304131111.zarr,PHerc0343P/segments/20250511003658-tifxyz/surface-volumes/2.215um-0.4m-111keV-volume-20260304131111.zarr,"8020,13420","118,13420,8020",0,PHerc0343P/segments/20250511003658-tifxyz/mesh/20250511003658-on-20260304131111-2.215um.tifxyz,transformed,True,0.999963,1.00004
PHerc0343P,PHerc0343P/segments/20250902170435--5_b2,2.215um-0.4m-111keV-volume-20260304131111.zarr,PHerc0343P/segments/20250902170435--5_b2/surface-volumes/2.215um-0.4m-111keV-volume-20260304131111.zarr,"9440,12800","118,12800,9440",0,PHerc0343P/segments/20250902170435--5_b2/mesh/20250902170435-on-20260304131111-2.215um.tifxyz,transformed,True,0.999961,1.00004
PHerc0343P,PHerc0343P/segments/20250902170441--4_b2,2.215um-0.4m-111keV-volume-20260304131111.zarr,PHerc0343P/segments/20250902170441--4_b2/surface-volumes/2.215um-0.4m-111keV-volume-20260304131111.zarr,"9820,12880","118,12880,9820",0,PHerc0343P/segments/20250902170441--4_b2/mesh/20250902170441-on-20260304131111-2.215um.tifxyz,transformed,True,0.999961,1.00004
PHerc0343P,PHerc0343P/segments/20250902170447--3_b2,2.215um-0.4m-111keV-volume-20260304131111.zarr,PHerc0343P/segments/20250902170447--3_b2/surface-volumes/2.215um-0.4m-111keV-volume-20260304131111.zarr,"10140,13880","118,13880,10140",0,PHerc0343P/segments/20250902170447--3_b2/mesh/20250902170447-on-20260304131111-2.215um.tifxyz,transformed,True,0.999964,1.00004
PHerc0343P,PHerc0343P/segments/20250902171202--2_b2,2.215um-0.4m-111keV-volume-20260304131111.zarr,PHerc0343P/segments/20250902171202--2_b2/surface-volumes/2.215um-0.4m-111keV-volume-20260304131111.zarr,"9040,13420","118,13420,9040",0,PHerc0343P/segments/20250902171202--2_b2/mesh/20250902171202-on-20260304131111-2.215um.tifxyz,transformed,True,0.999963,1.00004
PHerc0343P,PHerc0343P/segments/20250902171204--1_b2,2.215um-0.4m-111keV-volume-20260304131111.zarr,PHerc0343P/segments/20250902171204--1_b2/surface-volumes/2.215um-0.4m-111keV-volume-20260304131111.zarr,"9120,13040","118,13040,9120",0,PHerc0343P/segments/20250902171204--1_b2/mesh/20250902171204-on-20260304131111-2.215um.tifxyz,transformed,True,0.999962,1.00004
PHerc0343P,PHerc0343P/segments/20250904233748-0_b2,2.215um-0.4m-111keV-volume-20260304131111.zarr,PHerc0343P/segments/20250904233748-0_b2/surface-volumes/2.215um-0.4m-111keV-volume-20260304131111.zarr,"9740,14120","118,14120,9740",0,PHerc0343P/segments/20250904233748-0_b2/mesh/20250904233748-on-20260304131111-2.215um.tifxyz,transformed,True,0.999965,1.00004
PHerc0343P,PHerc0343P/segments/20250905172054-1_b2,2.215um-0.4m-111keV-volume-20260304131111.zarr,PHerc0343P/segments/20250905172054-1_b2/surface-volumes/2.215um-0.4m-111keV-volume-20260304131111.zarr,"8880,11780","118,11780,8880",0,PHerc0343P/segments/20250905172054-1_b2/mesh/20250905172054-on-20260304131111-2.215um.tifxyz,transformed,True,0.999958,1.00004
PHerc0500P2,PHerc0500P2/segments/20250609204953-z_dbg_gen_00612,2.215um-0.4m-111keV-volume-20250526151718.zarr,PHerc0500P2/segments/20250609204953-z_dbg_gen_00612/surface-volumes/2.215um-0.4m-111keV-volume-20250526151718.zarr,"13100,19080","118,19080,13100",0,PHerc0500P2/segments/20250609204953-z_dbg_gen_00612/mesh/20250609204953-on-20250526151718-2.215um.tifxyz,transformed,True,0.999974,1.00003
PHerc0500P2,PHerc0500P2/segments/20250609204953-z_dbg_gen_00612,9.362um-1.2m-113keV-volume-20250820143440.zarr,PHerc0500P2/segments/20250609204953-z_dbg_gen_00612/surface-volumes/9.362um-1.2m-113keV-volume-20250820143440.zarr,"3120,4520","28,4520,3120",0,PHerc0500P2/segments/20250609204953-z_dbg_gen_00612/mesh/20250609204953-on-20250820143440-9.362um.tifxyz,transformed,True,0.999889,1.00011
PHerc0500P2,PHerc0500P2/segments/20250611132918-z_dbg_gen_00302_inp_hr,2.215um-0.4m-111keV-volume-20250526151718.zarr,PHerc0500P2/segments/20250611132918-z_dbg_gen_00302_inp_hr/surface-volumes/2.215um-0.4m-111keV-volume-20250526151718.zarr,"13760,21220","118,21220,13760",0,PHerc0500P2/segments/20250611132918-z_dbg_gen_00302_inp_hr/mesh/20250611132918-on-20250526151718-2.215um.tifxyz,transformed,True,0.999976,1.00002
PHerc0500P2,PHerc0500P2/segments/20250611132918-z_dbg_gen_00302_inp_hr,9.362um-1.2m-113keV-volume-20250820143440.zarr,PHerc0500P2/segments/20250611132918-z_dbg_gen_00302_inp_hr/surface-volumes/9.362um-1.2m-113keV-volume-20250820143440.zarr,"3260,5040","28,5040,3260",0,PHerc0500P2/segments/20250611132918-z_dbg_gen_00302_inp_hr/mesh/20250611132918-on-20250820143440-9.362um.tifxyz,transformed,True,0.999901,1.0001
PHerc0500P2,PHerc0500P2/segments/20250611133823-z_dbg_gen_00130_inp_hr,2.215um-0.4m-111keV-volume-20250526151718.zarr,PHerc0500P2/segments/20250611133823-z_dbg_gen_00130_inp_hr/surface-volumes/2.215um-0.4m-111keV-volume-20250526151718.zarr,"7600,22660","118,22660,7600",0,PHerc0500P2/segments/20250611133823-z_dbg_gen_00130_inp_hr/mesh/20250611133823-on-20250526151718-2.215um.tifxyz,transformed,True,0.999978,1.00002
PHerc0500P2,PHerc0500P2/segments/20250611133823-z_dbg_gen_00130_inp_hr,9.362um-1.2m-113keV-volume-20250820143440.zarr,PHerc0500P2/segments/20250611133823-z_dbg_gen_00130_inp_hr/surface-volumes/9.362um-1.2m-113keV-volume-20250820143440.zarr,"1800,5380","28,5380,1800",0,PHerc0500P2/segments/20250611133823-z_dbg_gen_00130_inp_hr/mesh/20250611133823-on-20250820143440-9.362um.tifxyz,transformed,True,0.999907,1.00009
PHerc0500P2,PHerc0500P2/segments/20250611134135-z_dbg_gen_00331_inp_hr,2.215um-0.4m-111keV-volume-20250526151718.zarr,PHerc0500P2/segments/20250611134135-z_dbg_gen_00331_inp_hr/surface-volumes/2.215um-0.4m-111keV-volume-20250526151718.zarr,"13820,22820","118,22820,13820",0,PHerc0500P2/segments/20250611134135-z_dbg_gen_00331_inp_hr/mesh/20250611134135-on-20250526151718-2.215um.tifxyz,transformed,True,0.999978,1.00002
PHerc0500P2,PHerc0500P2/segments/20250611134135-z_dbg_gen_00331_inp_hr,9.362um-1.2m-113keV-volume-20250820143440.zarr,PHerc0500P2/segments/20250611134135-z_dbg_gen_00331_inp_hr/surface-volumes/9.362um-1.2m-113keV-volume-20250820143440.zarr,"3280,5420","28,5420,3280",0,PHerc0500P2/segments/20250611134135-z_dbg_gen_00331_inp_hr/mesh/20250611134135-on-20250820143440-9.362um.tifxyz,transformed,True,0.999908,1.00009
PHerc0500P2,PHerc0500P2/segments/20250611153340-z_dbg_gen_00275,2.215um-0.4m-111keV-volume-20250526151718.zarr,PHerc0500P2/segments/20250611153340-z_dbg_gen_00275/surface-volumes/2.215um-0.4m-111keV-volume-20250526151718.zarr,"10020,16780","118,16780,10020",0,PHerc0500P2/segments/20250611153340-z_dbg_gen_00275/mesh/20250611153340-on-20250526151718-2.215um.tifxyz,transformed,True,0.99997,1.00003
PHerc0500P2,PHerc0500P2/segments/20250611153340-z_dbg_gen_00275,9.362um-1.2m-113keV-volume-20250820143440.zarr,PHerc0500P2/segments/20250611153340-z_dbg_gen_00275/surface-volumes/9.362um-1.2m-113keV-volume-20250820143440.zarr,"2380,3980","28,3980,2380",0,PHerc0500P2/segments/20250611153340-z_dbg_gen_00275/mesh/20250611153340-on-20250820143440-9.362um.tifxyz,transformed,True,0.999874,1.00013
PHerc0500P2,PHerc0500P2/segments/20250611153346-z_dbg_gen_00286_inp_hr,2.215um-0.4m-111keV-volume-20250526151718.zarr,PHerc0500P2/segments/20250611153346-z_dbg_gen_00286_inp_hr/surface-volumes/2.215um-0.4m-111keV-volume-20250526151718.zarr,"11800,17980","118,17980,11800",0,PHerc0500P2/segments/20250611153346-z_dbg_gen_00286_inp_hr/mesh/20250611153346-on-20250526151718-2.215um.tifxyz,transformed,True,0.999972,1.00003
PHerc0500P2,PHerc0500P2/segments/20250611153346-z_dbg_gen_00286_inp_hr,9.362um-1.2m-113keV-volume-20250820143440.zarr,PHerc0500P2/segments/20250611153346-z_dbg_gen_00286_inp_hr/surface-volumes/9.362um-1.2m-113keV-volume-20250820143440.zarr,"2800,4280","28,4280,2800",0,PHerc0500P2/segments/20250611153346-z_dbg_gen_00286_inp_hr/mesh/20250611153346-on-20250820143440-9.362um.tifxyz,transformed,True,0.999883,1.00012
PHerc0500P2,PHerc0500P2/segments/20250611153347-z_dbg_gen_00105_inp_hr,2.215um-0.4m-111keV-volume-20250526151718.zarr,PHerc0500P2/segments/20250611153347-z_dbg_gen_00105_inp_hr/surface-volumes/2.215um-0.4m-111keV-volume-20250526151718.zarr,"8660,18480","118,18480,8660",0,PHerc0500P2/segments/20250611153347-z_dbg_gen_00105_inp_hr/mesh/20250611153347-on-20250526151718-2.215um.tifxyz,transformed,True,0.999973,1.00003
PHerc0500P2,PHerc0500P2/segments/20250611153347-z_dbg_gen_00105_inp_hr,9.362um-1.2m-113keV-volume-20250820143440.zarr,PHerc0500P2/segments/20250611153347-z_dbg_gen_00105_inp_hr/surface-volumes/9.362um-1.2m-113keV-volume-20250820143440.zarr,"2060,4380","28,4380,2060",0,PHerc0500P2/segments/20250611153347-z_dbg_gen_00105_inp_hr/mesh/20250611153347-on-20250820143440-9.362um.tifxyz,transformed,True,0.999886,1.00011
PHerc0500P2,PHerc0500P2/segments/20250611154256-z_dbg_gen_00354_inp_hr,2.215um-0.4m-111keV-volume-20250526151718.zarr,PHerc0500P2/segments/20250611154256-z_dbg_gen_00354_inp_hr/surface-volumes/2.215um-0.4m-111keV-volume-20250526151718.zarr,"15000,22540","118,22540,15000",0,PHerc0500P2/segments/20250611154256-z_dbg_gen_00354_inp_hr/mesh/20250611154256-on-20250526151718-2.215um.tifxyz,transformed,True,0.999978,1.00002
PHerc0500P2,PHerc0500P2/segments/20250611154256-z_dbg_gen_00354_inp_hr,9.362um-1.2m-113keV-volume-20250820143440.zarr,PHerc0500P2/segments/20250611154256-z_dbg_gen_00354_inp_hr/surface-volumes/9.362um-1.2m-113keV-volume-20250820143440.zarr,"3560,5360","28,5360,3560",0,PHerc0500P2/segments/20250611154256-z_dbg_gen_00354_inp_hr/mesh/20250611154256-on-20250820143440-9.362um.tifxyz,transformed,True,0.999907,1.00009
PHerc0500P2,PHerc0500P2/segments/20250611161023-z_dbg_gen_00205_inp_hr,2.215um-0.4m-111keV-volume-20250526151718.zarr,PHerc0500P2/segments/20250611161023-z_dbg_gen_00205_inp_hr/surface-volumes/2.215um-0.4m-111keV-volume-20250526151718.zarr,"6400,21800","118,21800,6400",0,PHerc0500P2/segments/20250611161023-z_dbg_gen_00205_inp_hr/mesh/20250611161023-on-20250526151718-2.215um.tifxyz,transformed,True,0.999977,1.00002
PHerc0500P2,PHerc0500P2/segments/20250611161023-z_dbg_gen_00205_inp_hr,9.362um-1.2m-113keV-volume-20250820143440.zarr,PHerc0500P2/segments/20250611161023-z_dbg_gen_00205_inp_hr/surface-volumes/9.362um-1.2m-113keV-volume-20250820143440.zarr,"1520,5180","28,5180,1520",0,PHerc0500P2/segments/20250611161023-z_dbg_gen_00205_inp_hr/mesh/20250611161023-on-20250820143440-9.362um.tifxyz,transformed,True,0.999903,1.0001
PHerc0500P2,PHerc0500P2/segments/20250611161415-z_dbg_gen_00411_inp_hr,2.215um-0.4m-111keV-volume-20250526151718.zarr,PHerc0500P2/segments/20250611161415-z_dbg_gen_00411_inp_hr/surface-volumes/2.215um-0.4m-111keV-volume-20250526151718.zarr,"12440,20100","118,20100,12440",0,PHerc0500P2/segments/20250611161415-z_dbg_gen_00411_inp_hr/mesh/20250611161415-on-20250526151718-2.215um.tifxyz,transformed,True,0.999975,1.00002
PHerc0500P2,PHerc0500P2/segments/20250611161415-z_dbg_gen_00411_inp_hr,9.362um-1.2m-113keV-volume-20250820143440.zarr,PHerc0500P2/segments/20250611161415-z_dbg_gen_00411_inp_hr/surface-volumes/9.362um-1.2m-113keV-volume-20250820143440.zarr,"2960,4780","28,4780,2960",0,PHerc0500P2/segments/20250611161415-z_dbg_gen_00411_inp_hr/mesh/20250611161415-on-20250820143440-9.362um.tifxyz,transformed,True,0.999895,1.0001
PHerc0500P2,PHerc0500P2/segments/20250611170257-z_dbg_gen_00308_inp_hr,2.215um-0.4m-111keV-volume-20250526151718.zarr,PHerc0500P2/segments/20250611170257-z_dbg_gen_00308_inp_hr/surface-volumes/2.215um-0.4m-111keV-volume-20250526151718.zarr,"25800,34720","118,34720,25800",0,PHerc0500P2/segments/20250611170257-z_dbg_gen_00308_inp_hr/mesh/20250611170257-on-20250526151718-2.215um.tifxyz,transformed,True,0.999986,1.00001
PHerc0500P2,PHerc0500P2/segments/20250611170257-z_dbg_gen_00308_inp_hr,9.362um-1.2m-113keV-volume-20250820143440.zarr,PHerc0500P2/segments/20250611170257-z_dbg_gen_00308_inp_hr/surface-volumes/9.362um-1.2m-113keV-volume-20250820143440.zarr,"6120,8240","28,8240,6120",0,PHerc0500P2/segments/20250611170257-z_dbg_gen_00308_inp_hr/mesh/20250611170257-on-20250820143440-9.362um.tifxyz,transformed,True,0.999939,1.00006
PHerc0500P2,PHerc0500P2/segments/20250611171318-z_dbg_gen_00440_inp_hr,2.215um-0.4m-111keV-volume-20250526151718.zarr,PHerc0500P2/segments/20250611171318-z_dbg_gen_00440_inp_hr/surface-volumes/2.215um-0.4m-111keV-volume-20250526151718.zarr,"11340,14100","118,14100,11340",0,PHerc0500P2/segments/20250611171318-z_dbg_gen_00440_inp_hr/mesh/20250611171318-on-20250526151718-2.215um.tifxyz,transformed,True,0.999965,1.00004
PHerc0500P2,PHerc0500P2/segments/20250611171318-z_dbg_gen_00440_inp_hr,9.362um-1.2m-113keV-volume-20250820143440.zarr,PHerc0500P2/segments/20250611171318-z_dbg_gen_00440_inp_hr/surface-volumes/9.362um-1.2m-113keV-volume-20250820143440.zarr,"2700,3340","28,3340,2700",0,PHerc0500P2/segments/20250611171318-z_dbg_gen_00440_inp_hr/mesh/20250611171318-on-20250820143440-9.362um.tifxyz,transformed,True,0.99985,1.00015
PHerc0500P2,PHerc0500P2/segments/20250611171745-z_dbg_gen_00225_inp_hr,2.215um-0.4m-111keV-volume-20250526151718.zarr,PHerc0500P2/segments/20250611171745-z_dbg_gen_00225_inp_hr/surface-volumes/2.215um-0.4m-111keV-volume-20250526151718.zarr,"8260,19740","118,19740,8260",0,PHerc0500P2/segments/20250611171745-z_dbg_gen_00225_inp_hr/mesh/20250611171745-on-20250526151718-2.215um.tifxyz,transformed,True,0.999975,1.00003
PHerc0500P2,PHerc0500P2/segments/20250611171745-z_dbg_gen_00225_inp_hr,9.362um-1.2m-113keV-volume-20250820143440.zarr,PHerc0500P2/segments/20250611171745-z_dbg_gen_00225_inp_hr/surface-volumes/9.362um-1.2m-113keV-volume-20250820143440.zarr,"1960,4680","28,4680,1960",0,PHerc0500P2/segments/20250611171745-z_dbg_gen_00225_inp_hr/mesh/20250611171745-on-20250820143440-9.362um.tifxyz,transformed,True,0.999893,1.00011
PHerc0500P2,PHerc0500P2/segments/20250611172135-z_dbg_gen_00346_inp_hr,2.215um-0.4m-111keV-volume-20250526151718.zarr,PHerc0500P2/segments/20250611172135-z_dbg_gen_00346_inp_hr/surface-volumes/2.215um-0.4m-111keV-volume-20250526151718.zarr,"12820,21640","118,21640,12820",0,PHerc0500P2/segments/20250611172135-z_dbg_gen_00346_inp_hr/mesh/20250611172135-on-20250526151718-2.215um.tifxyz,transformed,True,0.999977,1.00002
PHerc0500P2,PHerc0500P2/segments/20250611172135-z_dbg_gen_00346_inp_hr,9.362um-1.2m-113keV-volume-20250820143440.zarr,PHerc0500P2/segments/20250611172135-z_dbg_gen_00346_inp_hr/surface-volumes/9.362um-1.2m-113keV-volume-20250820143440.zarr,"3040,5140","28,5140,3040",0,PHerc0500P2/segments/20250611172135-z_dbg_gen_00346_inp_hr/mesh/20250611172135-on-20250820143440-9.362um.tifxyz,transformed,True,0.999903,1.0001
PHerc0500P2,PHerc0500P2/segments/20250611173014-z_dbg_gen_00506_inp_hr,2.215um-0.4m-111keV-volume-20250526151718.zarr,PHerc0500P2/segments/20250611173014-z_dbg_gen_00506_inp_hr/surface-volumes/2.215um-0.4m-111keV-volume-20250526151718.zarr,"18900,24060","118,24060,18900",0,PHerc0500P2/segments/20250611173014-z_dbg_gen_00506_inp_hr/mesh/20250611173014-on-20250526151718-2.215um.tifxyz,transformed,True,0.999979,1.00002
PHerc0500P2,PHerc0500P2/segments/20250611173014-z_dbg_gen_00506_inp_hr,9.362um-1.2m-113keV-volume-20250820143440.zarr,PHerc0500P2/segments/20250611173014-z_dbg_gen_00506_inp_hr/surface-volumes/9.362um-1.2m-113keV-volume-20250820143440.zarr,"4500,5720","28,5720,4500",0,PHerc0500P2/segments/20250611173014-z_dbg_gen_00506_inp_hr/mesh/20250611173014-on-20250820143440-9.362um.tifxyz,transformed,True,0.999913,1.00009
PHerc0500P2,PHerc0500P2/segments/20250628074500-500P2_front,2.215um-0.4m-111keV-volume-20250526151718.zarr,PHerc0500P2/segments/20250628074500-500P2_front/surface-volumes/2.215um-0.4m-111keV-volume-20250526151718.zarr,"15060,26440","118,26440,15060",0,PHerc0500P2/segments/20250628074500-500P2_front/mesh/20250628074500-on-20250526151718-2.215um.tifxyz,transformed,True,0.999981,1.00002
PHerc0500P2,PHerc0500P2/segments/20250716055227-z_dbg_gen_00260_inp_hr,9.362um-1.2m-113keV-volume-20250820143440.zarr,PHerc0500P2/segments/20250716055227-z_dbg_gen_00260_inp_hr/surface-volumes/9.362um-1.2m-113keV-volume-20250820143440.zarr,"1760,2660","28,2660,1760",0,PHerc0500P2/segments/20250716055227-z_dbg_gen_00260_inp_hr/mesh/20250716055227-on-20250820143440-9.362um.tifxyz,transformed,True,0.999812,1.00019
PHerc0500P2,PHerc0500P2/segments/20250716055228-z_dbg_gen_00333_inp_hr,2.215um-0.4m-111keV-volume-20250526151718.zarr,PHerc0500P2/segments/20250716055228-z_dbg_gen_00333_inp_hr/surface-volumes/2.215um-0.4m-111keV-volume-20250526151718.zarr,"9320,11600","118,11600,9320",0,PHerc0500P2/segments/20250716055228-z_dbg_gen_00333_inp_hr/mesh/20250716055228-on-20250526151718-2.215um.tifxyz,transformed,True,0.999957,1.00004
PHerc0500P2,PHerc0500P2/segments/20250716055228-z_dbg_gen_00333_inp_hr,9.362um-1.2m-113keV-volume-20250820143440.zarr,PHerc0500P2/segments/20250716055228-z_dbg_gen_00333_inp_hr/surface-volumes/9.362um-1.2m-113keV-volume-20250820143440.zarr,"2220,2760","28,2760,2220",0,PHerc0500P2/segments/20250716055228-z_dbg_gen_00333_inp_hr/mesh/20250716055228-on-20250820143440-9.362um.tifxyz,transformed,True,0.999819,1.00018
PHerc0500P2,PHerc0500P2/segments/20250716055229-z_dbg_gen_00371_inp_hr,2.215um-0.4m-111keV-volume-20250526151718.zarr,PHerc0500P2/segments/20250716055229-z_dbg_gen_00371_inp_hr/surface-volumes/2.215um-0.4m-111keV-volume-20250526151718.zarr,"7880,21560","118,21560,7880",0,PHerc0500P2/segments/20250716055229-z_dbg_gen_00371_inp_hr/mesh/20250716055229-on-20250526151718-2.215um.tifxyz,transformed,True,0.999977,1.00002
PHerc0500P2,PHerc0500P2/segments/20250716055229-z_dbg_gen_00371_inp_hr,9.362um-1.2m-113keV-volume-20250820143440.zarr,PHerc0500P2/segments/20250716055229-z_dbg_gen_00371_inp_hr/surface-volumes/9.362um-1.2m-113keV-volume-20250820143440.zarr,"1880,5120","28,5120,1880",0,PHerc0500P2/segments/20250716055229-z_dbg_gen_00371_inp_hr/mesh/20250716055229-on-20250820143440-9.362um.tifxyz,transformed,True,0.999902,1.0001
PHerc0500P2,PHerc0500P2/segments/20250716055230-z_dbg_gen_00377_inp_hr,2.215um-0.4m-111keV-volume-20250526151718.zarr,PHerc0500P2/segments/20250716055230-z_dbg_gen_00377_inp_hr/surface-volumes/2.215um-0.4m-111keV-volume-20250526151718.zarr,"14060,21720","118,21720,14060",0,PHerc0500P2/segments/20250716055230-z_dbg_gen_00377_inp_hr/mesh/20250716055230-on-20250526151718-2.215um.tifxyz,transformed,True,0.999977,1.00002
PHerc0500P2,PHerc0500P2/segments/20250716055230-z_dbg_gen_00377_inp_hr,9.362um-1.2m-113keV-volume-20250820143440.zarr,PHerc0500P2/segments/20250716055230-z_dbg_gen_00377_inp_hr/surface-volumes/9.362um-1.2m-113keV-volume-20250820143440.zarr,"3340,5160","28,5160,3340",0,PHerc0500P2/segments/20250716055230-z_dbg_gen_00377_inp_hr/mesh/20250716055230-on-20250820143440-9.362um.tifxyz,transformed,True,0.999903,1.0001
PHerc0500P2,PHerc0500P2/segments/20250716055231-z_dbg_gen_00473_inp_hr,2.215um-0.4m-111keV-volume-20250526151718.zarr,PHerc0500P2/segments/20250716055231-z_dbg_gen_00473_inp_hr/surface-volumes/2.215um-0.4m-111keV-volume-20250526151718.zarr,"13940,22540","118,22540,13940",0,PHerc0500P2/segments/20250716055231-z_dbg_gen_00473_inp_hr/mesh/20250716055231-on-20250526151718-2.215um.tifxyz,transformed,True,0.999978,1.00002
PHerc0500P2,PHerc0500P2/segments/20250716055231-z_dbg_gen_00473_inp_hr,9.362um-1.2m-113keV-volume-20250820143440.zarr,PHerc0500P2/segments/20250716055231-z_dbg_gen_00473_inp_hr/surface-volumes/9.362um-1.2m-113keV-volume-20250820143440.zarr,"3320,5360","28,5360,3320",0,PHerc0500P2/segments/20250716055231-z_dbg_gen_00473_inp_hr/mesh/20250716055231-on-20250820143440-9.362um.tifxyz,transformed,True,0.999907,1.00009
PHerc0500P2,PHerc0500P2/segments/20250716055232-z_dbg_gen_00505_inp_hr,2.215um-0.4m-111keV-volume-20250526151718.zarr,PHerc0500P2/segments/20250716055232-z_dbg_gen_00505_inp_hr/surface-volumes/2.215um-0.4m-111keV-volume-20250526151718.zarr,"14620,21180","118,21180,14620",0,PHerc0500P2/segments/20250716055232-z_dbg_gen_00505_inp_hr/mesh/20250716055232-on-20250526151718-2.215um.tifxyz,transformed,True,0.999976,1.00002
PHerc0500P2,PHerc0500P2/segments/20250716055232-z_dbg_gen_00505_inp_hr,9.362um-1.2m-113keV-volume-20250820143440.zarr,PHerc0500P2/segments/20250716055232-z_dbg_gen_00505_inp_hr/surface-volumes/9.362um-1.2m-113keV-volume-20250820143440.zarr,"3480,5020","28,5020,3480",0,PHerc0500P2/segments/20250716055232-z_dbg_gen_00505_inp_hr/mesh/20250716055232-on-20250820143440-9.362um.tifxyz,transformed,True,0.9999,1.0001
PHerc0500P2,PHerc0500P2/segments/20250716055233-z_dbg_gen_00565_inp_hr,2.215um-0.4m-111keV-volume-20250526151718.zarr,PHerc0500P2/segments/20250716055233-z_dbg_gen_00565_inp_hr/surface-volumes/2.215um-0.4m-111keV-volume-20250526151718.zarr,"15460,18720","118,18720,15460",0,PHerc0500P2/segments/20250716055233-z_dbg_gen_00565_inp_hr/mesh/20250716055233-on-20250526151718-2.215um.tifxyz,transformed,True,0.999973,1.00003
PHerc0500P2,PHerc0500P2/segments/20250716055233-z_dbg_gen_00565_inp_hr,9.362um-1.2m-113keV-volume-20250820143440.zarr,PHerc0500P2/segments/20250716055233-z_dbg_gen_00565_inp_hr/surface-volumes/9.362um-1.2m-113keV-volume-20250820143440.zarr,"3680,4440","28,4440,3680",0,PHerc0500P2/segments/20250716055233-z_dbg_gen_00565_inp_hr/mesh/20250716055233-on-20250820143440-9.362um.tifxyz,transformed,True,0.999887,1.00011
PHerc0500P2,PHerc0500P2/segments/20250716055234-z_dbg_gen_00709_inp_hr,2.215um-0.4m-111keV-volume-20250526151718.zarr,PHerc0500P2/segments/20250716055234-z_dbg_gen_00709_inp_hr/surface-volumes/2.215um-0.4m-111keV-volume-20250526151718.zarr,"9620,15760","118,15760,9620",0,PHerc0500P2/segments/20250716055234-z_dbg_gen_00709_inp_hr/mesh/20250716055234-on-20250526151718-2.215um.tifxyz,transformed,True,0.999968,1.00003
PHerc0500P2,PHerc0500P2/segments/20250716055234-z_dbg_gen_00709_inp_hr,9.362um-1.2m-113keV-volume-20250820143440.zarr,PHerc0500P2/segments/20250716055234-z_dbg_gen_00709_inp_hr/surface-volumes/9.362um-1.2m-113keV-volume-20250820143440.zarr,"2280,3740","28,3740,2280",0,PHerc0500P2/segments/20250716055234-z_dbg_gen_00709_inp_hr/mesh/20250716055234-on-20250820143440-9.362um.tifxyz,transformed,True,0.999866,1.00013
PHerc0500P2,PHerc0500P2/segments/20250716055235-z_dbg_gen_00779_inp_hr,2.215um-0.4m-111keV-volume-20250526151718.zarr,PHerc0500P2/segments/20250716055235-z_dbg_gen_00779_inp_hr/surface-volumes/2.215um-0.4m-111keV-volume-20250526151718.zarr,"24680,23700","118,23700,24680",0,PHerc0500P2/segments/20250716055235-z_dbg_gen_00779_inp_hr/mesh/20250716055235-on-20250526151718-2.215um.tifxyz,transformed,True,0.99998,1.00002
PHerc0500P2,PHerc0500P2/segments/20250716055235-z_dbg_gen_00779_inp_hr,9.362um-1.2m-113keV-volume-20250820143440.zarr,PHerc0500P2/segments/20250716055235-z_dbg_gen_00779_inp_hr/surface-volumes/9.362um-1.2m-113keV-volume-20250820143440.zarr,"5860,5640","28,5640,5860",0,PHerc0500P2/segments/20250716055235-z_dbg_gen_00779_inp_hr/mesh/20250716055235-on-20250820143440-9.362um.tifxyz,transformed,True,0.999915,1.00009
PHerc0500P2,PHerc0500P2/segments/20250716055236-z_dbg_gen_00356_inp_hr,9.362um-1.2m-113keV-volume-20250820143440.zarr,PHerc0500P2/segments/20250716055236-z_dbg_gen_00356_inp_hr/surface-volumes/9.362um-1.2m-113keV-volume-20250820143440.zarr,"3140,5380","28,5380,3140",0,PHerc0500P2/segments/20250716055236-z_dbg_gen_00356_inp_hr/mesh/20250716055236-on-20250820143440-9.362um.tifxyz,transformed,True,0.999907,1.00009
PHerc0500P2,PHerc0500P2/segments/20250825181859--1,2.215um-0.4m-111keV-volume-20250526151718.zarr,PHerc0500P2/segments/20250825181859--1/surface-volumes/2.215um-0.4m-111keV-volume-20250526151718.zarr,"13880,24760","118,24760,13880",0,PHerc0500P2/segments/20250825181859--1/mesh/20250825181859-on-20250526151718-2.215um.tifxyz,transformed,True,0.99998,1.00002
PHerc0500P2,PHerc0500P2/segments/20250825181859--1,9.362um-1.2m-113keV-volume-20250820143440.zarr,PHerc0500P2/segments/20250825181859--1/surface-volumes/9.362um-1.2m-113keV-volume-20250820143440.zarr,"3300,5880","28,5880,3300",0,PHerc0500P2/segments/20250825181859--1/mesh/20250825181859-on-20250820143440-9.362um.tifxyz,transformed,True,0.999915,1.00009
PHerc0500P2,PHerc0500P2/segments/20250825181907-0,2.215um-0.4m-111keV-volume-20250526151718.zarr,PHerc0500P2/segments/20250825181907-0/surface-volumes/2.215um-0.4m-111keV-volume-20250526151718.zarr,"14120,24680","118,24680,14120",0,PHerc0500P2/segments/20250825181907-0/mesh/20250825181907-on-20250526151718-2.215um.tifxyz,transformed,True,0.99998,1.00002
PHerc0500P2,PHerc0500P2/segments/20250825181907-0,9.362um-1.2m-113keV-volume-20250820143440.zarr,PHerc0500P2/segments/20250825181907-0/surface-volumes/9.362um-1.2m-113keV-volume-20250820143440.zarr,"3360,5860","28,5860,3360",0,PHerc0500P2/segments/20250825181907-0/mesh/20250825181907-on-20250820143440-9.362um.tifxyz,transformed,True,0.999915,1.00009
PHerc0500P2,PHerc0500P2/segments/20250825181917--2,2.215um-0.4m-111keV-volume-20250526151718.zarr,PHerc0500P2/segments/20250825181917--2/surface-volumes/2.215um-0.4m-111keV-volume-20250526151718.zarr,"13640,23280","118,23280,13640",0,PHerc0500P2/segments/20250825181917--2/mesh/20250825181917-on-20250526151718-2.215um.tifxyz,transformed,True,0.999979,1.00002
PHerc0500P2,PHerc0500P2/segments/20250825181917--2,9.362um-1.2m-113keV-volume-20250820143440.zarr,PHerc0500P2/segments/20250825181917--2/surface-volumes/9.362um-1.2m-113keV-volume-20250820143440.zarr,"3240,5520","28,5520,3240",0,PHerc0500P2/segments/20250825181917--2/mesh/20250825181917-on-20250820143440-9.362um.tifxyz,transformed,True,0.999909,1.00009
PHerc0500P2,PHerc0500P2/segments/20250825181922-1,2.215um-0.4m-111keV-volume-20250526151718.zarr,PHerc0500P2/segments/20250825181922-1/surface-volumes/2.215um-0.4m-111keV-volume-20250526151718.zarr,"14260,24840","118,24840,14260",0,PHerc0500P2/segments/20250825181922-1/mesh/20250825181922-on-20250526151718-2.215um.tifxyz,transformed,True,0.99998,1.00002
PHerc0500P2,PHerc0500P2/segments/20250825181922-1,9.362um-1.2m-113keV-volume-20250820143440.zarr,PHerc0500P2/segments/20250825181922-1/surface-volumes/9.362um-1.2m-113keV-volume-20250820143440.zarr,"3380,5900","28,5900,3380",0,PHerc0500P2/segments/20250825181922-1/mesh/20250825181922-on-20250820143440-9.362um.tifxyz,transformed,True,0.999915,1.00008
PHerc0500P2,PHerc0500P2/segments/20250825181928-2,2.215um-0.4m-111keV-volume-20250526151718.zarr,PHerc0500P2/segments/20250825181928-2/surface-volumes/2.215um-0.4m-111keV-volume-20250526151718.zarr,"12940,23200","118,23200,12940",0,PHerc0500P2/segments/20250825181928-2/mesh/20250825181928-on-20250526151718-2.215um.tifxyz,transformed,True,0.999978,1.00002
PHerc0500P2,PHerc0500P2/segments/20250825181928-2,9.362um-1.2m-113keV-volume-20250820143440.zarr,PHerc0500P2/segments/20250825181928-2/surface-volumes/9.362um-1.2m-113keV-volume-20250820143440.zarr,"3080,5500","28,5500,3080",0,PHerc0500P2/segments/20250825181928-2/mesh/20250825181928-on-20250820143440-9.362um.tifxyz,transformed,True,0.999909,1.00009
PHerc0500P2,PHerc0500P2/segments/20250825181934-3,2.215um-0.4m-111keV-volume-20250526151718.zarr,PHerc0500P2/segments/20250825181934-3/surface-volumes/2.215um-0.4m-111keV-volume-20250526151718.zarr,"12860,23440","118,23440,12860",0,PHerc0500P2/segments/20250825181934-3/mesh/20250825181934-on-20250526151718-2.215um.tifxyz,transformed,True,0.999979,1.00002
PHerc0500P2,PHerc0500P2/segments/20250825181934-3,9.362um-1.2m-113keV-volume-20250820143440.zarr,PHerc0500P2/segments/20250825181934-3/surface-volumes/9.362um-1.2m-113keV-volume-20250820143440.zarr,"3060,5560","28,5560,3060",0,PHerc0500P2/segments/20250825181934-3/mesh/20250825181934-on-20250820143440-9.362um.tifxyz,transformed,True,0.99991,1.00009
PHerc0500P2,PHerc0500P2/segments/20250825181939-4,2.215um-0.4m-111keV-volume-20250526151718.zarr,PHerc0500P2/segments/20250825181939-4/surface-volumes/2.215um-0.4m-111keV-volume-20250526151718.zarr,"13020,23040","118,23040,13020",0,PHerc0500P2/segments/20250825181939-4/mesh/20250825181939-on-20250526151718-2.215um.tifxyz,transformed,True,0.999978,1.00002
PHerc0500P2,PHerc0500P2/segments/20250825181939-4,9.362um-1.2m-113keV-volume-20250820143440.zarr,PHerc0500P2/segments/20250825181939-4/surface-volumes/9.362um-1.2m-113keV-volume-20250820143440.zarr,"3100,5480","28,5480,3100",0,PHerc0500P2/segments/20250825181939-4/mesh/20250825181939-on-20250820143440-9.362um.tifxyz,transformed,True,0.999909,1.00009
PHerc0500P2,PHerc0500P2/segments/20250919184428-0500P2-wrap01_0919,2.215um-0.4m-111keV-volume-20250526151718.zarr,PHerc0500P2/segments/20250919184428-0500P2-wrap01_0919/surface-volumes/2.215um-0.4m-111keV-volume-20250526151718.zarr,"1400,1160","118,1160,1400",0,PHerc0500P2/segments/20250919184428-0500P2-wrap01_0919/mesh/20250919184428-on-20250526151718-2.215um.tifxyz,transformed,True,0.999643,1.00036
PHerc0500P2,PHerc0500P2/segments/20250919184428-0500P2-wrap01_0919,9.362um-1.2m-113keV-volume-20250820143440.zarr,PHerc0500P2/segments/20250919184428-0500P2-wrap01_0919/surface-volumes/9.362um-1.2m-113keV-volume-20250820143440.zarr,"340,280","28,280,340",0,PHerc0500P2/segments/20250919184428-0500P2-wrap01_0919/mesh/20250919184428-on-20250820143440-9.362um.tifxyz,transformed,True,0.998529,1.00147
PHerc0500P2,PHerc0500P2/segments/20250919184429-0500P2-wrap02_0919,2.215um-0.4m-111keV-volume-20250526151718.zarr,PHerc0500P2/segments/20250919184429-0500P2-wrap02_0919/surface-volumes/2.215um-0.4m-111keV-volume-20250526151718.zarr,"2340,1720","118,1720,2340",0,PHerc0500P2/segments/20250919184429-0500P2-wrap02_0919/mesh/20250919184429-on-20250526151718-2.215um.tifxyz,transformed,True,0.999786,1.00021
PHerc0500P2,PHerc0500P2/segments/20250919184429-0500P2-wrap02_0919,9.362um-1.2m-113keV-volume-20250820143440.zarr,PHerc0500P2/segments/20250919184429-0500P2-wrap02_0919/surface-volumes/9.362um-1.2m-113keV-volume-20250820143440.zarr,"560,400","28,400,560",0,PHerc0500P2/segments/20250919184429-0500P2-wrap02_0919/mesh/20250919184429-on-20250820143440-9.362um.tifxyz,transformed,True,0.999107,1.00089
PHerc0500P2,PHerc0500P2/segments/20250919184430-0500P2-wrap03_0919,2.215um-0.4m-111keV-volume-20250526151718.zarr,PHerc0500P2/segments/20250919184430-0500P2-wrap03_0919/surface-volumes/2.215um-0.4m-111keV-volume-20250526151718.zarr,"3280,2340","118,2340,3280",0,PHerc0500P2/segments/20250919184430-0500P2-wrap03_0919/mesh/20250919184430-on-20250526151718-2.215um.tifxyz,transformed,True,0.999848,1.00015
PHerc0500P2,PHerc0500P2/segments/20250919184430-0500P2-wrap03_0919,9.362um-1.2m-113keV-volume-20250820143440.zarr,PHerc0500P2/segments/20250919184430-0500P2-wrap03_0919/surface-volumes/9.362um-1.2m-113keV-volume-20250820143440.zarr,"780,560","28,560,780",0,PHerc0500P2/segments/20250919184430-0500P2-wrap03_0919/mesh/20250919184430-on-20250820143440-9.362um.tifxyz,transformed,True,0.999359,1.00064
PHerc0500P2,PHerc0500P2/segments/20250919184431-0500P2-wrap04_0919,2.215um-0.4m-111keV-volume-20250526151718.zarr,PHerc0500P2/segments/20250919184431-0500P2-wrap04_0919/surface-volumes/2.215um-0.4m-111keV-volume-20250526151718.zarr,"4020,5480","118,5480,4020",0,PHerc0500P2/segments/20250919184431-0500P2-wrap04_0919/mesh/20250919184431-on-20250526151718-2.215um.tifxyz,transformed,True,0.999909,1.00009
PHerc0500P2,PHerc0500P2/segments/20250919184431-0500P2-wrap04_0919,9.362um-1.2m-113keV-volume-20250820143440.zarr,PHerc0500P2/segments/20250919184431-0500P2-wrap04_0919/surface-volumes/9.362um-1.2m-113keV-volume-20250820143440.zarr,"960,1300","28,1300,960",0,PHerc0500P2/segments/20250919184431-0500P2-wrap04_0919/mesh/20250919184431-on-20250820143440-9.362um.tifxyz,transformed,True,0.999615,1.00038
PHerc0500P2,PHerc0500P2/segments/20250919184432-0500P2-wrap05_0919,2.215um-0.4m-111keV-volume-20250526151718.zarr,PHerc0500P2/segments/20250919184432-0500P2-wrap05_0919/surface-volumes/2.215um-0.4m-111keV-volume-20250526151718.zarr,"4760,4160","118,4160,4760",0,PHerc0500P2/segments/20250919184432-0500P2-wrap05_0919/mesh/20250919184432-on-20250526151718-2.215um.tifxyz,transformed,True,0.999895,1.00011
PHerc0500P2,PHerc0500P2/segments/20250919184432-0500P2-wrap05_0919,9.362um-1.2m-113keV-volume-20250820143440.zarr,PHerc0500P2/segments/20250919184432-0500P2-wrap05_0919/surface-volumes/9.362um-1.2m-113keV-volume-20250820143440.zarr,"1140,980","28,980,1140",0,PHerc0500P2/segments/20250919184432-0500P2-wrap05_0919/mesh/20250919184432-on-20250820143440-9.362um.tifxyz,transformed,True,0.999561,1.00044
PHerc0500P2,PHerc0500P2/segments/20250919184433-0500P2-wrap06_0919,9.362um-1.2m-113keV-volume-20250820143440.zarr,PHerc0500P2/segments/20250919184433-0500P2-wrap06_0919/surface-volumes/9.362um-1.2m-113keV-volume-20250820143440.zarr,"920,940","28,940,920",0,PHerc0500P2/segments/20250919184433-0500P2-wrap06_0919/mesh/20250919184433-on-20250820143440-9.362um.tifxyz,transformed,True,0.999468,1.00053
PHerc0500P2,PHerc0500P2/segments/20250919184434-0500P2-wrap07_0919,2.215um-0.4m-111keV-volume-20250526151718.zarr,PHerc0500P2/segments/20250919184434-0500P2-wrap07_0919/surface-volumes/2.215um-0.4m-111keV-volume-20250526151718.zarr,"3700,4160","118,4160,3700",0,PHerc0500P2/segments/20250919184434-0500P2-wrap07_0919/mesh/20250919184434-on-20250526151718-2.215um.tifxyz,transformed,True,0.99988,1.00012
PHerc0500P2,PHerc0500P2/segments/20250919184434-0500P2-wrap07_0919,9.362um-1.2m-113keV-volume-20250820143440.zarr,PHerc0500P2/segments/20250919184434-0500P2-wrap07_0919/surface-volumes/9.362um-1.2m-113keV-volume-20250820143440.zarr,"880,980","28,980,880",0,PHerc0500P2/segments/20250919184434-0500P2-wrap07_0919/mesh/20250919184434-on-20250820143440-9.362um.tifxyz,transformed,True,0.99949,1.00051
PHerc0500P2,PHerc0500P2/segments/20250919184435-0500P2-wrap08_0919,2.215um-0.4m-111keV-volume-20250526151718.zarr,PHerc0500P2/segments/20250919184435-0500P2-wrap08_0919/surface-volumes/2.215um-0.4m-111keV-volume-20250526151718.zarr,"3900,4080","118,4080,3900",0,PHerc0500P2/segments/20250919184435-0500P2-wrap08_0919/mesh/20250919184435-on-20250526151718-2.215um.tifxyz,transformed,True,0.999877,1.00012
PHerc0500P2,PHerc0500P2/segments/20250919184435-0500P2-wrap08_0919,9.362um-1.2m-113keV-volume-20250820143440.zarr,PHerc0500P2/segments/20250919184435-0500P2-wrap08_0919/surface-volumes/9.362um-1.2m-113keV-volume-20250820143440.zarr,"920,960","28,960,920",0,PHerc0500P2/segments/20250919184435-0500P2-wrap08_0919/mesh/20250919184435-on-20250820143440-9.362um.tifxyz,transformed,True,0.999479,1.00052
PHerc0500P2,PHerc0500P2/segments/20250919184436-0500P2-wrap09_0919,2.215um-0.4m-111keV-volume-20250526151718.zarr,PHerc0500P2/segments/20250919184436-0500P2-wrap09_0919/surface-volumes/2.215um-0.4m-111keV-volume-20250526151718.zarr,"2700,4360","118,4360,2700",0,PHerc0500P2/segments/20250919184436-0500P2-wrap09_0919/mesh/20250919184436-on-20250526151718-2.215um.tifxyz,transformed,True,0.999885,1.00011
PHerc0500P2,PHerc0500P2/segments/20250920020222-0500P2-wrap10_0919,2.215um-0.4m-111keV-volume-20250526151718.zarr,PHerc0500P2/segments/20250920020222-0500P2-wrap10_0919/surface-volumes/2.215um-0.4m-111keV-volume-20250526151718.zarr,"2680,4080","118,4080,2680",0,PHerc0500P2/segments/20250920020222-0500P2-wrap10_0919/mesh/20250920020222-on-20250526151718-2.215um.tifxyz,transformed,True,0.999877,1.00012
PHerc0500P2,PHerc0500P2/segments/20250920020222-0500P2-wrap10_0919,9.362um-1.2m-113keV-volume-20250820143440.zarr,PHerc0500P2/segments/20250920020222-0500P2-wrap10_0919/surface-volumes/9.362um-1.2m-113keV-volume-20250820143440.zarr,"640,980","28,980,640",0,PHerc0500P2/segments/20250920020222-0500P2-wrap10_0919/mesh/20250920020222-on-20250820143440-9.362um.tifxyz,transformed,True,0.99949,1.00051
PHerc0500P2,PHerc0500P2/segments/20250920020223-0500P2-wrap12_0919,2.215um-0.4m-111keV-volume-20250526151718.zarr,PHerc0500P2/segments/20250920020223-0500P2-wrap12_0919/surface-volumes/2.215um-0.4m-111keV-volume-20250526151718.zarr,"2960,3820","118,3820,2960",0,PHerc0500P2/segments/20250920020223-0500P2-wrap12_0919/mesh/20250920020223-on-20250526151718-2.215um.tifxyz,transformed,True,0.999869,1.00013
PHerc0500P2,PHerc0500P2/segments/20250920020223-0500P2-wrap12_0919,9.362um-1.2m-113keV-volume-20250820143440.zarr,PHerc0500P2/segments/20250920020223-0500P2-wrap12_0919/surface-volumes/9.362um-1.2m-113keV-volume-20250820143440.zarr,"700,900","28,900,700",0,PHerc0500P2/segments/20250920020223-0500P2-wrap12_0919/mesh/20250920020223-on-20250820143440-9.362um.tifxyz,transformed,True,0.999444,1.00056
PHerc0500P2,PHerc0500P2/segments/20250920020224-0500P2-wrap13_0919,2.215um-0.4m-111keV-volume-20250526151718.zarr,PHerc0500P2/segments/20250920020224-0500P2-wrap13_0919/surface-volumes/2.215um-0.4m-111keV-volume-20250526151718.zarr,"2880,3700","118,3700,2880",0,PHerc0500P2/segments/20250920020224-0500P2-wrap13_0919/mesh/20250920020224-on-20250526151718-2.215um.tifxyz,transformed,True,0.999865,1.00014
PHerc0500P2,PHerc0500P2/segments/20250920020224-0500P2-wrap13_0919,9.362um-1.2m-113keV-volume-20250820143440.zarr,PHerc0500P2/segments/20250920020224-0500P2-wrap13_0919/surface-volumes/9.362um-1.2m-113keV-volume-20250820143440.zarr,"680,880","28,880,680",0,PHerc0500P2/segments/20250920020224-0500P2-wrap13_0919/mesh/20250920020224-on-20250820143440-9.362um.tifxyz,transformed,True,0.999432,1.00057
PHerc0500P2,PHerc0500P2/segments/20250922024644-0500P2-wrap11_0919,2.215um-0.4m-111keV-volume-20250526151718.zarr,PHerc0500P2/segments/20250922024644-0500P2-wrap11_0919/surface-volumes/2.215um-0.4m-111keV-volume-20250526151718.zarr,"4360,3000","118,3000,4360",0,PHerc0500P2/segments/20250922024644-0500P2-wrap11_0919/mesh/20250922024644-on-20250526151718-2.215um.tifxyz,transformed,True,0.999885,1.00011
PHerc0500P2,PHerc0500P2/segments/20250922024644-0500P2-wrap11_0919,9.362um-1.2m-113keV-volume-20250820143440.zarr,PHerc0500P2/segments/20250922024644-0500P2-wrap11_0919/surface-volumes/9.362um-1.2m-113keV-volume-20250820143440.zarr,"1040,720","28,720,1040",0,PHerc0500P2/segments/20250922024644-0500P2-wrap11_0919/mesh/20250922024644-on-20250820143440-9.362um.tifxyz,transformed,True,0.999519,1.00048
PHerc0814,PHerc0814/segments/20250925161630-auto_grown_20250925161630635,1.129um-0.22m-59keV-volume-20260521123630-L1.zarr,PHerc0814/segments/20250925161630-auto_grown_20250925161630635/surface-volumes/1.129um-0.22m-59keV-volume-20260521123630-L1.zarr,"78620,21350","116,21350,78620",1,PHerc0814/segments/20250925161630-auto_grown_20250925161630635/mesh/20250925161630-on-20260521123630-1.129um.tifxyz,transformed,True,0.499997,0.500003
PHerc0814,PHerc0814/segments/20250925161630-auto_grown_20250925161630635,1.129um-0.22m-59keV-volume-20260521123630.zarr,PHerc0814/segments/20250925161630-auto_grown_20250925161630635/surface-volumes/1.129um-0.22m-59keV-volume-20260521123630.zarr,"157240,42700","231,42700,157240",0,PHerc0814/segments/20250925161630-auto_grown_20250925161630635/mesh/20250925161630-on-20260521123630-1.129um.tifxyz,transformed,True,0.999997,1
PHerc0814,PHerc0814/segments/20250925161630-auto_grown_20250925161630635,2.399um-0.22m-78keV-volume-20260309142202.zarr,PHerc0814/segments/20250925161630-auto_grown_20250925161630635/surface-volumes/2.399um-0.22m-78keV-volume-20260309142202.zarr,"73920,20080","109,20080,73920",0,PHerc0814/segments/20250925161630-auto_grown_20250925161630635/mesh/20250925161630-on-20260309142202-2.399um.tifxyz,transformed,True,0.999993,1.00001
PHerc0814,PHerc0814/segments/20250925182632-auto_grown_20250925182632715,1.129um-0.22m-59keV-volume-20260521123630-L1.zarr,PHerc0814/segments/20250925182632-auto_grown_20250925182632715/surface-volumes/1.129um-0.22m-59keV-volume-20260521123630-L1.zarr,"89710,19780","116,19780,89710",1,PHerc0814/segments/20250925182632-auto_grown_20250925182632715/mesh/20250925182632-on-20260521123630-1.129um.tifxyz,transformed,True,0.499997,0.500003
PHerc0814,PHerc0814/segments/20250925182632-auto_grown_20250925182632715,1.129um-0.22m-59keV-volume-20260521123630.zarr,PHerc0814/segments/20250925182632-auto_grown_20250925182632715/surface-volumes/1.129um-0.22m-59keV-volume-20260521123630.zarr,"179420,39560","231,39560,179420",0,PHerc0814/segments/20250925182632-auto_grown_20250925182632715/mesh/20250925182632-on-20260521123630-1.129um.tifxyz,transformed,True,0.999997,1
PHerc0814,PHerc0814/segments/20250925182632-auto_grown_20250925182632715,2.399um-0.22m-78keV-volume-20260309142202.zarr,PHerc0814/segments/20250925182632-auto_grown_20250925182632715/surface-volumes/2.399um-0.22m-78keV-volume-20260309142202.zarr,"84340,18600","109,18600,84340",0,PHerc0814/segments/20250925182632-auto_grown_20250925182632715/mesh/20250925182632-on-20260309142202-2.399um.tifxyz,transformed,True,0.999994,1.00001
PHerc0814,PHerc0814/segments/20250925204843-auto_grown_20250925204843950,1.129um-0.22m-59keV-volume-20260521123630-L1.zarr,PHerc0814/segments/20250925204843-auto_grown_20250925204843950/surface-volumes/1.129um-0.22m-59keV-volume-20260521123630-L1.zarr,"131820,19200","116,19200,131820",1,PHerc0814/segments/20250925204843-auto_grown_20250925204843950/mesh/20250925204843-on-20260521123630-1.129um.tifxyz,transformed,True,0.499998,0.500002
PHerc0814,PHerc0814/segments/20250925204843-auto_grown_20250925204843950,2.399um-0.22m-78keV-volume-20260309142202.zarr,PHerc0814/segments/20250925204843-auto_grown_20250925204843950/surface-volumes/2.399um-0.22m-78keV-volume-20260309142202.zarr,"123940,18060","109,18060,123940",0,PHerc0814/segments/20250925204843-auto_grown_20250925204843950/mesh/20250925204843-on-20260309142202-2.399um.tifxyz,transformed,True,0.999996,1
PHerc0814,PHerc0814/segments/20250925212701-auto_grown_20250925212701145,1.129um-0.22m-59keV-volume-20260521123630-L1.zarr,PHerc0814/segments/20250925212701-auto_grown_20250925212701145/surface-volumes/1.129um-0.22m-59keV-volume-20260521123630-L1.zarr,"28550,16880","116,16880,28550",1,PHerc0814/segments/20250925212701-auto_grown_20250925212701145/mesh/20250925212701-on-20260521123630-1.129um.tifxyz,transformed,True,0.499991,0.500009
PHerc0814,PHerc0814/segments/20250925212701-auto_grown_20250925212701145,1.129um-0.22m-59keV-volume-20260521123630.zarr,PHerc0814/segments/20250925212701-auto_grown_20250925212701145/surface-volumes/1.129um-0.22m-59keV-volume-20260521123630.zarr,"57100,33760","231,33760,57100",0,PHerc0814/segments/20250925212701-auto_grown_20250925212701145/mesh/20250925212701-on-20260521123630-1.129um.tifxyz,transformed,True,0.999991,1.00001
PHerc0814,PHerc0814/segments/20250925212701-auto_grown_20250925212701145,2.399um-0.22m-78keV-volume-20260309142202.zarr,PHerc0814/segments/20250925212701-auto_grown_20250925212701145/surface-volumes/2.399um-0.22m-78keV-volume-20260309142202.zarr,"26840,15880","109,15880,26840",0,PHerc0814/segments/20250925212701-auto_grown_20250925212701145/mesh/20250925212701-on-20260309142202-2.399um.tifxyz,transformed,True,0.999981,1.00002
PHerc0814,PHerc0814/segments/20250925222237-auto_grown_20250925222237459,2.399um-0.22m-78keV-volume-20260309142202.zarr,PHerc0814/segments/20250925222237-auto_grown_20250925222237459/surface-volumes/2.399um-0.22m-78keV-volume-20260309142202.zarr,"46300,15260","109,15260,46300",0,PHerc0814/segments/20250925222237-auto_grown_20250925222237459/mesh/20250925222237-on-20260309142202-2.399um.tifxyz,transformed,True,0.999989,1.00001
PHerc0814,PHerc0814/segments/20250926051122-auto_grown_20250926051122829,1.129um-0.22m-59keV-volume-20260521123630-L1.zarr,PHerc0814/segments/20250926051122-auto_grown_20250926051122829/surface-volumes/1.129um-0.22m-59keV-volume-20260521123630-L1.zarr,"214250,22350","116,22350,214250",1,PHerc0814/segments/20250926051122-auto_grown_20250926051122829/mesh/20250926051122-on-20260521123630-1.129um.tifxyz,transformed,True,0.499999,0.500001
PHerc0814,PHerc0814/segments/20250926051122-auto_grown_20250926051122829,2.399um-0.22m-78keV-volume-20260309142202.zarr,PHerc0814/segments/20250926051122-auto_grown_20250926051122829/surface-volumes/2.399um-0.22m-78keV-volume-20260309142202.zarr,"201420,21020","109,21020,201420",0,PHerc0814/segments/20250926051122-auto_grown_20250926051122829/mesh/20250926051122-on-20260309142202-2.399um.tifxyz,transformed,True,0.999998,1
PHerc0814,PHerc0814/segments/20250926165636-auto_trace_20250926165636789,1.129um-0.22m-59keV-volume-20260521123630-L1.zarr,PHerc0814/segments/20250926165636-auto_trace_20250926165636789/surface-volumes/1.129um-0.22m-59keV-volume-20260521123630-L1.zarr,"112630,19940","116,19940,112630",1,PHerc0814/segments/20250926165636-auto_trace_20250926165636789/mesh/20250926165636-on-20260521123630-1.129um.tifxyz,transformed,True,0.499998,0.500002
PHerc0814,PHerc0814/segments/20250926165636-auto_trace_20250926165636789,2.399um-0.22m-78keV-volume-20260309142202.zarr,PHerc0814/segments/20250926165636-auto_trace_20250926165636789/surface-volumes/2.399um-0.22m-78keV-volume-20260309142202.zarr,"105880,18760","109,18760,105880",0,PHerc0814/segments/20250926165636-auto_trace_20250926165636789/mesh/20250926165636-on-20260309142202-2.399um.tifxyz,transformed,True,0.999995,1
PHerc0814,PHerc0814/segments/20250926203608-auto_grown_20250926203608932,1.129um-0.22m-59keV-volume-20260521123630-L1.zarr,PHerc0814/segments/20250926203608-auto_grown_20250926203608932/surface-volumes/1.129um-0.22m-59keV-volume-20260521123630-L1.zarr,"101200,19120","116,19120,101200",1,PHerc0814/segments/20250926203608-auto_grown_20250926203608932/mesh/20250926203608-on-20260521123630-1.129um.tifxyz,transformed,True,0.499998,0.500002
PHerc0814,PHerc0814/segments/20250926203608-auto_grown_20250926203608932,1.129um-0.22m-59keV-volume-20260521123630.zarr,PHerc0814/segments/20250926203608-auto_grown_20250926203608932/surface-volumes/1.129um-0.22m-59keV-volume-20260521123630.zarr,"202400,38240","231,38240,202400",0,PHerc0814/segments/20250926203608-auto_grown_20250926203608932/mesh/20250926203608-on-20260521123630-1.129um.tifxyz,transformed,True,0.999998,1
PHerc0814,PHerc0814/segments/20250926203608-auto_grown_20250926203608932,2.399um-0.22m-78keV-volume-20260309142202.zarr,PHerc0814/segments/20250926203608-auto_grown_20250926203608932/surface-volumes/2.399um-0.22m-78keV-volume-20260309142202.zarr,"95140,17980","109,17980,95140",0,PHerc0814/segments/20250926203608-auto_grown_20250926203608932/mesh/20250926203608-on-20260309142202-2.399um.tifxyz,transformed,True,0.999995,1.00001
PHerc0814,PHerc0814/segments/20250928235953-auto_grown_20250928235953722,1.129um-0.22m-59keV-volume-20260521123630-L1.zarr,PHerc0814/segments/20250928235953-auto_grown_20250928235953722/surface-volumes/1.129um-0.22m-59keV-volume-20260521123630-L1.zarr,"218310,20860","116,20860,218310",1,PHerc0814/segments/20250928235953-auto_grown_20250928235953722/mesh/20250928235953-on-20260521123630-1.129um.tifxyz,transformed,True,0.499999,0.500001
PHerc0814,PHerc0814/segments/20250928235953-auto_grown_20250928235953722,2.399um-0.22m-78keV-volume-20260309142202.zarr,PHerc0814/segments/20250928235953-auto_grown_20250928235953722/surface-volumes/2.399um-0.22m-78keV-volume-20260309142202.zarr,"205240,19620","109,19620,205240",0,PHerc0814/segments/20250928235953-auto_grown_20250928235953722/mesh/20250928235953-on-20260309142202-2.399um.tifxyz,transformed,True,0.999998,1
PHerc0814,PHerc0814/segments/20250928235954-auto_grown_20250928235953722_copy,1.129um-0.22m-59keV-volume-20260521123630-L1.zarr,PHerc0814/segments/20250928235954-auto_grown_20250928235953722_copy/surface-volumes/1.129um-0.22m-59keV-volume-20260521123630-L1.zarr,"3700,2490","116,2490,3700",1,PHerc0814/segments/20250928235954-auto_grown_20250928235953722_copy/mesh/20250928235954-on-20260521123630-1.129um.tifxyz,transformed,True,0.499932,0.500068
PHerc0814,PHerc0814/segments/20250928235954-auto_grown_20250928235953722_copy,9.362um-1.2m-113keV-volume-20250804134230.zarr,PHerc0814/segments/20250928235954-auto_grown_20250928235953722_copy/surface-volumes/9.362um-1.2m-113keV-volume-20250804134230.zarr,"900,600","28,600,900",0,PHerc0814/segments/20250928235954-auto_grown_20250928235953722_copy/mesh/20250928235954-on-20250804134230-9.362um.tifxyz,transformed,True,0.999444,1.00056
PHerc0814,PHerc0814/segments/20250929040153-auto_grown_20250929040153260,1.129um-0.22m-59keV-volume-20260521123630-L1.zarr,PHerc0814/segments/20250929040153-auto_grown_20250929040153260/surface-volumes/1.129um-0.22m-59keV-volume-20260521123630-L1.zarr,"46510,13900","116,13900,46510",1,PHerc0814/segments/20250929040153-auto_grown_20250929040153260/mesh/20250929040153-on-20260521123630-1.129um.tifxyz,transformed,True,0.499995,0.500005
PHerc0814,PHerc0814/segments/20250929040153-auto_grown_20250929040153260,1.129um-0.22m-59keV-volume-20260521123630.zarr,PHerc0814/segments/20250929040153-auto_grown_20250929040153260/surface-volumes/1.129um-0.22m-59keV-volume-20260521123630.zarr,"93020,27800","231,27800,93020",0,PHerc0814/segments/20250929040153-auto_grown_20250929040153260/mesh/20250929040153-on-20260521123630-1.129um.tifxyz,transformed,True,0.999995,1.00001
PHerc0814,PHerc0814/segments/20250929040153-auto_grown_20250929040153260,2.399um-0.22m-78keV-volume-20260309142202.zarr,PHerc0814/segments/20250929040153-auto_grown_20250929040153260/surface-volumes/2.399um-0.22m-78keV-volume-20260309142202.zarr,"43720,13080","109,13080,43720",0,PHerc0814/segments/20250929040153-auto_grown_20250929040153260/mesh/20250929040153-on-20260309142202-2.399um.tifxyz,transformed,True,0.999989,1.00001
PHerc0814,PHerc0814/segments/20250930083742-auto_grown_20250930083742882,1.129um-0.22m-59keV-volume-20260521123630-L1.zarr,PHerc0814/segments/20250930083742-auto_grown_20250930083742882/surface-volumes/1.129um-0.22m-59keV-volume-20260521123630-L1.zarr,"84990,20940","116,20940,84990",1,PHerc0814/segments/20250930083742-auto_grown_20250930083742882/mesh/20250930083742-on-20260521123630-1.129um.tifxyz,transformed,True,0.499997,0.500003
PHerc0814,PHerc0814/segments/20250930083742-auto_grown_20250930083742882,1.129um-0.22m-59keV-volume-20260521123630.zarr,PHerc0814/segments/20250930083742-auto_grown_20250930083742882/surface-volumes/1.129um-0.22m-59keV-volume-20260521123630.zarr,"169980,41880","231,41880,169980",0,PHerc0814/segments/20250930083742-auto_grown_20250930083742882/mesh/20250930083742-on-20260521123630-1.129um.tifxyz,transformed,True,0.999997,1
PHerc0814,PHerc0814/segments/20250930083742-auto_grown_20250930083742882,2.399um-0.22m-78keV-volume-20260309142202.zarr,PHerc0814/segments/20250930083742-auto_grown_20250930083742882/surface-volumes/2.399um-0.22m-78keV-volume-20260309142202.zarr,"79900,19680","109,19680,79900",0,PHerc0814/segments/20250930083742-auto_grown_20250930083742882/mesh/20250930083742-on-20260309142202-2.399um.tifxyz,transformed,True,0.999994,1.00001
PHerc0814,PHerc0814/segments/20260225160055-auto_grown_20260225160055913,1.129um-0.22m-59keV-volume-20260521123630-L1.zarr,PHerc0814/segments/20260225160055-auto_grown_20260225160055913/surface-volumes/1.129um-0.22m-59keV-volume-20260521123630-L1.zarr,"2700,2720","116,2720,2700",1,PHerc0814/segments/20260225160055-auto_grown_20260225160055913/mesh/20260225160055-on-20260521123630-1.129um.tifxyz,transformed,True,0.499908,0.500092
PHerc0814,PHerc0814/segments/20260226000000-46527_2um_try2,1.129um-0.22m-59keV-volume-20260521123630-L1.zarr,PHerc0814/segments/20260226000000-46527_2um_try2/surface-volumes/1.129um-0.22m-59keV-volume-20260521123630-L1.zarr,"14700,9060","116,9060,14700",1,PHerc0814/segments/20260226000000-46527_2um_try2/mesh/20260226000000-on-20260521123630-1.129um.tifxyz,transformed,True,0.499983,0.500017
PHerc0814,PHerc0814/segments/20260226000000-46527_2um_try2,9.362um-1.2m-113keV-volume-20250804134230.zarr,PHerc0814/segments/20260226000000-46527_2um_try2/surface-volumes/9.362um-1.2m-113keV-volume-20250804134230.zarr,"3560,2180","28,2180,3560",0,PHerc0814/segments/20260226000000-46527_2um_try2/mesh/20260226000000-on-20250804134230-9.362um.tifxyz,transformed,True,0.99986,1.00014
PHerc0814,PHerc0814/segments/20260226110425-auto_grown_20260226110425097_abf,1.129um-0.22m-59keV-volume-20260521123630-L1.zarr,PHerc0814/segments/20260226110425-auto_grown_20260226110425097_abf/surface-volumes/1.129um-0.22m-59keV-volume-20260521123630-L1.zarr,"3960,2450","116,2450,3960",1,PHerc0814/segments/20260226110425-auto_grown_20260226110425097_abf/mesh/20260226110425-on-20260521123630-1.129um.tifxyz,transformed,True,0.499937,0.500063
PHerc0814,PHerc0814/segments/20260226110425-auto_grown_20260226110425097_abf,9.362um-1.2m-113keV-volume-20250804134230.zarr,PHerc0814/segments/20260226110425-auto_grown_20260226110425097_abf/surface-volumes/9.362um-1.2m-113keV-volume-20250804134230.zarr,"960,600","28,600,960",0,PHerc0814/segments/20260226110425-auto_grown_20260226110425097_abf/mesh/20260226110425-on-20250804134230-9.362um.tifxyz,transformed,True,0.999479,1.00052
PHerc0814,PHerc0814/segments/20260226113324-auto_grown_20260226113324624_abf,1.129um-0.22m-59keV-volume-20260521123630-L1.zarr,PHerc0814/segments/20260226113324-auto_grown_20260226113324624_abf/surface-volumes/1.129um-0.22m-59keV-volume-20260521123630-L1.zarr,"4080,2470","116,2470,4080",1,PHerc0814/segments/20260226113324-auto_grown_20260226113324624_abf/mesh/20260226113324-on-20260521123630-1.129um.tifxyz,transformed,True,0.499939,0.500061
PHerc0814,PHerc0814/segments/20260226113324-auto_grown_20260226113324624_abf,9.362um-1.2m-113keV-volume-20250804134230.zarr,PHerc0814/segments/20260226113324-auto_grown_20260226113324624_abf/surface-volumes/9.362um-1.2m-113keV-volume-20250804134230.zarr,"980,600","28,600,980",0,PHerc0814/segments/20260226113324-auto_grown_20260226113324624_abf/mesh/20260226113324-on-20250804134230-9.362um.tifxyz,transformed,True,0.99949,1.00051
PHerc0814,PHerc0814/segments/20260226121302-auto_grown_20260226121302716_abf,1.129um-0.22m-59keV-volume-20260521123630-L1.zarr,PHerc0814/segments/20260226121302-auto_grown_20260226121302716_abf/surface-volumes/1.129um-0.22m-59keV-volume-20260521123630-L1.zarr,"4080,2510","116,2510,4080",1,PHerc0814/segments/20260226121302-auto_grown_20260226121302716_abf/mesh/20260226121302-on-20260521123630-1.129um.tifxyz,transformed,True,0.499939,0.500061
PHerc0814,PHerc0814/segments/20260226121302-auto_grown_20260226121302716_abf,9.362um-1.2m-113keV-volume-20250804134230.zarr,PHerc0814/segments/20260226121302-auto_grown_20260226121302716_abf/surface-volumes/9.362um-1.2m-113keV-volume-20250804134230.zarr,"980,600","28,600,980",0,PHerc0814/segments/20260226121302-auto_grown_20260226121302716_abf/mesh/20260226121302-on-20250804134230-9.362um.tifxyz,transformed,True,0.99949,1.00051
PHerc0814,PHerc0814/segments/20260226123353-auto_grown_20260226123353106,1.129um-0.22m-59keV-volume-20260521123630-L1.zarr,PHerc0814/segments/20260226123353-auto_grown_20260226123353106/surface-volumes/1.129um-0.22m-59keV-volume-20260521123630-L1.zarr,"4620,1940","116,1940,4620",1,PHerc0814/segments/20260226123353-auto_grown_20260226123353106/mesh/20260226123353-on-20260521123630-1.129um.tifxyz,transformed,True,0.499946,0.500054
PHerc0814,PHerc0814/segments/20260226123353-auto_grown_20260226123353106,9.362um-1.2m-113keV-volume-20250804134230.zarr,PHerc0814/segments/20260226123353-auto_grown_20260226123353106/surface-volumes/9.362um-1.2m-113keV-volume-20250804134230.zarr,"1120,460","28,460,1120",0,PHerc0814/segments/20260226123353-auto_grown_20260226123353106/mesh/20260226123353-on-20250804134230-9.362um.tifxyz,transformed,True,0.999554,1.00045
PHerc0841,PHerc0841/segments/20260220213127-w00,2.403um-0.22m-77keV-volume-20260319124803.zarr,PHerc0841/segments/20260220213127-w00/surface-volumes/2.403um-0.22m-77keV-volume-20260319124803.zarr,"18560,16460","109,16460,18560",0,PHerc0841/segments/20260220213127-w00/mesh/20260220213127-on-20260319124803-2.403um.tifxyz,transformed,True,0.999973,1.00003
PHerc0841,PHerc0841/segments/20260220214732-auto_grown_20260220144552896,2.403um-0.22m-77keV-volume-20260319124803.zarr,PHerc0841/segments/20260220214732-auto_grown_20260220144552896/surface-volumes/2.403um-0.22m-77keV-volume-20260319124803.zarr,"18400,18080","109,18080,18400",0,PHerc0841/segments/20260220214732-auto_grown_20260220144552896/mesh/20260220214732-on-20260319124803-2.403um.tifxyz,transformed,True,0.999973,1.00003
PHerc0841,PHerc0841/segments/20260221022814-auto_grown_20260220174252405,2.403um-0.22m-77keV-volume-20260319124803.zarr,PHerc0841/segments/20260221022814-auto_grown_20260220174252405/surface-volumes/2.403um-0.22m-77keV-volume-20260319124803.zarr,"19100,14660","109,14660,19100",0,PHerc0841/segments/20260221022814-auto_grown_20260220174252405/mesh/20260221022814-on-20260319124803-2.403um.tifxyz,transformed,True,0.999974,1.00003
PHerc1667,PHerc1667/segments/20240304141531-w013_20240304141531_flatboi,1.129um-0.22m-59keV-volume-20260323082859-L1.zarr,PHerc1667/segments/20240304141531-w013_20240304141531_flatboi/surface-volumes/1.129um-0.22m-59keV-volume-20260323082859-L1.zarr,"84010,44490","116,44490,84010",1,PHerc1667/segments/20240304141531-w013_20240304141531_flatboi/mesh/20240304141531-on-20260323082859-1.129um.tifxyz,transformed,True,0.499997,0.500003
PHerc1667,PHerc1667/segments/20240304141531-w013_20240304141531_flatboi,2.399um-0.22m-78keV-volume-20251217075048.zarr,PHerc1667/segments/20240304141531-w013_20240304141531_flatboi/surface-volumes/2.399um-0.22m-78keV-volume-20251217075048.zarr,"79600,41600","109,41600,79600",0,PHerc1667/segments/20240304141531-w013_20240304141531_flatboi/mesh/20240304141531-on-20251217075048-2.399um.tifxyz,transformed,True,0.999994,1.00001
PHerc1667,PHerc1667/segments/20240304144031-w018_20240304144031_flatboi,1.129um-0.22m-59keV-volume-20260323082859-L1.zarr,PHerc1667/segments/20240304144031-w018_20240304144031_flatboi/surface-volumes/1.129um-0.22m-59keV-volume-20260323082859-L1.zarr,"103550,45310","116,45310,103550",1,PHerc1667/segments/20240304144031-w018_20240304144031_flatboi/mesh/20240304144031-on-20260323082859-1.129um.tifxyz,transformed,True,0.499998,0.500002
PHerc1667,PHerc1667/segments/20240304144031-w018_20240304144031_flatboi,2.399um-0.22m-78keV-volume-20251217075048.zarr,PHerc1667/segments/20240304144031-w018_20240304144031_flatboi/surface-volumes/2.399um-0.22m-78keV-volume-20251217075048.zarr,"98100,42380","109,42380,98100",0,PHerc1667/segments/20240304144031-w018_20240304144031_flatboi/mesh/20240304144031-on-20251217075048-2.399um.tifxyz,transformed,True,0.999995,1.00001
PHerc1667,PHerc1667/segments/20240304161941-w023_20240304161941_flatboi,1.129um-0.22m-59keV-volume-20260323082859-L1.zarr,PHerc1667/segments/20240304161941-w023_20240304161941_flatboi/surface-volumes/1.129um-0.22m-59keV-volume-20260323082859-L1.zarr,"108030,44760","116,44760,108030",1,PHerc1667/segments/20240304161941-w023_20240304161941_flatboi/mesh/20240304161941-on-20260323082859-1.129um.tifxyz,transformed,True,0.499998,0.500002
PHerc1667,PHerc1667/segments/20240304161941-w023_20240304161941_flatboi,2.399um-0.22m-78keV-volume-20251217075048.zarr,PHerc1667/segments/20240304161941-w023_20240304161941_flatboi/surface-volumes/2.399um-0.22m-78keV-volume-20251217075048.zarr,"102360,41860","109,41860,102360",0,PHerc1667/segments/20240304161941-w023_20240304161941_flatboi/mesh/20240304161941-on-20251217075048-2.399um.tifxyz,transformed,True,0.999995,1
PHerc1667,PHerc1667/segments/20251206103305-w012_20251206103305555_flatboi,1.129um-0.22m-59keV-volume-20260323082859-L1.zarr,PHerc1667/segments/20251206103305-w012_20251206103305555_flatboi/surface-volumes/1.129um-0.22m-59keV-volume-20260323082859-L1.zarr,"16560,42120","116,42120,16560",1,PHerc1667/segments/20251206103305-w012_20251206103305555_flatboi/mesh/20251206103305-on-20260323082859-1.129um.tifxyz,transformed,True,0.499994,0.500006
PHerc1667,PHerc1667/segments/20251206103305-w012_20251206103305555_flatboi,1.129um-0.22m-59keV-volume-20260323082859.zarr,PHerc1667/segments/20251206103305-w012_20251206103305555_flatboi/surface-volumes/1.129um-0.22m-59keV-volume-20260323082859.zarr,"33120,84240","231,84240,33120",0,PHerc1667/segments/20251206103305-w012_20251206103305555_flatboi/mesh/20251206103305-on-20260323082859-1.129um.tifxyz,transformed,True,0.999994,1.00001
PHerc1667,PHerc1667/segments/20251206103305-w012_20251206103305555_flatboi,2.399um-0.22m-78keV-volume-20251217075048.zarr,PHerc1667/segments/20251206103305-w012_20251206103305555_flatboi/surface-volumes/2.399um-0.22m-78keV-volume-20251217075048.zarr,"15700,39380","109,39380,15700",0,PHerc1667/segments/20251206103305-w012_20251206103305555_flatboi/mesh/20251206103305-on-20251217075048-2.399um.tifxyz,transformed,True,0.999987,1.00001
PHerc1667,PHerc1667/segments/20251208130119-w028_20251208130119156_flatboi,1.129um-0.22m-59keV-volume-20260323082859-L1.zarr,PHerc1667/segments/20251208130119-w028_20251208130119156_flatboi/surface-volumes/1.129um-0.22m-59keV-volume-20260323082859-L1.zarr,"32010,40010","116,40010,32010",1,PHerc1667/segments/20251208130119-w028_20251208130119156_flatboi/mesh/20251208130119-on-20260323082859-1.129um.tifxyz,transformed,True,0.499994,0.500006
PHerc1667,PHerc1667/segments/20251208130119-w028_20251208130119156_flatboi,2.399um-0.22m-78keV-volume-20251217075048.zarr,PHerc1667/segments/20251208130119-w028_20251208130119156_flatboi/surface-volumes/2.399um-0.22m-78keV-volume-20251217075048.zarr,"30340,37420","109,37420,30340",0,PHerc1667/segments/20251208130119-w028_20251208130119156_flatboi/mesh/20251208130119-on-20251217075048-2.399um.tifxyz,transformed,True,0.999987,1.00001
PHerc1667,PHerc1667/segments/20251212185248-w029_20251212185248662_flatboi,1.129um-0.22m-59keV-volume-20260323082859-L1.zarr,PHerc1667/segments/20251212185248-w029_20251212185248662_flatboi/surface-volumes/1.129um-0.22m-59keV-volume-20260323082859-L1.zarr,"33050,40630","116,40630,33050",1,PHerc1667/segments/20251212185248-w029_20251212185248662_flatboi/mesh/20251212185248-on-20260323082859-1.129um.tifxyz,transformed,True,0.499994,0.500006
PHerc1667,PHerc1667/segments/20251220020000-w030_2025122002_flatboi,1.129um-0.22m-59keV-volume-20260323082859-L1.zarr,PHerc1667/segments/20251220020000-w030_2025122002_flatboi/surface-volumes/1.129um-0.22m-59keV-volume-20260323082859-L1.zarr,"33460,40430","116,40430,33460",1,PHerc1667/segments/20251220020000-w030_2025122002_flatboi/mesh/20251220020000-on-20260323082859-1.129um.tifxyz,transformed,True,0.499994,0.500006
PHerc1667,PHerc1667/segments/20251220020000-w030_2025122002_flatboi,2.399um-0.22m-78keV-volume-20251217075048.zarr,PHerc1667/segments/20251220020000-w030_2025122002_flatboi/surface-volumes/2.399um-0.22m-78keV-volume-20251217075048.zarr,"31720,37800","109,37800,31720",0,PHerc1667/segments/20251220020000-w030_2025122002_flatboi/mesh/20251220020000-on-20251217075048-2.399um.tifxyz,transformed,True,0.999987,1.00001
PHerc1667,PHerc1667/segments/20251223230000-w031_2025122323_flatboi,1.129um-0.22m-59keV-volume-20260323082859-L1.zarr,PHerc1667/segments/20251223230000-w031_2025122323_flatboi/surface-volumes/1.129um-0.22m-59keV-volume-20260323082859-L1.zarr,"33950,40070","116,40070,33950",1,PHerc1667/segments/20251223230000-w031_2025122323_flatboi/mesh/20251223230000-on-20260323082859-1.129um.tifxyz,transformed,True,0.499994,0.500006
PHerc1667,PHerc1667/segments/20251223230000-w031_2025122323_flatboi,2.399um-0.22m-78keV-volume-20251217075048.zarr,PHerc1667/segments/20251223230000-w031_2025122323_flatboi/surface-volumes/2.399um-0.22m-78keV-volume-20251217075048.zarr,"32180,37480","109,37480,32180",0,PHerc1667/segments/20251223230000-w031_2025122323_flatboi/mesh/20251223230000-on-20251217075048-2.399um.tifxyz,transformed,True,0.999987,1.00001
PHerc1667,PHerc1667/segments/20260105050000-w032_2026010505_flatboi,1.129um-0.22m-59keV-volume-20260323082859-L1.zarr,PHerc1667/segments/20260105050000-w032_2026010505_flatboi/surface-volumes/1.129um-0.22m-59keV-volume-20260323082859-L1.zarr,"34630,40700","116,40700,34630",1,PHerc1667/segments/20260105050000-w032_2026010505_flatboi/mesh/20260105050000-on-20260323082859-1.129um.tifxyz,transformed,True,0.499994,0.500006
PHerc1667,PHerc1667/segments/20260105050000-w032_2026010505_flatboi,2.399um-0.22m-78keV-volume-20251217075048.zarr,PHerc1667/segments/20260105050000-w032_2026010505_flatboi/surface-volumes/2.399um-0.22m-78keV-volume-20251217075048.zarr,"32820,38060","109,38060,32820",0,PHerc1667/segments/20260105050000-w032_2026010505_flatboi/mesh/20260105050000-on-20251217075048-2.399um.tifxyz,transformed,True,0.999987,1.00001
PHerc1667,PHerc1667/segments/20260108140509-w011_20260108140509268_flatboi,1.129um-0.22m-59keV-volume-20260323082859-L1.zarr,PHerc1667/segments/20260108140509-w011_20260108140509268_flatboi/surface-volumes/1.129um-0.22m-59keV-volume-20260323082859-L1.zarr,"15520,42240","116,42240,15520",1,PHerc1667/segments/20260108140509-w011_20260108140509268_flatboi/mesh/20260108140509-on-20260323082859-1.129um.tifxyz,transformed,True,0.499994,0.500006
PHerc1667,PHerc1667/segments/20260108140509-w011_20260108140509268_flatboi,1.129um-0.22m-59keV-volume-20260323082859.zarr,PHerc1667/segments/20260108140509-w011_20260108140509268_flatboi/surface-volumes/1.129um-0.22m-59keV-volume-20260323082859.zarr,"31040,84480","231,84480,31040",0,PHerc1667/segments/20260108140509-w011_20260108140509268_flatboi/mesh/20260108140509-on-20260323082859-1.129um.tifxyz,transformed,True,0.999994,1.00001
PHerc1667,PHerc1667/segments/20260108140509-w011_20260108140509268_flatboi,2.399um-0.22m-78keV-volume-20251217075048.zarr,PHerc1667/segments/20260108140509-w011_20260108140509268_flatboi/surface-volumes/2.399um-0.22m-78keV-volume-20251217075048.zarr,"14720,39500","109,39500,14720",0,PHerc1667/segments/20260108140509-w011_20260108140509268_flatboi/mesh/20260108140509-on-20251217075048-2.399um.tifxyz,transformed,True,0.999987,1.00001
PHerc1667,PHerc1667/segments/20260110010000-w033_2026011001_flatboi,1.129um-0.22m-59keV-volume-20260323082859-L1.zarr,PHerc1667/segments/20260110010000-w033_2026011001_flatboi/surface-volumes/1.129um-0.22m-59keV-volume-20260323082859-L1.zarr,"33320,38600","116,38600,33320",1,PHerc1667/segments/20260110010000-w033_2026011001_flatboi/mesh/20260110010000-on-20260323082859-1.129um.tifxyz,transformed,True,0.499994,0.500006
PHerc1667,PHerc1667/segments/20260110010000-w033_2026011001_flatboi,2.399um-0.22m-78keV-volume-20251217075048.zarr,PHerc1667/segments/20260110010000-w033_2026011001_flatboi/surface-volumes/2.399um-0.22m-78keV-volume-20251217075048.zarr,"31580,36100","109,36100,31580",0,PHerc1667/segments/20260110010000-w033_2026011001_flatboi/mesh/20260110010000-on-20251217075048-2.399um.tifxyz,transformed,True,0.999986,1.00001
PHerc1667,PHerc1667/segments/20260115160000-w034_2026011516_flatboi,1.129um-0.22m-59keV-volume-20260323082859-L1.zarr,PHerc1667/segments/20260115160000-w034_2026011516_flatboi/surface-volumes/1.129um-0.22m-59keV-volume-20260323082859-L1.zarr,"34210,38380","116,38380,34210",1,PHerc1667/segments/20260115160000-w034_2026011516_flatboi/mesh/20260115160000-on-20260323082859-1.129um.tifxyz,transformed,True,0.499993,0.500007
PHerc1667,PHerc1667/segments/20260115160000-w034_2026011516_flatboi,2.399um-0.22m-78keV-volume-20251217075048.zarr,PHerc1667/segments/20260115160000-w034_2026011516_flatboi/surface-volumes/2.399um-0.22m-78keV-volume-20251217075048.zarr,"32440,35900","109,35900,32440",0,PHerc1667/segments/20260115160000-w034_2026011516_flatboi/mesh/20260115160000-on-20251217075048-2.399um.tifxyz,transformed,True,0.999986,1.00001
PHerc1667,PHerc1667/segments/20260116230000-w035_2026011623_flatboi,1.129um-0.22m-59keV-volume-20260323082859-L1.zarr,PHerc1667/segments/20260116230000-w035_2026011623_flatboi/surface-volumes/1.129um-0.22m-59keV-volume-20260323082859-L1.zarr,"34360,39210","116,39210,34360",1,PHerc1667/segments/20260116230000-w035_2026011623_flatboi/mesh/20260116230000-on-20260323082859-1.129um.tifxyz,transformed,True,0.499994,0.500006
PHerc1667,PHerc1667/segments/20260116230000-w035_2026011623_flatboi,2.399um-0.22m-78keV-volume-20251217075048.zarr,PHerc1667/segments/20260116230000-w035_2026011623_flatboi/surface-volumes/2.399um-0.22m-78keV-volume-20251217075048.zarr,"32560,36680","109,36680,32560",0,PHerc1667/segments/20260116230000-w035_2026011623_flatboi/mesh/20260116230000-on-20251217075048-2.399um.tifxyz,transformed,True,0.999986,1.00001
PHerc1667,PHerc1667/segments/20260119120000-w036_2026011912_flatboi,1.129um-0.22m-59keV-volume-20260323082859-L1.zarr,PHerc1667/segments/20260119120000-w036_2026011912_flatboi/surface-volumes/1.129um-0.22m-59keV-volume-20260323082859-L1.zarr,"34970,42670","116,42670,34970",1,PHerc1667/segments/20260119120000-w036_2026011912_flatboi/mesh/20260119120000-on-20260323082859-1.129um.tifxyz,transformed,True,0.499994,0.500006
PHerc1667,PHerc1667/segments/20260119120000-w036_2026011912_flatboi,1.129um-0.22m-59keV-volume-20260323082859.zarr,PHerc1667/segments/20260119120000-w036_2026011912_flatboi/surface-volumes/1.129um-0.22m-59keV-volume-20260323082859.zarr,"69940,85340","231,85340,69940",0,PHerc1667/segments/20260119120000-w036_2026011912_flatboi/mesh/20260119120000-on-20260323082859-1.129um.tifxyz,transformed,True,0.999994,1.00001
PHerc1667,PHerc1667/segments/20260119120000-w036_2026011912_flatboi,2.399um-0.22m-78keV-volume-20251217075048.zarr,PHerc1667/segments/20260119120000-w036_2026011912_flatboi/surface-volumes/2.399um-0.22m-78keV-volume-20251217075048.zarr,"33160,39900","109,39900,33160",0,PHerc1667/segments/20260119120000-w036_2026011912_flatboi/mesh/20260119120000-on-20251217075048-2.399um.tifxyz,transformed,True,0.999987,1.00001
PHerc1667,PHerc1667/segments/20260123230000-w037_2026012323_flatboi,1.129um-0.22m-59keV-volume-20260323082859-L1.zarr,PHerc1667/segments/20260123230000-w037_2026012323_flatboi/surface-volumes/1.129um-0.22m-59keV-volume-20260323082859-L1.zarr,"33530,36650","116,36650,33530",1,PHerc1667/segments/20260123230000-w037_2026012323_flatboi/mesh/20260123230000-on-20260323082859-1.129um.tifxyz,transformed,True,0.499993,0.500007
PHerc1667,PHerc1667/segments/20260123230000-w037_2026012323_flatboi,1.129um-0.22m-59keV-volume-20260323082859.zarr,PHerc1667/segments/20260123230000-w037_2026012323_flatboi/surface-volumes/1.129um-0.22m-59keV-volume-20260323082859.zarr,"67060,73300","231,73300,67060",0,PHerc1667/segments/20260123230000-w037_2026012323_flatboi/mesh/20260123230000-on-20260323082859-1.129um.tifxyz,transformed,True,0.999993,1.00001
PHerc1667,PHerc1667/segments/20260123230000-w037_2026012323_flatboi,2.399um-0.22m-78keV-volume-20251217075048.zarr,PHerc1667/segments/20260123230000-w037_2026012323_flatboi/surface-volumes/2.399um-0.22m-78keV-volume-20251217075048.zarr,"31780,34260","109,34260,31780",0,PHerc1667/segments/20260123230000-w037_2026012323_flatboi/mesh/20260123230000-on-20251217075048-2.399um.tifxyz,transformed,True,0.999985,1.00001
PHerc1667,PHerc1667/segments/20260128140000-w038_2026012814_flatboi,1.129um-0.22m-59keV-volume-20260323082859-L1.zarr,PHerc1667/segments/20260128140000-w038_2026012814_flatboi/surface-volumes/1.129um-0.22m-59keV-volume-20260323082859-L1.zarr,"34720,37610","116,37610,34720",1,PHerc1667/segments/20260128140000-w038_2026012814_flatboi/mesh/20260128140000-on-20260323082859-1.129um.tifxyz,transformed,True,0.499993,0.500007
PHerc1667,PHerc1667/segments/20260128140000-w038_2026012814_flatboi,1.129um-0.22m-59keV-volume-20260323082859.zarr,PHerc1667/segments/20260128140000-w038_2026012814_flatboi/surface-volumes/1.129um-0.22m-59keV-volume-20260323082859.zarr,"69440,75220","231,75220,69440",0,PHerc1667/segments/20260128140000-w038_2026012814_flatboi/mesh/20260128140000-on-20260323082859-1.129um.tifxyz,transformed,True,0.999993,1.00001
PHerc1667,PHerc1667/segments/20260128140000-w038_2026012814_flatboi,2.399um-0.22m-78keV-volume-20251217075048.zarr,PHerc1667/segments/20260128140000-w038_2026012814_flatboi/surface-volumes/2.399um-0.22m-78keV-volume-20251217075048.zarr,"32900,35180","109,35180,32900",0,PHerc1667/segments/20260128140000-w038_2026012814_flatboi/mesh/20260128140000-on-20251217075048-2.399um.tifxyz,transformed,True,0.999986,1.00001
PHerc1667,PHerc1667/segments/20260130150000-w039_2026013015_flatboi,1.129um-0.22m-59keV-volume-20260323082859-L1.zarr,PHerc1667/segments/20260130150000-w039_2026013015_flatboi/surface-volumes/1.129um-0.22m-59keV-volume-20260323082859-L1.zarr,"35120,38580","116,38580,35120",1,PHerc1667/segments/20260130150000-w039_2026013015_flatboi/mesh/20260130150000-on-20260323082859-1.129um.tifxyz,transformed,True,0.499994,0.500006
PHerc1667,PHerc1667/segments/20260130150000-w039_2026013015_flatboi,1.129um-0.22m-59keV-volume-20260323082859.zarr,PHerc1667/segments/20260130150000-w039_2026013015_flatboi/surface-volumes/1.129um-0.22m-59keV-volume-20260323082859.zarr,"70240,77160","231,77160,70240",0,PHerc1667/segments/20260130150000-w039_2026013015_flatboi/mesh/20260130150000-on-20260323082859-1.129um.tifxyz,transformed,True,0.999994,1.00001
PHerc1667,PHerc1667/segments/20260130150000-w039_2026013015_flatboi,2.399um-0.22m-78keV-volume-20251217075048.zarr,PHerc1667/segments/20260130150000-w039_2026013015_flatboi/surface-volumes/2.399um-0.22m-78keV-volume-20251217075048.zarr,"33280,36100","109,36100,33280",0,PHerc1667/segments/20260130150000-w039_2026013015_flatboi/mesh/20260130150000-on-20251217075048-2.399um.tifxyz,transformed,True,0.999986,1.00001
PHerc1667,PHerc1667/segments/20260203210000-w040_2026020321_flatboi,1.129um-0.22m-59keV-volume-20260323082859-L1.zarr,PHerc1667/segments/20260203210000-w040_2026020321_flatboi/surface-volumes/1.129um-0.22m-59keV-volume-20260323082859-L1.zarr,"33270,37560","116,37560,33270",1,PHerc1667/segments/20260203210000-w040_2026020321_flatboi/mesh/20260203210000-on-20260323082859-1.129um.tifxyz,transformed,True,0.499993,0.500007
PHerc1667,PHerc1667/segments/20260203210000-w040_2026020321_flatboi,1.129um-0.22m-59keV-volume-20260323082859.zarr,PHerc1667/segments/20260203210000-w040_2026020321_flatboi/surface-volumes/1.129um-0.22m-59keV-volume-20260323082859.zarr,"66540,75120","231,75120,66540",0,PHerc1667/segments/20260203210000-w040_2026020321_flatboi/mesh/20260203210000-on-20260323082859-1.129um.tifxyz,transformed,True,0.999993,1.00001
PHerc1667,PHerc1667/segments/20260203210000-w040_2026020321_flatboi,2.399um-0.22m-78keV-volume-20251217075048.zarr,PHerc1667/segments/20260203210000-w040_2026020321_flatboi/surface-volumes/2.399um-0.22m-78keV-volume-20251217075048.zarr,"31520,35120","109,35120,31520",0,PHerc1667/segments/20260203210000-w040_2026020321_flatboi/mesh/20260203210000-on-20251217075048-2.399um.tifxyz,transformed,True,0.999986,1.00001
PHerc1667,PHerc1667/segments/20260205070000-w041_2026020507_flatboi,1.129um-0.22m-59keV-volume-20260323082859-L1.zarr,PHerc1667/segments/20260205070000-w041_2026020507_flatboi/surface-volumes/1.129um-0.22m-59keV-volume-20260323082859-L1.zarr,"32240,36580","116,36580,32240",1,PHerc1667/segments/20260205070000-w041_2026020507_flatboi/mesh/20260205070000-on-20260323082859-1.129um.tifxyz,transformed,True,0.499993,0.500007
PHerc1667,PHerc1667/segments/20260205070000-w041_2026020507_flatboi,1.129um-0.22m-59keV-volume-20260323082859.zarr,PHerc1667/segments/20260205070000-w041_2026020507_flatboi/surface-volumes/1.129um-0.22m-59keV-volume-20260323082859.zarr,"64480,73160","231,73160,64480",0,PHerc1667/segments/20260205070000-w041_2026020507_flatboi/mesh/20260205070000-on-20260323082859-1.129um.tifxyz,transformed,True,0.999993,1.00001
PHerc1667,PHerc1667/segments/20260205070000-w041_2026020507_flatboi,2.399um-0.22m-78keV-volume-20251217075048.zarr,PHerc1667/segments/20260205070000-w041_2026020507_flatboi/surface-volumes/2.399um-0.22m-78keV-volume-20251217075048.zarr,"30540,34200","109,34200,30540",0,PHerc1667/segments/20260205070000-w041_2026020507_flatboi/mesh/20260205070000-on-20251217075048-2.399um.tifxyz,transformed,True,0.999985,1.00001
PHercParis4,PHercParis4/segments/20230702185753,1.129um-0.23m-78keV-volume-20260608103018-L1.zarr,PHercParis4/segments/20230702185753/surface-volumes/1.129um-0.23m-78keV-volume-20260608103018-L1.zarr,"38650,53740","116,53740,38650",1,PHercParis4/segments/20230702185753/mesh/20230702185753-on-20260608103018-1.129um.tifxyz,transformed,True,0.499995,0.500005
PHercParis4,PHercParis4/segments/20230702185753,2.4um-0.22m-78keV-volume-20260411134726.zarr,PHercParis4/segments/20230702185753/surface-volumes/2.4um-0.22m-78keV-volume-20260411134726.zarr,"36400,50600","109,50600,36400",0,PHercParis4/segments/20230702185753/mesh/20230702185753-on-20260411134726-2.4um.tifxyz,transformed,True,0.99999,1.00001
PHercParis4,PHercParis4/segments/20230702185753,45.532um-11.0m-74keV-volume-20260310170716.zarr,PHercParis4/segments/20230702185753/surface-volumes/45.532um-11.0m-74keV-volume-20260310170716.zarr,"1920,2680","6,2680,1920",0,PHercParis4/segments/20230702185753/mesh/20230702185753-on-20260310170716-45.532um.tifxyz,transformed,True,0.999813,1.00019
PHercParis4,PHercParis4/segments/20230929220926,2.4um-0.22m-78keV-volume-20260411134726.zarr,PHercParis4/segments/20230929220926/surface-volumes/2.4um-0.22m-78keV-volume-20260411134726.zarr,"75800,32080","109,32080,75800",0,PHercParis4/segments/20230929220926/mesh/20230929220926-on-20260411134726-2.4um.tifxyz,transformed,True,0.999993,1.00001
PHercParis4,PHercParis4/segments/20230929220926,45.532um-11.0m-74keV-volume-20260310170716.zarr,PHercParis4/segments/20230929220926/surface-volumes/45.532um-11.0m-74keV-volume-20260310170716.zarr,"4000,1700","6,1700,4000",0,PHercParis4/segments/20230929220926/mesh/20230929220926-on-20260310170716-45.532um.tifxyz,transformed,True,0.999875,1.00013
PHercParis4,PHercParis4/segments/20231005123336,2.4um-0.22m-78keV-volume-20260411134726.zarr,PHercParis4/segments/20231005123336/surface-volumes/2.4um-0.22m-78keV-volume-20260411134726.zarr,"97280,34880","109,34880,97280",0,PHercParis4/segments/20231005123336/mesh/20231005123336-on-20260411134726-2.4um.tifxyz,transformed,True,0.999995,1.00001
PHercParis4,PHercParis4/segments/20231007101619,1.129um-0.23m-78keV-volume-20260608103018-L1.zarr,PHercParis4/segments/20231007101619/surface-volumes/1.129um-0.23m-78keV-volume-20260608103018-L1.zarr,"114850,55260","116,55260,114850",1,PHercParis4/segments/20231007101619/mesh/20231007101619-on-20260608103018-1.129um.tifxyz,transformed,True,0.499998,0.500002
PHercParis4,PHercParis4/segments/20231007101619,2.4um-0.22m-78keV-volume-20260411134726.zarr,PHercParis4/segments/20231007101619/surface-volumes/2.4um-0.22m-78keV-volume-20260411134726.zarr,"108140,52040","109,52040,108140",0,PHercParis4/segments/20231007101619/mesh/20231007101619-on-20260411134726-2.4um.tifxyz,transformed,True,0.999995,1
PHercParis4,PHercParis4/segments/20231007101619,45.532um-11.0m-74keV-volume-20260310170716.zarr,PHercParis4/segments/20231007101619/surface-volumes/45.532um-11.0m-74keV-volume-20260310170716.zarr,"5700,2740","6,2740,5700",0,PHercParis4/segments/20231007101619/mesh/20231007101619-on-20260310170716-45.532um.tifxyz,transformed,True,0.999912,1.00009
PHercParis4,PHercParis4/segments/20231012184424,1.129um-0.23m-78keV-volume-20260608103018-L1.zarr,PHercParis4/segments/20231012184424/surface-volumes/1.129um-0.23m-78keV-volume-20260608103018-L1.zarr,"80420,53950","116,53950,80420",1,PHercParis4/segments/20231012184424/mesh/20231012184424-on-20260608103018-1.129um.tifxyz,transformed,True,0.499997,0.500003
PHercParis4,PHercParis4/segments/20231012184424,2.4um-0.22m-78keV-volume-20260411134726.zarr,PHercParis4/segments/20231012184424/surface-volumes/2.4um-0.22m-78keV-volume-20260411134726.zarr,"75720,50800","109,50800,75720",0,PHercParis4/segments/20231012184424/mesh/20231012184424-on-20260411134726-2.4um.tifxyz,transformed,True,0.999993,1.00001
PHercParis4,PHercParis4/segments/20231016151002,2.4um-0.22m-78keV-volume-20260411134726.zarr,PHercParis4/segments/20231016151002/surface-volumes/2.4um-0.22m-78keV-volume-20260411134726.zarr,"51960,31960","109,31960,51960",0,PHercParis4/segments/20231016151002/mesh/20231016151002-on-20260411134726-2.4um.tifxyz,transformed,True,0.99999,1.00001
PHercParis4,PHercParis4/segments/20231016151002,45.532um-11.0m-74keV-volume-20260310170716.zarr,PHercParis4/segments/20231016151002/surface-volumes/45.532um-11.0m-74keV-volume-20260310170716.zarr,"2740,1680","6,1680,2740",0,PHercParis4/segments/20231016151002/mesh/20231016151002-on-20260310170716-45.532um.tifxyz,transformed,True,0.999818,1.00018
PHercParis4,PHercParis4/segments/20231022170901,2.4um-0.22m-78keV-volume-20260411134726.zarr,PHercParis4/segments/20231022170901/surface-volumes/2.4um-0.22m-78keV-volume-20260411134726.zarr,"115820,21380","109,21380,115820",0,PHercParis4/segments/20231022170901/mesh/20231022170901-on-20260411134726-2.4um.tifxyz,transformed,True,0.999996,1
PHercParis4,PHercParis4/segments/20231022170901,45.532um-11.0m-74keV-volume-20260310170716.zarr,PHercParis4/segments/20231022170901/surface-volumes/45.532um-11.0m-74keV-volume-20260310170716.zarr,"6100,1120","6,1120,6100",0,PHercParis4/segments/20231022170901/mesh/20231022170901-on-20260310170716-45.532um.tifxyz,transformed,True,0.999918,1.00008
PHercParis4,PHercParis4/segments/20231031143852,1.129um-0.23m-78keV-volume-20260608103018-L1.zarr,PHercParis4/segments/20231031143852/surface-volumes/1.129um-0.23m-78keV-volume-20260608103018-L1.zarr,"46740,36290","116,36290,46740",1,PHercParis4/segments/20231031143852/mesh/20231031143852-on-20260608103018-1.129um.tifxyz,transformed,True,0.499995,0.500005
PHercParis4,PHercParis4/segments/20231031143852,2.4um-0.22m-78keV-volume-20260411134726.zarr,PHercParis4/segments/20231031143852/surface-volumes/2.4um-0.22m-78keV-volume-20260411134726.zarr,"44020,34180","109,34180,44020",0,PHercParis4/segments/20231031143852/mesh/20231031143852-on-20260411134726-2.4um.tifxyz,transformed,True,0.999989,1.00001
PHercParis4,PHercParis4/segments/20231031143852,45.532um-11.0m-74keV-volume-20260310170716.zarr,PHercParis4/segments/20231031143852/surface-volumes/45.532um-11.0m-74keV-volume-20260310170716.zarr,"2320,1800","6,1800,2320",0,PHercParis4/segments/20231031143852/mesh/20231031143852-on-20260310170716-45.532um.tifxyz,transformed,True,0.999784,1.00022
PHercParis4,PHercParis4/segments/20231106155351,1.129um-0.23m-78keV-volume-20260608103018-L1.zarr,PHercParis4/segments/20231106155351/surface-volumes/1.129um-0.23m-78keV-volume-20260608103018-L1.zarr,"54420,36430","116,36430,54420",1,PHercParis4/segments/20231106155351/mesh/20231106155351-on-20260608103018-1.129um.tifxyz,transformed,True,0.499995,0.500005
PHercParis4,PHercParis4/segments/20231106155351,2.4um-0.22m-78keV-volume-20260411134726.zarr,PHercParis4/segments/20231106155351/surface-volumes/2.4um-0.22m-78keV-volume-20260411134726.zarr,"51240,34300","109,34300,51240",0,PHercParis4/segments/20231106155351/mesh/20231106155351-on-20260411134726-2.4um.tifxyz,transformed,True,0.99999,1.00001
PHercParis4,PHercParis4/segments/20231106155351,45.532um-11.0m-74keV-volume-20260310170716.zarr,PHercParis4/segments/20231106155351/surface-volumes/45.532um-11.0m-74keV-volume-20260310170716.zarr,"2700,1820","6,1820,2700",0,PHercParis4/segments/20231106155351/mesh/20231106155351-on-20260310170716-45.532um.tifxyz,transformed,True,0.999815,1.00019
PHercParis4,PHercParis4/segments/20231210121321,1.129um-0.23m-78keV-volume-20260608103018-L1.zarr,PHercParis4/segments/20231210121321/surface-volumes/1.129um-0.23m-78keV-volume-20260608103018-L1.zarr,"42460,54160","116,54160,42460",1,PHercParis4/segments/20231210121321/mesh/20231210121321-on-20260608103018-1.129um.tifxyz,transformed,True,0.499995,0.500005
PHercParis4,PHercParis4/segments/20231210121321,2.4um-0.22m-78keV-volume-20260411134726.zarr,PHercParis4/segments/20231210121321/surface-volumes/2.4um-0.22m-78keV-volume-20260411134726.zarr,"39980,51000","109,51000,39980",0,PHercParis4/segments/20231210121321/mesh/20231210121321-on-20260411134726-2.4um.tifxyz,transformed,True,0.99999,1.00001
PHercParis4,PHercParis4/segments/20231210121321,45.532um-11.0m-74keV-volume-20260310170716.zarr,PHercParis4/segments/20231210121321/surface-volumes/45.532um-11.0m-74keV-volume-20260310170716.zarr,"2100,2700","6,2700,2100",0,PHercParis4/segments/20231210121321/mesh/20231210121321-on-20260310170716-45.532um.tifxyz,transformed,True,0.999815,1.00019
PHercParis4,PHercParis4/segments/20231221180251,1.129um-0.23m-78keV-volume-20260608103018-L1.zarr,PHercParis4/segments/20231221180251/surface-volumes/1.129um-0.23m-78keV-volume-20260608103018-L1.zarr,"44670,33940","116,33940,44670",1,PHercParis4/segments/20231221180251/mesh/20231221180251-on-20260608103018-1.129um.tifxyz,transformed,True,0.499994,0.500006
PHercParis4,PHercParis4/segments/20231221180251,2.4um-0.22m-78keV-volume-20260411134726.zarr,PHercParis4/segments/20231221180251/surface-volumes/2.4um-0.22m-78keV-volume-20260411134726.zarr,"42060,31960","109,31960,42060",0,PHercParis4/segments/20231221180251/mesh/20231221180251-on-20260411134726-2.4um.tifxyz,transformed,True,0.999988,1.00001
PHercParis4,PHercParis4/segments/20231221180251,45.532um-11.0m-74keV-volume-20260310170716.zarr,PHercParis4/segments/20231221180251/surface-volumes/45.532um-11.0m-74keV-volume-20260310170716.zarr,"2220,1680","6,1680,2220",0,PHercParis4/segments/20231221180251/mesh/20231221180251-on-20260310170716-45.532um.tifxyz,transformed,True,0.999775,1.00023
PHercParis4,PHercParis4/segments/20260602204401-5753_-7,1.129um-0.23m-78keV-volume-20260608103018-L1.zarr,PHercParis4/segments/20260602204401-5753_-7/surface-volumes/1.129um-0.23m-78keV-volume-20260608103018-L1.zarr,"12230,84120","116,84120,12230",1,PHercParis4/segments/20260602204401-5753_-7/mesh/20260602204401-on-20260608103018-1.129um.tifxyz,transformed,True,0.499997,0.500003
PHercParis4,PHercParis4/segments/20260602204401-5753_-7,45.532um-11.0m-74keV-volume-20260310170716.zarr,PHercParis4/segments/20260602204401-5753_-7/surface-volumes/45.532um-11.0m-74keV-volume-20260310170716.zarr,"600,4180","6,4180,600",0,PHercParis4/segments/20260602204401-5753_-7/mesh/20260602204401-on-20260310170716-45.532um.tifxyz,transformed,True,0.99988,1.00012
PHercParis4,PHercParis4/segments/20260602225659-5753_0,45.532um-11.0m-74keV-volume-20260310170716.zarr,PHercParis4/segments/20260602225659-5753_0/surface-volumes/45.532um-11.0m-74keV-volume-20260310170716.zarr,"860,4240","6,4240,860",0,PHercParis4/segments/20260602225659-5753_0/mesh/20260602225659-on-20260310170716-45.532um.tifxyz,transformed,True,0.999882,1.00012
PHercParis4,PHercParis4/segments/20260602230115-20230702185753_v14,45.532um-11.0m-74keV-volume-20260310170716.zarr,PHercParis4/segments/20260602230115-20230702185753_v14/surface-volumes/45.532um-11.0m-74keV-volume-20260310170716.zarr,"1360,4780","6,4780,1360",0,PHercParis4/segments/20260602230115-20230702185753_v14/mesh/20260602230115-on-20260310170716-45.532um.tifxyz,transformed,True,0.999895,1.0001
PHercParis4,PHercParis4/segments/20260603005223-5753_-1,45.532um-11.0m-74keV-volume-20260310170716.zarr,PHercParis4/segments/20260603005223-5753_-1/surface-volumes/45.532um-11.0m-74keV-volume-20260310170716.zarr,"820,4260","6,4260,820",0,PHercParis4/segments/20260603005223-5753_-1/mesh/20260603005223-on-20260310170716-45.532um.tifxyz,transformed,True,0.999883,1.00012
PHercParis4,PHercParis4/segments/20260603024952-5753_-2,1.129um-0.23m-78keV-volume-20260608103018-L1.zarr,PHercParis4/segments/20260603024952-5753_-2/surface-volumes/1.129um-0.23m-78keV-volume-20260608103018-L1.zarr,"16230,86240","116,86240,16230",1,PHercParis4/segments/20260603024952-5753_-2/mesh/20260603024952-on-20260608103018-1.129um.tifxyz,transformed,True,0.499997,0.500003
PHercParis4,PHercParis4/segments/20260603024952-5753_-2,45.532um-11.0m-74keV-volume-20260310170716.zarr,PHercParis4/segments/20260603024952-5753_-2/surface-volumes/45.532um-11.0m-74keV-volume-20260310170716.zarr,"800,4280","6,4280,800",0,PHercParis4/segments/20260603024952-5753_-2/mesh/20260603024952-on-20260310170716-45.532um.tifxyz,transformed,True,0.999883,1.00012
PHercParis4,PHercParis4/segments/20260603042357-5753_-3,1.129um-0.23m-78keV-volume-20260608103018-L1.zarr,PHercParis4/segments/20260603042357-5753_-3/surface-volumes/1.129um-0.23m-78keV-volume-20260608103018-L1.zarr,"15800,86420","116,86420,15800",1,PHercParis4/segments/20260603042357-5753_-3/mesh/20260603042357-on-20260608103018-1.129um.tifxyz,transformed,True,0.499997,0.500003
PHercParis4,PHercParis4/segments/20260603042357-5753_-3,45.532um-11.0m-74keV-volume-20260310170716.zarr,PHercParis4/segments/20260603042357-5753_-3/surface-volumes/45.532um-11.0m-74keV-volume-20260310170716.zarr,"780,4300","6,4300,780",0,PHercParis4/segments/20260603042357-5753_-3/mesh/20260603042357-on-20260310170716-45.532um.tifxyz,transformed,True,0.999884,1.00012
PHercParis4,PHercParis4/segments/20260603145540-5753_-4,1.129um-0.23m-78keV-volume-20260608103018-L1.zarr,PHercParis4/segments/20260603145540-5753_-4/surface-volumes/1.129um-0.23m-78keV-volume-20260608103018-L1.zarr,"15210,86070","116,86070,15210",1,PHercParis4/segments/20260603145540-5753_-4/mesh/20260603145540-on-20260608103018-1.129um.tifxyz,transformed,True,0.499997,0.500003
PHercParis4,PHercParis4/segments/20260603145540-5753_-4,45.532um-11.0m-74keV-volume-20260310170716.zarr,PHercParis4/segments/20260603145540-5753_-4/surface-volumes/45.532um-11.0m-74keV-volume-20260310170716.zarr,"760,4280","6,4280,760",0,PHercParis4/segments/20260603145540-5753_-4/mesh/20260603145540-on-20260310170716-45.532um.tifxyz,transformed,True,0.999883,1.00012
PHercParis4,PHercParis4/segments/20260603185441-5753_-6,1.129um-0.23m-78keV-volume-20260608103018-L1.zarr,PHercParis4/segments/20260603185441-5753_-6/surface-volumes/1.129um-0.23m-78keV-volume-20260608103018-L1.zarr,"14610,84880","116,84880,14610",1,PHercParis4/segments/20260603185441-5753_-6/mesh/20260603185441-on-20260608103018-1.129um.tifxyz,transformed,True,0.499997,0.500003
PHercParis4,PHercParis4/segments/20260603185441-5753_-6,45.532um-11.0m-74keV-volume-20260310170716.zarr,PHercParis4/segments/20260603185441-5753_-6/surface-volumes/45.532um-11.0m-74keV-volume-20260310170716.zarr,"720,4220","6,4220,720",0,PHercParis4/segments/20260603185441-5753_-6/mesh/20260603185441-on-20260310170716-45.532um.tifxyz,transformed,True,0.999882,1.00012
PHercParis4,PHercParis4/segments/20260603190005-5753_-5,1.129um-0.23m-78keV-volume-20260608103018-L1.zarr,PHercParis4/segments/20260603190005-5753_-5/surface-volumes/1.129um-0.23m-78keV-volume-20260608103018-L1.zarr,"13850,85730","116,85730,13850",1,PHercParis4/segments/20260603190005-5753_-5/mesh/20260603190005-on-20260608103018-1.129um.tifxyz,transformed,True,0.499997,0.500003
PHercParis4,PHercParis4/segments/20260603190005-5753_-5,45.532um-11.0m-74keV-volume-20260310170716.zarr,PHercParis4/segments/20260603190005-5753_-5/surface-volumes/45.532um-11.0m-74keV-volume-20260310170716.zarr,"680,4260","6,4260,680",0,PHercParis4/segments/20260603190005-5753_-5/mesh/20260603190005-on-20260310170716-45.532um.tifxyz,transformed,True,0.999883,1.00012
PHercParis4,PHercParis4/segments/20260603193311-5753_-1_copy,1.129um-0.23m-78keV-volume-20260608103018-L1.zarr,PHercParis4/segments/20260603193311-5753_-1_copy/surface-volumes/1.129um-0.23m-78keV-volume-20260608103018-L1.zarr,"17930,85650","116,85650,17930",1,PHercParis4/segments/20260603193311-5753_-1_copy/mesh/20260603193311-on-20260608103018-1.129um.tifxyz,transformed,True,0.499997,0.500003
PHercParis4,PHercParis4/segments/20260603193311-5753_-1_copy,45.532um-11.0m-74keV-volume-20260310170716.zarr,PHercParis4/segments/20260603193311-5753_-1_copy/surface-volumes/45.532um-11.0m-74keV-volume-20260310170716.zarr,"900,4260","6,4260,900",0,PHercParis4/segments/20260603193311-5753_-1_copy/mesh/20260603193311-on-20260310170716-45.532um.tifxyz,transformed,True,0.999883,1.00012
PHercParis4,PHercParis4/segments/20260603222816-20231005123336_v2_flatboi,1.129um-0.23m-78keV-volume-20260608103018-L1.zarr,PHercParis4/segments/20260603222816-20231005123336_v2_flatboi/surface-volumes/1.129um-0.23m-78keV-volume-20260608103018-L1.zarr,"56070,50360","116,50360,56070",1,PHercParis4/segments/20260603222816-20231005123336_v2_flatboi/mesh/20260603222816-on-20260608103018-1.129um.tifxyz,transformed,True,0.499996,0.500004
PHercParis4,PHercParis4/segments/20260603222816-20231005123336_v2_flatboi,45.532um-11.0m-74keV-volume-20260310170716.zarr,PHercParis4/segments/20260603222816-20231005123336_v2_flatboi/surface-volumes/45.532um-11.0m-74keV-volume-20260310170716.zarr,"2780,2500","6,2500,2780",0,PHercParis4/segments/20260603222816-20231005123336_v2_flatboi/mesh/20260603222816-on-20260310170716-45.532um.tifxyz,transformed,True,0.99982,1.00018
PHercParis4,PHercParis4/segments/20260604223808-20231210121321_v8,1.129um-0.23m-78keV-volume-20260608103018-L1.zarr,PHercParis4/segments/20260604223808-20231210121321_v8/surface-volumes/1.129um-0.23m-78keV-volume-20260608103018-L1.zarr,"49660,72410","116,72410,49660",1,PHercParis4/segments/20260604223808-20231210121321_v8/mesh/20260604223808-on-20260608103018-1.129um.tifxyz,transformed,True,0.499997,0.500003
PHercParis4,PHercParis4/segments/20260604223808-20231210121321_v8,45.532um-11.0m-74keV-volume-20260310170716.zarr,PHercParis4/segments/20260604223808-20231210121321_v8/surface-volumes/45.532um-11.0m-74keV-volume-20260310170716.zarr,"2460,3600","6,3600,2460",0,PHercParis4/segments/20260604223808-20231210121321_v8/mesh/20260604223808-on-20260310170716-45.532um.tifxyz,transformed,True,0.999861,1.00014
PHercParis4,PHercParis4/segments/20260623141135-w046-052_jordi,1.129um-0.23m-78keV-volume-20260608103018-L1.zarr,PHercParis4/segments/20260623141135-w046-052_jordi/surface-volumes/1.129um-0.23m-78keV-volume-20260608103018-L1.zarr,"203820,51230","116,51230,203820",1,PHercParis4/segments/20260623141135-w046-052_jordi/mesh/20260623141135-on-20260608103018-1.129um.tifxyz,transformed,True,0.499999,0.500001
PHercParis4,PHercParis4/segments/20260623141135-w046-052_jordi,45.532um-11.0m-74keV-volume-20260310170716.zarr,PHercParis4/segments/20260623141135-w046-052_jordi/surface-volumes/45.532um-11.0m-74keV-volume-20260310170716.zarr,"10120,2540","6,2540,10120",0,PHercParis4/segments/20260623141135-w046-052_jordi/mesh/20260623141135-on-20260310170716-45.532um.tifxyz,transformed,True,0.999951,1.00005
PHercParis4,PHercParis4/segments/20260623141649-w053-058_jordi,45.532um-11.0m-74keV-volume-20260310170716.zarr,PHercParis4/segments/20260623141649-w053-058_jordi/surface-volumes/45.532um-11.0m-74keV-volume-20260310170716.zarr,"9820,2580","6,2580,9820",0,PHercParis4/segments/20260623141649-w053-058_jordi/mesh/20260623141649-on-20260310170716-45.532um.tifxyz,transformed,True,0.999949,1.00005
PHercParis4,PHercParis4/segments/20260623141924-w010-027,1.129um-0.23m-78keV-volume-20260608103018-L1.zarr,PHercParis4/segments/20260623141924-w010-027/surface-volumes/1.129um-0.23m-78keV-volume-20260608103018-L1.zarr,"180700,47750","116,47750,180700",1,PHercParis4/segments/20260623141924-w010-027/mesh/20260623141924-on-20260608103018-1.129um.tifxyz,transformed,True,0.499999,0.500001
PHercParis4,PHercParis4/segments/20260623141924-w010-027,45.532um-11.0m-74keV-volume-20260310170716.zarr,PHercParis4/segments/20260623141924-w010-027/surface-volumes/45.532um-11.0m-74keV-volume-20260310170716.zarr,"8980,2380","6,2380,8980",0,PHercParis4/segments/20260623141924-w010-027/mesh/20260623141924-on-20260310170716-45.532um.tifxyz,transformed,True,0.999944,1.00006
PHercParis4,PHercParis4/segments/20260623142658-w028-037,1.129um-0.23m-78keV-volume-20260608103018-L1.zarr,PHercParis4/segments/20260623142658-w028-037/surface-volumes/1.129um-0.23m-78keV-volume-20260608103018-L1.zarr,"187760,49280","116,49280,187760",1,PHercParis4/segments/20260623142658-w028-037/mesh/20260623142658-on-20260608103018-1.129um.tifxyz,transformed,True,0.499999,0.500001
PHercParis4,PHercParis4/segments/20260623142658-w028-037,45.532um-11.0m-74keV-volume-20260310170716.zarr,PHercParis4/segments/20260623142658-w028-037/surface-volumes/45.532um-11.0m-74keV-volume-20260310170716.zarr,"9320,2440","6,2440,9320",0,PHercParis4/segments/20260623142658-w028-037/mesh/20260623142658-on-20260310170716-45.532um.tifxyz,transformed,True,0.999946,1.00005
PHercParis4,PHercParis4/segments/20260623143441-w038-045,1.129um-0.23m-78keV-volume-20260608103018-L1.zarr,PHercParis4/segments/20260623143441-w038-045/surface-volumes/1.129um-0.23m-78keV-volume-20260608103018-L1.zarr,"196850,50470","116,50470,196850",1,PHercParis4/segments/20260623143441-w038-045/mesh/20260623143441-on-20260608103018-1.129um.tifxyz,transformed,True,0.499999,0.500001
PHercParis4,PHercParis4/segments/20260623143441-w038-045,45.532um-11.0m-74keV-volume-20260310170716.zarr,PHercParis4/segments/20260623143441-w038-045/surface-volumes/45.532um-11.0m-74keV-volume-20260310170716.zarr,"9780,2500","6,2500,9780",0,PHercParis4/segments/20260623143441-w038-045/mesh/20260623143441-on-20260310170716-45.532um.tifxyz,transformed,True,0.999949,1.00005
PHercParis4,PHercParis4/segments/20260623144224-w046-052,1.129um-0.23m-78keV-volume-20260608103018-L1.zarr,PHercParis4/segments/20260623144224-w046-052/surface-volumes/1.129um-0.23m-78keV-volume-20260608103018-L1.zarr,"204750,51150","116,51150,204750",1,PHercParis4/segments/20260623144224-w046-052/mesh/20260623144224-on-20260608103018-1.129um.tifxyz,transformed,True,0.499999,0.500001
PHercParis4,PHercParis4/segments/20260623144224-w046-052,45.532um-11.0m-74keV-volume-20260310170716.zarr,PHercParis4/segments/20260623144224-w046-052/surface-volumes/45.532um-11.0m-74keV-volume-20260310170716.zarr,"10160,2540","6,2540,10160",0,PHercParis4/segments/20260623144224-w046-052/mesh/20260623144224-on-20260310170716-45.532um.tifxyz,transformed,True,0.999951,1.00005
PHercParis4,PHercParis4/segments/20260623144957-w053-058,1.129um-0.23m-78keV-volume-20260608103018-L1.zarr,PHercParis4/segments/20260623144957-w053-058/surface-volumes/1.129um-0.23m-78keV-volume-20260608103018-L1.zarr,"198210,51660","116,51660,198210",1,PHercParis4/segments/20260623144957-w053-058/mesh/20260623144957-on-20260608103018-1.129um.tifxyz,transformed,True,0.499999,0.500001
PHercParis4,PHercParis4/segments/20260623144957-w053-058,45.532um-11.0m-74keV-volume-20260310170716.zarr,PHercParis4/segments/20260623144957-w053-058/surface-volumes/45.532um-11.0m-74keV-volume-20260310170716.zarr,"9840,2560","6,2560,9840",0,PHercParis4/segments/20260623144957-w053-058/mesh/20260623144957-on-20260310170716-45.532um.tifxyz,transformed,True,0.999949,1.00005
PHercParis4,PHercParis4/segments/20260623145652-w059-063,1.129um-0.23m-78keV-volume-20260608103018-L1.zarr,PHercParis4/segments/20260623145652-w059-063/surface-volumes/1.129um-0.23m-78keV-volume-20260608103018-L1.zarr,"183770,52080","116,52080,183770",1,PHercParis4/segments/20260623145652-w059-063/mesh/20260623145652-on-20260608103018-1.129um.tifxyz,transformed,True,0.499999,0.500001
PHercParis4,PHercParis4/segments/20260623145652-w059-063,45.532um-11.0m-74keV-volume-20260310170716.zarr,PHercParis4/segments/20260623145652-w059-063/surface-volumes/45.532um-11.0m-74keV-volume-20260310170716.zarr,"9120,2580","6,2580,9120",0,PHercParis4/segments/20260623145652-w059-063/mesh/20260623145652-on-20260310170716-45.532um.tifxyz,transformed,True,0.999945,1.00005
PHercParis4,PHercParis4/segments/20260623150417-w064-068,1.129um-0.23m-78keV-volume-20260608103018-L1.zarr,PHercParis4/segments/20260623150417-w064-068/surface-volumes/1.129um-0.23m-78keV-volume-20260608103018-L1.zarr,"203310,52340","116,52340,203310",1,PHercParis4/segments/20260623150417-w064-068/mesh/20260623150417-on-20260608103018-1.129um.tifxyz,transformed,True,0.499999,0.500001
PHercParis4,PHercParis4/segments/20260623151041-w069-072,1.129um-0.23m-78keV-volume-20260608103018-L1.zarr,PHercParis4/segments/20260623151041-w069-072/surface-volumes/1.129um-0.23m-78keV-volume-20260608103018-L1.zarr,"176120,52170","116,52170,176120",1,PHercParis4/segments/20260623151041-w069-072/mesh/20260623151041-on-20260608103018-1.129um.tifxyz,transformed,True,0.499999,0.500001
PHercParis4,PHercParis4/segments/20260623151041-w069-072,45.532um-11.0m-74keV-volume-20260310170716.zarr,PHercParis4/segments/20260623151041-w069-072/surface-volumes/45.532um-11.0m-74keV-volume-20260310170716.zarr,"8740,2600","6,2600,8740",0,PHercParis4/segments/20260623151041-w069-072/mesh/20260623151041-on-20260310170716-45.532um.tifxyz,transformed,True,0.999943,1.00006
PHercParis4,PHercParis4/segments/20260623151729-w073-076,1.129um-0.23m-78keV-volume-20260608103018-L1.zarr,PHercParis4/segments/20260623151729-w073-076/surface-volumes/1.129um-0.23m-78keV-volume-20260608103018-L1.zarr,"186150,52170","116,52170,186150",1,PHercParis4/segments/20260623151729-w073-076/mesh/20260623151729-on-20260608103018-1.129um.tifxyz,transformed,True,0.499999,0.500001
PHercParis4,PHercParis4/segments/20260623151729-w073-076,45.532um-11.0m-74keV-volume-20260310170716.zarr,PHercParis4/segments/20260623151729-w073-076/surface-volumes/45.532um-11.0m-74keV-volume-20260310170716.zarr,"9240,2600","6,2600,9240",0,PHercParis4/segments/20260623151729-w073-076/mesh/20260623151729-on-20260310170716-45.532um.tifxyz,transformed,True,0.999946,1.00005
PHercParis4,PHercParis4/segments/20260623152443-w077-080,1.129um-0.23m-78keV-volume-20260608103018-L1.zarr,PHercParis4/segments/20260623152443-w077-080/surface-volumes/1.129um-0.23m-78keV-volume-20260608103018-L1.zarr,"196590,52250","116,52250,196590",1,PHercParis4/segments/20260623152443-w077-080/mesh/20260623152443-on-20260608103018-1.129um.tifxyz,transformed,True,0.499999,0.500001
PHercParis4,PHercParis4/segments/20260623153216-w081-084,1.129um-0.23m-78keV-volume-20260608103018-L1.zarr,PHercParis4/segments/20260623153216-w081-084/surface-volumes/1.129um-0.23m-78keV-volume-20260608103018-L1.zarr,"208410,52590","116,52590,208410",1,PHercParis4/segments/20260623153216-w081-084/mesh/20260623153216-on-20260608103018-1.129um.tifxyz,transformed,True,0.499999,0.500001
PHercParis4,PHercParis4/segments/20260623154006-w085-088,1.129um-0.23m-78keV-volume-20260608103018-L1.zarr,PHercParis4/segments/20260623154006-w085-088/surface-volumes/1.129um-0.23m-78keV-volume-20260608103018-L1.zarr,"219620,52850","116,52850,219620",1,PHercParis4/segments/20260623154006-w085-088/mesh/20260623154006-on-20260608103018-1.129um.tifxyz,transformed,True,0.499999,0.500001
PHercParis4,PHercParis4/segments/20260623154006-w085-088,45.532um-11.0m-74keV-volume-20260310170716.zarr,PHercParis4/segments/20260623154006-w085-088/surface-volumes/45.532um-11.0m-74keV-volume-20260310170716.zarr,"10900,2620","6,2620,10900",0,PHercParis4/segments/20260623154006-w085-088/mesh/20260623154006-on-20260310170716-45.532um.tifxyz,transformed,True,0.999954,1.00005
PHercParis4,PHercParis4/segments/20260623154617-w089-091,1.129um-0.23m-78keV-volume-20260608103018-L1.zarr,PHercParis4/segments/20260623154617-w089-091/surface-volumes/1.129um-0.23m-78keV-volume-20260608103018-L1.zarr,"174680,52680","116,52680,174680",1,PHercParis4/segments/20260623154617-w089-091/mesh/20260623154617-on-20260608103018-1.129um.tifxyz,transformed,True,0.499999,0.500001
PHercParis4,PHercParis4/segments/20260623154617-w089-091,45.532um-11.0m-74keV-volume-20260310170716.zarr,PHercParis4/segments/20260623154617-w089-091/surface-volumes/45.532um-11.0m-74keV-volume-20260310170716.zarr,"8680,2620","6,2620,8680",0,PHercParis4/segments/20260623154617-w089-091/mesh/20260623154617-on-20260310170716-45.532um.tifxyz,transformed,True,0.999942,1.00006
PHercParis4,PHercParis4/segments/20260623155240-w092-094,1.129um-0.23m-78keV-volume-20260608103018-L1.zarr,PHercParis4/segments/20260623155240-w092-094/surface-volumes/1.129um-0.23m-78keV-volume-20260608103018-L1.zarr,"180790,52760","116,52760,180790",1,PHercParis4/segments/20260623155240-w092-094/mesh/20260623155240-on-20260608103018-1.129um.tifxyz,transformed,True,0.499999,0.500001
PHercParis4,PHercParis4/segments/20260623155914-w095-097,45.532um-11.0m-74keV-volume-20260310170716.zarr,PHercParis4/segments/20260623155914-w095-097/surface-volumes/45.532um-11.0m-74keV-volume-20260310170716.zarr,"9260,2620","6,2620,9260",0,PHercParis4/segments/20260623155914-w095-097/mesh/20260623155914-on-20260310170716-45.532um.tifxyz,transformed,True,0.999946,1.00005
PHercParis4,PHercParis4/segments/20260623160554-w098-100,45.532um-11.0m-74keV-volume-20260310170716.zarr,PHercParis4/segments/20260623160554-w098-100/surface-volumes/45.532um-11.0m-74keV-volume-20260310170716.zarr,"9480,2600","6,2600,9480",0,PHercParis4/segments/20260623160554-w098-100/mesh/20260623160554-on-20260310170716-45.532um.tifxyz,transformed,True,0.999947,1.00005
PHercParis4,PHercParis4/segments/20260623161233-w101-103,45.532um-11.0m-74keV-volume-20260310170716.zarr,PHercParis4/segments/20260623161233-w101-103/surface-volumes/45.532um-11.0m-74keV-volume-20260310170716.zarr,"9660,2600","6,2600,9660",0,PHercParis4/segments/20260623161233-w101-103/mesh/20260623161233-on-20260310170716-45.532um.tifxyz,transformed,True,0.999948,1.00005
PHercParis4,PHercParis4/segments/20260623161921-w104-106,45.532um-11.0m-74keV-volume-20260310170716.zarr,PHercParis4/segments/20260623161921-w104-106/surface-volumes/45.532um-11.0m-74keV-volume-20260310170716.zarr,"9820,2640","6,2640,9820",0,PHercParis4/segments/20260623161921-w104-106/mesh/20260623161921-on-20260310170716-45.532um.tifxyz,transformed,True,0.999949,1.00005
PHercParis4,PHercParis4/segments/20260623163339-w110-112,45.532um-11.0m-74keV-volume-20260310170716.zarr,PHercParis4/segments/20260623163339-w110-112/surface-volumes/45.532um-11.0m-74keV-volume-20260310170716.zarr,"10140,2640","6,2640,10140",0,PHercParis4/segments/20260623163339-w110-112/mesh/20260623163339-on-20260310170716-45.532um.tifxyz,transformed,True,0.999951,1.00005
PHercParis4,PHercParis4/segments/20260623164141-w113-115,45.532um-11.0m-74keV-volume-20260310170716.zarr,PHercParis4/segments/20260623164141-w113-115/surface-volumes/45.532um-11.0m-74keV-volume-20260310170716.zarr,"10340,2640","6,2640,10340",0,PHercParis4/segments/20260623164141-w113-115/mesh/20260623164141-on-20260310170716-45.532um.tifxyz,transformed,True,0.999952,1.00005
PHercParis4,PHercParis4/segments/20260623164704-w116-117,1.129um-0.23m-78keV-volume-20260608103018-L1.zarr,PHercParis4/segments/20260623164704-w116-117/surface-volumes/1.129um-0.23m-78keV-volume-20260608103018-L1.zarr,"142390,52510","116,52510,142390",1,PHercParis4/segments/20260623164704-w116-117/mesh/20260623164704-on-20260608103018-1.129um.tifxyz,transformed,True,0.499998,0.500002
PHercParis4,PHercParis4/segments/20260623164704-w116-117,45.532um-11.0m-74keV-volume-20260310170716.zarr,PHercParis4/segments/20260623164704-w116-117/surface-volumes/45.532um-11.0m-74keV-volume-20260310170716.zarr,"7080,2600","6,2600,7080",0,PHercParis4/segments/20260623164704-w116-117/mesh/20260623164704-on-20260310170716-45.532um.tifxyz,transformed,True,0.999929,1.00007
PHercParis4,PHercParis4/segments/20260623165230-w118-119,45.532um-11.0m-74keV-volume-20260310170716.zarr,PHercParis4/segments/20260623165230-w118-119/surface-volumes/45.532um-11.0m-74keV-volume-20260310170716.zarr,"7140,2580","6,2580,7140",0,PHercParis4/segments/20260623165230-w118-119/mesh/20260623165230-on-20260310170716-45.532um.tifxyz,transformed,True,0.99993,1.00007
PHercParis4,PHercParis4/segments/20260623165742-w120-121,1.129um-0.23m-78keV-volume-20260608103018-L1.zarr,PHercParis4/segments/20260623165742-w120-121/surface-volumes/1.129um-0.23m-78keV-volume-20260608103018-L1.zarr,"144690,51570","116,51570,144690",1,PHercParis4/segments/20260623165742-w120-121/mesh/20260623165742-on-20260608103018-1.129um.tifxyz,transformed,True,0.499998,0.500002
PHercParis4,PHercParis4/segments/20260623165742-w120-121,45.532um-11.0m-74keV-volume-20260310170716.zarr,PHercParis4/segments/20260623165742-w120-121/surface-volumes/45.532um-11.0m-74keV-volume-20260310170716.zarr,"7180,2560","6,2560,7180",0,PHercParis4/segments/20260623165742-w120-121/mesh/20260623165742-on-20260310170716-45.532um.tifxyz,transformed,True,0.99993,1.00007
PHercParis4,PHercParis4/segments/20260623170305-w122-123,1.129um-0.23m-78keV-volume-20260608103018-L1.zarr,PHercParis4/segments/20260623170305-w122-123/surface-volumes/1.129um-0.23m-78keV-volume-20260608103018-L1.zarr,"145370,51490","116,51490,145370",1,PHercParis4/segments/20260623170305-w122-123/mesh/20260623170305-on-20260608103018-1.129um.tifxyz,transformed,True,0.499998,0.500002
PHercParis4,PHercParis4/segments/20260623170305-w122-123,45.532um-11.0m-74keV-volume-20260310170716.zarr,PHercParis4/segments/20260623170305-w122-123/surface-volumes/45.532um-11.0m-74keV-volume-20260310170716.zarr,"7220,2560","6,2560,7220",0,PHercParis4/segments/20260623170305-w122-123/mesh/20260623170305-on-20260310170716-45.532um.tifxyz,transformed,True,0.999931,1.00007
PHercParis4,PHercParis4/segments/20260623170833-w124-125,45.532um-11.0m-74keV-volume-20260310170716.zarr,PHercParis4/segments/20260623170833-w124-125/surface-volumes/45.532um-11.0m-74keV-volume-20260310170716.zarr,"7340,2680","6,2680,7340",0,PHercParis4/segments/20260623170833-w124-125/mesh/20260623170833-on-20260310170716-45.532um.tifxyz,transformed,True,0.999932,1.00007
PHercParis4,PHercParis4/segments/20260623171400-w126-127,45.532um-11.0m-74keV-volume-20260310170716.zarr,PHercParis4/segments/20260623171400-w126-127/surface-volumes/45.532um-11.0m-74keV-volume-20260310170716.zarr,"8060,3340","6,3340,8060",0,PHercParis4/segments/20260623171400-w126-127/mesh/20260623171400-on-20260310170716-45.532um.tifxyz,transformed,True,0.999938,1.00006
PHercParis4,PHercParis4/segments/20260623171929-w128-129,45.532um-11.0m-74keV-volume-20260310170716.zarr,PHercParis4/segments/20260623171929-w128-129/surface-volumes/45.532um-11.0m-74keV-volume-20260310170716.zarr,"8220,3720","6,3720,8220",0,PHercParis4/segments/20260623171929-w128-129/mesh/20260623171929-on-20260310170716-45.532um.tifxyz,transformed,True,0.999939,1.00006
PHercParis4,PHercParis4/segments/20260701183124-w010-027,45.532um-11.0m-74keV-volume-20260310170716.zarr,PHercParis4/segments/20260701183124-w010-027/surface-volumes/45.532um-11.0m-74keV-volume-20260310170716.zarr,"8960,3680","6,3680,8960",0,PHercParis4/segments/20260701183124-w010-027/mesh/20260701183124-on-20260310170716-45.532um.tifxyz,transformed,True,0.999944,1.00006
PHercParis4,PHercParis4/segments/20260701183126-w038-045,45.532um-11.0m-74keV-volume-20260310170716.zarr,PHercParis4/segments/20260701183126-w038-045/surface-volumes/45.532um-11.0m-74keV-volume-20260310170716.zarr,"9700,3960","6,3960,9700",0,PHercParis4/segments/20260701183126-w038-045/mesh/20260701183126-on-20260310170716-45.532um.tifxyz,transformed,True,0.999948,1.00005
PHercParis4,PHercParis4/segments/20260701183127-w046-052,45.532um-11.0m-74keV-volume-20260310170716.zarr,PHercParis4/segments/20260701183127-w046-052/surface-volumes/45.532um-11.0m-74keV-volume-20260310170716.zarr,"10280,3960","6,3960,10280",0,PHercParis4/segments/20260701183127-w046-052/mesh/20260701183127-on-20260310170716-45.532um.tifxyz,transformed,True,0.999951,1.00005
PHercParis4,PHercParis4/segments/20260701183128-w053-058,45.532um-11.0m-74keV-volume-20260310170716.zarr,PHercParis4/segments/20260701183128-w053-058/surface-volumes/45.532um-11.0m-74keV-volume-20260310170716.zarr,"9760,3860","6,3860,9760",0,PHercParis4/segments/20260701183128-w053-058/mesh/20260701183128-on-20260310170716-45.532um.tifxyz,transformed,True,0.999949,1.00005
PHercParis4,PHercParis4/segments/20260701183129-w059-063,45.532um-11.0m-74keV-volume-20260310170716.zarr,PHercParis4/segments/20260701183129-w059-063/surface-volumes/45.532um-11.0m-74keV-volume-20260310170716.zarr,"9280,3900","6,3900,9280",0,PHercParis4/segments/20260701183129-w059-063/mesh/20260701183129-on-20260310170716-45.532um.tifxyz,transformed,True,0.999946,1.00005
PHercParis4,PHercParis4/segments/20260701183130-w064-068,45.532um-11.0m-74keV-volume-20260310170716.zarr,PHercParis4/segments/20260701183130-w064-068/surface-volumes/45.532um-11.0m-74keV-volume-20260310170716.zarr,"10140,3900","6,3900,10140",0,PHercParis4/segments/20260701183130-w064-068/mesh/20260701183130-on-20260310170716-45.532um.tifxyz,transformed,True,0.999951,1.00005
PHercParis4,PHercParis4/segments/20260701183131-w069-072,45.532um-11.0m-74keV-volume-20260310170716.zarr,PHercParis4/segments/20260701183131-w069-072/surface-volumes/45.532um-11.0m-74keV-volume-20260310170716.zarr,"8700,3880","6,3880,8700",0,PHercParis4/segments/20260701183131-w069-072/mesh/20260701183131-on-20260310170716-45.532um.tifxyz,transformed,True,0.999943,1.00006
PHercParis4,PHercParis4/segments/20260701183132-w073-076,45.532um-11.0m-74keV-volume-20260310170716.zarr,PHercParis4/segments/20260701183132-w073-076/surface-volumes/45.532um-11.0m-74keV-volume-20260310170716.zarr,"9180,4240","6,4240,9180",0,PHercParis4/segments/20260701183132-w073-076/mesh/20260701183132-on-20260310170716-45.532um.tifxyz,transformed,True,0.999946,1.00005
PHercParis4,PHercParis4/segments/20260701183133-w077-080,45.532um-11.0m-74keV-volume-20260310170716.zarr,PHercParis4/segments/20260701183133-w077-080/surface-volumes/45.532um-11.0m-74keV-volume-20260310170716.zarr,"9740,4140","6,4140,9740",0,PHercParis4/segments/20260701183133-w077-080/mesh/20260701183133-on-20260310170716-45.532um.tifxyz,transformed,True,0.999949,1.00005
PHercParis4,PHercParis4/segments/20260701183134-w081-084,45.532um-11.0m-74keV-volume-20260310170716.zarr,PHercParis4/segments/20260701183134-w081-084/surface-volumes/45.532um-11.0m-74keV-volume-20260310170716.zarr,"10280,4160","6,4160,10280",0,PHercParis4/segments/20260701183134-w081-084/mesh/20260701183134-on-20260310170716-45.532um.tifxyz,transformed,True,0.999951,1.00005
PHercParis4,PHercParis4/segments/20260701183135-w085-088,45.532um-11.0m-74keV-volume-20260310170716.zarr,PHercParis4/segments/20260701183135-w085-088/surface-volumes/45.532um-11.0m-74keV-volume-20260310170716.zarr,"10800,4140","6,4140,10800",0,PHercParis4/segments/20260701183135-w085-088/mesh/20260701183135-on-20260310170716-45.532um.tifxyz,transformed,True,0.999954,1.00005
PHercParis4,PHercParis4/segments/20260701183136-w089-091,45.532um-11.0m-74keV-volume-20260310170716.zarr,PHercParis4/segments/20260701183136-w089-091/surface-volumes/45.532um-11.0m-74keV-volume-20260310170716.zarr,"8600,4060","6,4060,8600",0,PHercParis4/segments/20260701183136-w089-091/mesh/20260701183136-on-20260310170716-45.532um.tifxyz,transformed,True,0.999942,1.00006
PHercParis4,PHercParis4/segments/20260701183137-w092-094,45.532um-11.0m-74keV-volume-20260310170716.zarr,PHercParis4/segments/20260701183137-w092-094/surface-volumes/45.532um-11.0m-74keV-volume-20260310170716.zarr,"8900,4020","6,4020,8900",0,PHercParis4/segments/20260701183137-w092-094/mesh/20260701183137-on-20260310170716-45.532um.tifxyz,transformed,True,0.999944,1.00006
PHercParis4,PHercParis4/segments/20260701183138-w095-097,45.532um-11.0m-74keV-volume-20260310170716.zarr,PHercParis4/segments/20260701183138-w095-097/surface-volumes/45.532um-11.0m-74keV-volume-20260310170716.zarr,"9140,4080","6,4080,9140",0,PHercParis4/segments/20260701183138-w095-097/mesh/20260701183138-on-20260310170716-45.532um.tifxyz,transformed,True,0.999945,1.00005
PHercParis4,PHercParis4/segments/20260701183139-w098-100,45.532um-11.0m-74keV-volume-20260310170716.zarr,PHercParis4/segments/20260701183139-w098-100/surface-volumes/45.532um-11.0m-74keV-volume-20260310170716.zarr,"9320,4080","6,4080,9320",0,PHercParis4/segments/20260701183139-w098-100/mesh/20260701183139-on-20260310170716-45.532um.tifxyz,transformed,True,0.999946,1.00005
PHercParis4,PHercParis4/segments/20260701183140-w101-103,45.532um-11.0m-74keV-volume-20260310170716.zarr,PHercParis4/segments/20260701183140-w101-103/surface-volumes/45.532um-11.0m-74keV-volume-20260310170716.zarr,"9520,4140","6,4140,9520",0,PHercParis4/segments/20260701183140-w101-103/mesh/20260701183140-on-20260310170716-45.532um.tifxyz,transformed,True,0.999947,1.00005
PHercParis4,PHercParis4/segments/20260701183141-w104-106,45.532um-11.0m-74keV-volume-20260310170716.zarr,PHercParis4/segments/20260701183141-w104-106/surface-volumes/45.532um-11.0m-74keV-volume-20260310170716.zarr,"9620,4020","6,4020,9620",0,PHercParis4/segments/20260701183141-w104-106/mesh/20260701183141-on-20260310170716-45.532um.tifxyz,transformed,True,0.999948,1.00005
PHercParis4,PHercParis4/segments/20260701183142-w107-109,45.532um-11.0m-74keV-volume-20260310170716.zarr,PHercParis4/segments/20260701183142-w107-109/surface-volumes/45.532um-11.0m-74keV-volume-20260310170716.zarr,"9840,4000","6,4000,9840",0,PHercParis4/segments/20260701183142-w107-109/mesh/20260701183142-on-20260310170716-45.532um.tifxyz,transformed,True,0.999949,1.00005
PHercParis4,PHercParis4/segments/20260701183143-w110-112,45.532um-11.0m-74keV-volume-20260310170716.zarr,PHercParis4/segments/20260701183143-w110-112/surface-volumes/45.532um-11.0m-74keV-volume-20260310170716.zarr,"10040,3960","6,3960,10040",0,PHercParis4/segments/20260701183143-w110-112/mesh/20260701183143-on-20260310170716-45.532um.tifxyz,transformed,True,0.99995,1.00005
PHercParis4,PHercParis4/segments/20260701183144-w113-115,45.532um-11.0m-74keV-volume-20260310170716.zarr,PHercParis4/segments/20260701183144-w113-115/surface-volumes/45.532um-11.0m-74keV-volume-20260310170716.zarr,"10220,3960","6,3960,10220",0,PHercParis4/segments/20260701183144-w113-115/mesh/20260701183144-on-20260310170716-45.532um.tifxyz,transformed,True,0.999951,1.00005
PHercParis4,PHercParis4/segments/20260701183145-w116-117,45.532um-11.0m-74keV-volume-20260310170716.zarr,PHercParis4/segments/20260701183145-w116-117/surface-volumes/45.532um-11.0m-74keV-volume-20260310170716.zarr,"7100,3960","6,3960,7100",0,PHercParis4/segments/20260701183145-w116-117/mesh/20260701183145-on-20260310170716-45.532um.tifxyz,transformed,True,0.99993,1.00007
PHercParis4,PHercParis4/segments/20260701183146-w118-119,45.532um-11.0m-74keV-volume-20260310170716.zarr,PHercParis4/segments/20260701183146-w118-119/surface-volumes/45.532um-11.0m-74keV-volume-20260310170716.zarr,"7220,3960","6,3960,7220",0,PHercParis4/segments/20260701183146-w118-119/mesh/20260701183146-on-20260310170716-45.532um.tifxyz,transformed,True,0.999931,1.00007
PHercParis4,PHercParis4/segments/20260701183147-w120-121,45.532um-11.0m-74keV-volume-20260310170716.zarr,PHercParis4/segments/20260701183147-w120-121/surface-volumes/45.532um-11.0m-74keV-volume-20260310170716.zarr,"7300,4020","6,4020,7300",0,PHercParis4/segments/20260701183147-w120-121/mesh/20260701183147-on-20260310170716-45.532um.tifxyz,transformed,True,0.999932,1.00007
PHercParis4,PHercParis4/segments/20260701183148-w122-123,45.532um-11.0m-74keV-volume-20260310170716.zarr,PHercParis4/segments/20260701183148-w122-123/surface-volumes/45.532um-11.0m-74keV-volume-20260310170716.zarr,"7240,4180","6,4180,7240",0,PHercParis4/segments/20260701183148-w122-123/mesh/20260701183148-on-20260310170716-45.532um.tifxyz,transformed,True,0.999931,1.00007
PHercParis4,PHercParis4/segments/20260701183149-w124-125,45.532um-11.0m-74keV-volume-20260310170716.zarr,PHercParis4/segments/20260701183149-w124-125/surface-volumes/45.532um-11.0m-74keV-volume-20260310170716.zarr,"7560,4420","6,4420,7560",0,PHercParis4/segments/20260701183149-w124-125/mesh/20260701183149-on-20260310170716-45.532um.tifxyz,transformed,True,0.999934,1.00007
PHercParis4,PHercParis4/segments/20260701183150-w126-127,45.532um-11.0m-74keV-volume-20260310170716.zarr,PHercParis4/segments/20260701183150-w126-127/surface-volumes/45.532um-11.0m-74keV-volume-20260310170716.zarr,"8160,4960","6,4960,8160",0,PHercParis4/segments/20260701183150-w126-127/mesh/20260701183150-on-20260310170716-45.532um.tifxyz,transformed,True,0.999939,1.00006
PHercParis4,PHercParis4/segments/20260701183151-w128-129,45.532um-11.0m-74keV-volume-20260310170716.zarr,PHercParis4/segments/20260701183151-w128-129/surface-volumes/45.532um-11.0m-74keV-volume-20260310170716.zarr,"7500,4720","6,4720,7500",0,PHercParis4/segments/20260701183151-w128-129/mesh/20260701183151-on-20260310170716-45.532um.tifxyz,transformed,True,0.999933,1.00007
