seg,sample,volume,volume_dir,store_format,in_catalogue,catalogue_types,canvas_size_wh,level0_zyx,canvas_matches_level0,source_group,source_zarr,zattrs_ok,level0_ok,n_pairs,n_mesh_variants,scope_same_frame_verdict,scope_same_frame_n_pairs,scope_same_frame_best_variant,scope_same_frame_best_kind,scope_same_frame_best_model_scale,scope_same_frame_best_rs_lo,scope_same_frame_best_rs_hi,scope_same_frame_best_clean_scale,scope_same_frame_best_residual_px,scope_same_frame_implied_rel_diff,scope_same_frame_best_variant_names_volume,scope_all_verdict,scope_all_n_pairs,scope_all_best_variant,scope_all_best_kind,scope_all_best_model_scale,scope_all_best_rs_lo,scope_all_best_rs_hi,scope_all_best_clean_scale,scope_all_best_residual_px,scope_all_implied_rel_diff,scope_all_best_variant_names_volume,verdict,scope_same_frame_rs1_any_exact,scope_all_rs1_any_exact,variance_within_1px_only
PHerc0009B/segments/20250510172639,PHerc0009B,2.401um-0.35m-77keV-volume-20250820154339.zarr,PHerc0009B/segments/20250510172639/surface-volumes/2.401um-0.35m-77keV-volume-20250820154339.zarr,zarr,True,layers-zarr,"14760,18520","109,18520,14760",True,0,/volumes/esrf/20250717/sam2long-16xdown/SCROLLS_HEL_2.401um_77keV_0.35m_PHerc_0009B_TA3_0001_masked.zarr/,True,True,4,4,not_reproduced_from_any_published_variant,2,PHerc0009B/segments/20250510172639/mesh/intermediate/tifxyz_original,tifxyz_original,1,,,,7,0.000468704,,reproduced_at_documented_scale,4,PHerc0009B/segments/20250510172639/mesh/20250510172639-on-20250820154339-2.401um.tifxyz,transformed,1,0.999973,1.00003,1,0,0,True,reproduced_at_documented_scale,False,True,False
PHerc0009B/segments/20250510172639,PHerc0009B,8.64um-1.2m-116keV-volume-20250521125136.zarr,PHerc0009B/segments/20250510172639/surface-volumes/8.64um-1.2m-116keV-volume-20250521125136.zarr,zarr,True,layers-zarr,"4100,5140","31,5140,4100",True,0,/volumes/esrf/20250506/SCROLLS_TA_HEL_4.320um_1.0m_116keV_binmean_2_PHerc0009B_TA_0001_masked.zarr/,True,True,4,4,reproduced_at_documented_scale,2,PHerc0009B/segments/20250510172639/mesh/intermediate/tifxyz_normalized,tifxyz_normalized,1,0.999903,1.0001,1,0,0,,reproduced_at_documented_scale,4,PHerc0009B/segments/20250510172639/mesh/20250510172639-on-20250521125136-8.64um.tifxyz,transformed,1,0.999903,1.0001,1,0,0,True,reproduced_at_documented_scale,True,True,False
PHerc0009B/segments/20250510172804,PHerc0009B,2.401um-0.35m-77keV-volume-20250820154339.zarr,PHerc0009B/segments/20250510172804/surface-volumes/2.401um-0.35m-77keV-volume-20250820154339.zarr,zarr,True,layers-zarr,"21240,14680","109,14680,21240",True,0,/volumes/esrf/20250717/sam2long-16xdown/SCROLLS_HEL_2.401um_77keV_0.35m_PHerc_0009B_TA3_0001_masked.zarr/,True,True,4,4,not_reproduced_from_any_published_variant,2,PHerc0009B/segments/20250510172804/mesh/intermediate/tifxyz_normalized,tifxyz_normalized,1,,,,8,0.000544959,,reproduced_at_documented_scale,4,PHerc0009B/segments/20250510172804/mesh/20250510172804-on-20250820154339-2.401um.tifxyz,transformed,1,0.999976,1.00002,1,0,0,True,reproduced_at_documented_scale,False,True,False
PHerc0009B/segments/20250510172804,PHerc0009B,8.64um-1.2m-116keV-volume-20250521125136.zarr,PHerc0009B/segments/20250510172804/surface-volumes/8.64um-1.2m-116keV-volume-20250521125136.zarr,zarr,True,layers-zarr,"5900,4080","31,4080,5900",True,0,/volumes/esrf/20250506/SCROLLS_TA_HEL_4.320um_1.0m_116keV_binmean_2_PHerc0009B_TA_0001_masked.zarr/,True,True,4,4,reproduced_at_documented_scale,2,PHerc0009B/segments/20250510172804/mesh/intermediate/tifxyz_normalized,tifxyz_normalized,1,0.999915,1.00008,1,0,0,,reproduced_at_documented_scale,4,PHerc0009B/segments/20250510172804/mesh/20250510172804-on-20250521125136-8.64um.tifxyz,transformed,1,0.999915,1.00008,1,0,0,True,reproduced_at_documented_scale,True,True,False
PHerc0009B/segments/20250511200236,PHerc0009B,2.401um-0.35m-77keV-volume-20250820154339.zarr,PHerc0009B/segments/20250511200236/surface-volumes/2.401um-0.35m-77keV-volume-20250820154339.zarr,zarr,True,layers-zarr,"14460,14980","109,14980,14460",True,0,/volumes/esrf/20250717/sam2long-16xdown/SCROLLS_HEL_2.401um_77keV_0.35m_PHerc_0009B_TA3_0001_masked.zarr/,True,True,4,4,not_reproduced_from_any_published_variant,2,PHerc0009B/segments/20250511200236/mesh/intermediate/tifxyz_normalized,tifxyz_normalized,1,,,,15,0.00109719,,reproduced_at_documented_scale,4,PHerc0009B/segments/20250511200236/mesh/20250511200236-on-20250820154339-2.401um.tifxyz,transformed,1,0.999967,1.00003,1,0,0,True,reproduced_at_documented_scale,False,True,False
PHerc0009B/segments/20250511200236,PHerc0009B,8.64um-1.2m-116keV-volume-20250521125136.zarr,PHerc0009B/segments/20250511200236/surface-volumes/8.64um-1.2m-116keV-volume-20250521125136.zarr,zarr,True,layers-zarr,"4020,4160","31,4160,4020",True,0,/volumes/esrf/20250506/SCROLLS_TA_HEL_4.320um_1.0m_116keV_binmean_2_PHerc0009B_TA_0001_masked.zarr/,True,True,4,4,reproduced_at_documented_scale,2,PHerc0009B/segments/20250511200236/mesh/intermediate/tifxyz_normalized,tifxyz_normalized,1,0.99988,1.00012,1,0,0,,reproduced_at_documented_scale,4,PHerc0009B/segments/20250511200236/mesh/20250511200236-on-20250521125136-8.64um.tifxyz,transformed,1,0.99988,1.00012,1,0,0,True,reproduced_at_documented_scale,True,True,False
PHerc0009B/segments/20250919064353-auto_grown_20250918234353791,PHerc0009B,2.401um-0.35m-77keV-volume-20250820154339.zarr,PHerc0009B/segments/20250919064353-auto_grown_20250918234353791/surface-volumes/2.401um-0.35m-77keV-volume-20250820154339.zarr,zarr,True,layers-zarr,"20880,24200","109,24200,20880",True,0,/volumes/esrf/20250717/sam2long-16xdown/SCROLLS_HEL_2.401um_77keV_0.35m_PHerc_0009B_TA3_0001_masked.zarr/,True,True,4,4,not_reproduced_from_any_published_variant,2,PHerc0009B/segments/20250919064353-auto_grown_20250918234353791/mesh/intermediate/tifxyz_normalized,tifxyz_normalized,1,,,,6,0.000330688,,reproduced_at_documented_scale,4,PHerc0009B/segments/20250919064353-auto_grown_20250918234353791/mesh/20250919064353-on-20250820154339-2.401um.tifxyz,transformed,1,0.999979,1.00002,1,0,0,True,reproduced_at_documented_scale,False,True,False
PHerc0009B/segments/20250919064353-auto_grown_20250918234353791,PHerc0009B,8.64um-1.2m-116keV-volume-20250521125136.zarr,PHerc0009B/segments/20250919064353-auto_grown_20250918234353791/surface-volumes/8.64um-1.2m-116keV-volume-20250521125136.zarr,zarr,True,layers-zarr,"5800,6720","31,6720,5800",True,0,/volumes/esrf/20250506/SCROLLS_TA_HEL_4.320um_1.0m_116keV_binmean_2_PHerc0009B_TA_0001_masked.zarr/,True,True,4,4,reproduced_at_documented_scale,2,PHerc0009B/segments/20250919064353-auto_grown_20250918234353791/mesh/intermediate/tifxyz_normalized,tifxyz_normalized,1,0.999926,1.00007,1,0,0,,reproduced_at_documented_scale,4,PHerc0009B/segments/20250919064353-auto_grown_20250918234353791/mesh/20250919064353-on-20250521125136-8.64um.tifxyz,transformed,1,0.999926,1.00007,1,0,0,True,reproduced_at_documented_scale,True,True,False
PHerc0009B/segments/20250919123506-auto_grown_20250919053506178_inp_hr,PHerc0009B,2.401um-0.35m-77keV-volume-20250820154339.zarr,PHerc0009B/segments/20250919123506-auto_grown_20250919053506178_inp_hr/surface-volumes/2.401um-0.35m-77keV-volume-20250820154339.zarr,zarr,True,layers-zarr,"20360,26140","109,26140,20360",True,0,/volumes/esrf/20250717/sam2long-16xdown/SCROLLS_HEL_2.401um_77keV_0.35m_PHerc_0009B_TA3_0001_masked.zarr/,True,True,4,4,not_reproduced_from_any_published_variant,2,PHerc0009B/segments/20250919123506-auto_grown_20250919053506178_inp_hr/mesh/intermediate/tifxyz_normalized,tifxyz_normalized,1,,,,19,0.00093902,,reproduced_at_documented_scale,4,PHerc0009B/segments/20250919123506-auto_grown_20250919053506178_inp_hr/mesh/20250919123506-on-20250820154339-2.401um.tifxyz,transformed,1,0.999981,1.00002,1,0,0,True,reproduced_at_documented_scale,False,True,False
PHerc0009B/segments/20250919123506-auto_grown_20250919053506178_inp_hr,PHerc0009B,8.64um-1.2m-116keV-volume-20250521125136.zarr,PHerc0009B/segments/20250919123506-auto_grown_20250919053506178_inp_hr/surface-volumes/8.64um-1.2m-116keV-volume-20250521125136.zarr,zarr,True,layers-zarr,"5660,7260","31,7260,5660",True,0,/volumes/esrf/20250506/SCROLLS_TA_HEL_4.320um_1.0m_116keV_binmean_2_PHerc0009B_TA_0001_masked.zarr/,True,True,4,4,reproduced_at_documented_scale,2,PHerc0009B/segments/20250919123506-auto_grown_20250919053506178_inp_hr/mesh/intermediate/tifxyz_normalized,tifxyz_normalized,1,0.999931,1.00007,1,0,0,,reproduced_at_documented_scale,4,PHerc0009B/segments/20250919123506-auto_grown_20250919053506178_inp_hr/mesh/20250919123506-on-20250521125136-8.64um.tifxyz,transformed,1,0.999931,1.00007,1,0,0,True,reproduced_at_documented_scale,True,True,False
PHerc0009B/segments/20250919124722-auto_grown_20250919054722721_inp_hr,PHerc0009B,2.401um-0.35m-77keV-volume-20250820154339.zarr,PHerc0009B/segments/20250919124722-auto_grown_20250919054722721_inp_hr/surface-volumes/2.401um-0.35m-77keV-volume-20250820154339.zarr,zarr,True,layers-zarr,"18000,26360","109,26360,18000",True,0,/volumes/esrf/20250717/sam2long-16xdown/SCROLLS_HEL_2.401um_77keV_0.35m_PHerc_0009B_TA3_0001_masked.zarr/,True,True,4,4,not_reproduced_from_any_published_variant,2,PHerc0009B/segments/20250919124722-auto_grown_20250919054722721_inp_hr/mesh/intermediate/tifxyz_normalized,tifxyz_normalized,1,,,,5,0.000303582,,reproduced_at_documented_scale,4,PHerc0009B/segments/20250919124722-auto_grown_20250919054722721_inp_hr/mesh/20250919124722-on-20250820154339-2.401um.tifxyz,transformed,1,0.999981,1.00002,1,0,0,True,reproduced_at_documented_scale,False,True,False
PHerc0009B/segments/20250919124722-auto_grown_20250919054722721_inp_hr,PHerc0009B,8.64um-1.2m-116keV-volume-20250521125136.zarr,PHerc0009B/segments/20250919124722-auto_grown_20250919054722721_inp_hr/surface-volumes/8.64um-1.2m-116keV-volume-20250521125136.zarr,zarr,True,layers-zarr,"5000,7320","31,7320,5000",True,0,/volumes/esrf/20250506/SCROLLS_TA_HEL_4.320um_1.0m_116keV_binmean_2_PHerc0009B_TA_0001_masked.zarr/,True,True,4,4,reproduced_at_documented_scale,2,PHerc0009B/segments/20250919124722-auto_grown_20250919054722721_inp_hr/mesh/intermediate/tifxyz_normalized,tifxyz_normalized,1,0.999932,1.00007,1,0,0,,reproduced_at_documented_scale,4,PHerc0009B/segments/20250919124722-auto_grown_20250919054722721_inp_hr/mesh/20250919124722-on-20250521125136-8.64um.tifxyz,transformed,1,0.999932,1.00007,1,0,0,True,reproduced_at_documented_scale,True,True,False
PHerc0009B/segments/20250919124917-auto_grown_20250919054917419_inp_hr,PHerc0009B,2.401um-0.35m-77keV-volume-20250820154339.zarr,PHerc0009B/segments/20250919124917-auto_grown_20250919054917419_inp_hr/surface-volumes/2.401um-0.35m-77keV-volume-20250820154339.zarr,zarr,True,layers-zarr,"13600,25200","109,25200,13600",True,0,/volumes/esrf/20250717/sam2long-16xdown/SCROLLS_HEL_2.401um_77keV_0.35m_PHerc_0009B_TA3_0001_masked.zarr/,True,True,4,4,not_reproduced_from_any_published_variant,2,PHerc0009B/segments/20250919124917-auto_grown_20250919054917419_inp_hr/mesh/intermediate/tifxyz_normalized,tifxyz_normalized,1,,,,8,0.000588235,,reproduced_at_documented_scale,4,PHerc0009B/segments/20250919124917-auto_grown_20250919054917419_inp_hr/mesh/20250919124917-on-20250820154339-2.401um.tifxyz,transformed,1,0.99998,1.00002,1,0,0,True,reproduced_at_documented_scale,False,True,False
PHerc0009B/segments/20250919124917-auto_grown_20250919054917419_inp_hr,PHerc0009B,8.64um-1.2m-116keV-volume-20250521125136.zarr,PHerc0009B/segments/20250919124917-auto_grown_20250919054917419_inp_hr/surface-volumes/8.64um-1.2m-116keV-volume-20250521125136.zarr,zarr,True,layers-zarr,"3780,7000","31,7000,3780",True,0,/volumes/esrf/20250506/SCROLLS_TA_HEL_4.320um_1.0m_116keV_binmean_2_PHerc0009B_TA_0001_masked.zarr/,True,True,4,4,reproduced_at_documented_scale,2,PHerc0009B/segments/20250919124917-auto_grown_20250919054917419_inp_hr/mesh/intermediate/tifxyz_normalized,tifxyz_normalized,1,0.999929,1.00007,1,0,0,,reproduced_at_documented_scale,4,PHerc0009B/segments/20250919124917-auto_grown_20250919054917419_inp_hr/mesh/20250919124917-on-20250521125136-8.64um.tifxyz,transformed,1,0.999929,1.00007,1,0,0,True,reproduced_at_documented_scale,True,True,False
PHerc0009B/segments/20250919125302-auto_grown_20250919055302061,PHerc0009B,2.401um-0.35m-77keV-volume-20250820154339.zarr,PHerc0009B/segments/20250919125302-auto_grown_20250919055302061/surface-volumes/2.401um-0.35m-77keV-volume-20250820154339.zarr,zarr,True,layers-zarr,"18580,22260","109,22260,18580",True,0,/volumes/esrf/20250717/sam2long-16xdown/SCROLLS_HEL_2.401um_77keV_0.35m_PHerc_0009B_TA3_0001_masked.zarr/,True,True,4,4,not_reproduced_from_any_published_variant,2,PHerc0009B/segments/20250919125302-auto_grown_20250919055302061/mesh/intermediate/tifxyz_normalized,tifxyz_normalized,1,,,,6,0.000323973,,reproduced_at_documented_scale,4,PHerc0009B/segments/20250919125302-auto_grown_20250919055302061/mesh/20250919125302-on-20250820154339-2.401um.tifxyz,transformed,1,0.999978,1.00002,1,0,0,True,reproduced_at_documented_scale,False,True,False
PHerc0009B/segments/20250919125302-auto_grown_20250919055302061,PHerc0009B,8.64um-1.2m-116keV-volume-20250521125136.zarr,PHerc0009B/segments/20250919125302-auto_grown_20250919055302061/surface-volumes/8.64um-1.2m-116keV-volume-20250521125136.zarr,zarr,True,layers-zarr,"5160,6180","31,6180,5160",True,0,/volumes/esrf/20250506/SCROLLS_TA_HEL_4.320um_1.0m_116keV_binmean_2_PHerc0009B_TA_0001_masked.zarr/,True,True,4,4,reproduced_at_documented_scale,2,PHerc0009B/segments/20250919125302-auto_grown_20250919055302061/mesh/intermediate/tifxyz_normalized,tifxyz_normalized,1,0.999919,1.00008,1,0,0,,reproduced_at_documented_scale,4,PHerc0009B/segments/20250919125302-auto_grown_20250919055302061/mesh/20250919125302-on-20250521125136-8.64um.tifxyz,transformed,1,0.999919,1.00008,1,0,0,True,reproduced_at_documented_scale,True,True,False
PHerc0009B/segments/20250919125605-auto_grown_20250919055605407,PHerc0009B,2.401um-0.35m-77keV-volume-20250820154339.zarr,PHerc0009B/segments/20250919125605-auto_grown_20250919055605407/surface-volumes/2.401um-0.35m-77keV-volume-20250820154339.zarr,zarr,True,layers-zarr,"20660,25060","109,25060,20660",True,0,/volumes/esrf/20250717/sam2long-16xdown/SCROLLS_HEL_2.401um_77keV_0.35m_PHerc_0009B_TA3_0001_masked.zarr/,True,True,4,4,not_reproduced_from_any_published_variant,2,PHerc0009B/segments/20250919125605-auto_grown_20250919055605407/mesh/intermediate/tifxyz_normalized,tifxyz_normalized,1,,,,7,0.000353284,,reproduced_at_documented_scale,4,PHerc0009B/segments/20250919125605-auto_grown_20250919055605407/mesh/20250919125605-on-20250820154339-2.401um.tifxyz,transformed,1,0.99998,1.00002,1,0,0,True,reproduced_at_documented_scale,False,True,False
PHerc0009B/segments/20250919125605-auto_grown_20250919055605407,PHerc0009B,8.64um-1.2m-116keV-volume-20250521125136.zarr,PHerc0009B/segments/20250919125605-auto_grown_20250919055605407/surface-volumes/8.64um-1.2m-116keV-volume-20250521125136.zarr,zarr,True,layers-zarr,"5740,6960","31,6960,5740",True,0,/volumes/esrf/20250506/SCROLLS_TA_HEL_4.320um_1.0m_116keV_binmean_2_PHerc0009B_TA_0001_masked.zarr/,True,True,4,4,reproduced_at_documented_scale,2,PHerc0009B/segments/20250919125605-auto_grown_20250919055605407/mesh/intermediate/tifxyz_normalized,tifxyz_normalized,1,0.999928,1.00007,1,0,0,,reproduced_at_documented_scale,4,PHerc0009B/segments/20250919125605-auto_grown_20250919055605407/mesh/20250919125605-on-20250521125136-8.64um.tifxyz,transformed,1,0.999928,1.00007,1,0,0,True,reproduced_at_documented_scale,True,True,False
PHerc0009B/segments/20250919125754-auto_grown_20250919055754487_inp_hr,PHerc0009B,2.401um-0.35m-77keV-volume-20250820154339.zarr,PHerc0009B/segments/20250919125754-auto_grown_20250919055754487_inp_hr/surface-volumes/2.401um-0.35m-77keV-volume-20250820154339.zarr,zarr,True,layers-zarr,"20520,25360","109,25360,20520",True,0,/volumes/esrf/20250717/sam2long-16xdown/SCROLLS_HEL_2.401um_77keV_0.35m_PHerc_0009B_TA3_0001_masked.zarr/,True,True,4,4,not_reproduced_from_any_published_variant,2,PHerc0009B/segments/20250919125754-auto_grown_20250919055754487_inp_hr/mesh/intermediate/tifxyz_normalized,tifxyz_normalized,1,,,,13,0.000631313,,reproduced_at_documented_scale,4,PHerc0009B/segments/20250919125754-auto_grown_20250919055754487_inp_hr/mesh/20250919125754-on-20250820154339-2.401um.tifxyz,transformed,1,0.99998,1.00002,1,0,0,True,reproduced_at_documented_scale,False,True,False
PHerc0009B/segments/20250919125754-auto_grown_20250919055754487_inp_hr,PHerc0009B,8.64um-1.2m-116keV-volume-20250521125136.zarr,PHerc0009B/segments/20250919125754-auto_grown_20250919055754487_inp_hr/surface-volumes/8.64um-1.2m-116keV-volume-20250521125136.zarr,zarr,True,layers-zarr,"5700,7040","31,7040,5700",True,0,/volumes/esrf/20250506/SCROLLS_TA_HEL_4.320um_1.0m_116keV_binmean_2_PHerc0009B_TA_0001_masked.zarr/,True,True,4,4,reproduced_at_documented_scale,2,PHerc0009B/segments/20250919125754-auto_grown_20250919055754487_inp_hr/mesh/intermediate/tifxyz_normalized,tifxyz_normalized,1,0.999929,1.00007,1,0,0,,reproduced_at_documented_scale,4,PHerc0009B/segments/20250919125754-auto_grown_20250919055754487_inp_hr/mesh/20250919125754-on-20250521125136-8.64um.tifxyz,transformed,1,0.999929,1.00007,1,0,0,True,reproduced_at_documented_scale,True,True,False
PHerc0009B/segments/20250919130642-auto_grown_20250919060642061,PHerc0009B,2.401um-0.35m-77keV-volume-20250820154339.zarr,PHerc0009B/segments/20250919130642-auto_grown_20250919060642061/surface-volumes/2.401um-0.35m-77keV-volume-20250820154339.zarr,zarr,True,layers-zarr,"18940,25860","109,25860,18940",True,0,/volumes/esrf/20250717/sam2long-16xdown/SCROLLS_HEL_2.401um_77keV_0.35m_PHerc_0009B_TA3_0001_masked.zarr/,True,True,4,4,not_reproduced_from_any_published_variant,2,PHerc0009B/segments/20250919130642-auto_grown_20250919060642061/mesh/intermediate/tifxyz_normalized,tifxyz_normalized,1,,,,4,0.000252961,,reproduced_at_documented_scale,4,PHerc0009B/segments/20250919130642-auto_grown_20250919060642061/mesh/20250919130642-on-20250820154339-2.401um.tifxyz,transformed,1,0.999981,1.00002,1,0,0,True,reproduced_at_documented_scale,False,True,False
PHerc0009B/segments/20250919130642-auto_grown_20250919060642061,PHerc0009B,8.64um-1.2m-116keV-volume-20250521125136.zarr,PHerc0009B/segments/20250919130642-auto_grown_20250919060642061/surface-volumes/8.64um-1.2m-116keV-volume-20250521125136.zarr,zarr,True,layers-zarr,"5260,7180","31,7180,5260",True,0,/volumes/esrf/20250506/SCROLLS_TA_HEL_4.320um_1.0m_116keV_binmean_2_PHerc0009B_TA_0001_masked.zarr/,True,True,4,4,reproduced_at_documented_scale,2,PHerc0009B/segments/20250919130642-auto_grown_20250919060642061/mesh/intermediate/tifxyz_normalized,tifxyz_normalized,1,0.99993,1.00007,1,0,0,,reproduced_at_documented_scale,4,PHerc0009B/segments/20250919130642-auto_grown_20250919060642061/mesh/20250919130642-on-20250521125136-8.64um.tifxyz,transformed,1,0.99993,1.00007,1,0,0,True,reproduced_at_documented_scale,True,True,False
PHerc0009B/segments/20250919131352-auto_grown_20250919061352722_inp_hr,PHerc0009B,2.401um-0.35m-77keV-volume-20250820154339.zarr,PHerc0009B/segments/20250919131352-auto_grown_20250919061352722_inp_hr/surface-volumes/2.401um-0.35m-77keV-volume-20250820154339.zarr,zarr,True,layers-zarr,"20520,27520","109,27520,20520",True,0,/volumes/esrf/20250717/sam2long-16xdown/SCROLLS_HEL_2.401um_77keV_0.35m_PHerc_0009B_TA3_0001_masked.zarr/,True,True,4,4,not_reproduced_from_any_published_variant,2,PHerc0009B/segments/20250919131352-auto_grown_20250919061352722_inp_hr/mesh/intermediate/tifxyz_normalized,tifxyz_normalized,1,,,,12,0.000581734,,reproduced_at_documented_scale,4,PHerc0009B/segments/20250919131352-auto_grown_20250919061352722_inp_hr/mesh/20250919131352-on-20250820154339-2.401um.tifxyz,transformed,1,0.999982,1.00002,1,0,0,True,reproduced_at_documented_scale,False,True,False
PHerc0009B/segments/20250919131352-auto_grown_20250919061352722_inp_hr,PHerc0009B,8.64um-1.2m-116keV-volume-20250521125136.zarr,PHerc0009B/segments/20250919131352-auto_grown_20250919061352722_inp_hr/surface-volumes/8.64um-1.2m-116keV-volume-20250521125136.zarr,zarr,True,layers-zarr,"5700,7640","31,7640,5700",True,0,/volumes/esrf/20250506/SCROLLS_TA_HEL_4.320um_1.0m_116keV_binmean_2_PHerc0009B_TA_0001_masked.zarr/,True,True,4,4,reproduced_at_documented_scale,2,PHerc0009B/segments/20250919131352-auto_grown_20250919061352722_inp_hr/mesh/intermediate/tifxyz_normalized,tifxyz_normalized,1,0.999935,1.00007,1,0,0,,reproduced_at_documented_scale,4,PHerc0009B/segments/20250919131352-auto_grown_20250919061352722_inp_hr/mesh/20250919131352-on-20250521125136-8.64um.tifxyz,transformed,1,0.999935,1.00007,1,0,0,True,reproduced_at_documented_scale,True,True,False
PHerc0009B/segments/20250919131642-auto_grown_20250919061642215_inp_hr,PHerc0009B,2.401um-0.35m-77keV-volume-20250820154339.zarr,PHerc0009B/segments/20250919131642-auto_grown_20250919061642215_inp_hr/surface-volumes/2.401um-0.35m-77keV-volume-20250820154339.zarr,zarr,True,layers-zarr,"13020,23700","109,23700,13020",True,0,/volumes/esrf/20250717/sam2long-16xdown/SCROLLS_HEL_2.401um_77keV_0.35m_PHerc_0009B_TA3_0001_masked.zarr/,True,True,4,4,not_reproduced_from_any_published_variant,2,PHerc0009B/segments/20250919131642-auto_grown_20250919061642215_inp_hr/mesh/intermediate/tifxyz_normalized,tifxyz_normalized,1,,,,18,0.00142871,,reproduced_at_documented_scale,4,PHerc0009B/segments/20250919131642-auto_grown_20250919061642215_inp_hr/mesh/20250919131642-on-20250820154339-2.401um.tifxyz,transformed,1,0.999979,1.00002,1,0,0,True,reproduced_at_documented_scale,False,True,False
PHerc0009B/segments/20250919131642-auto_grown_20250919061642215_inp_hr,PHerc0009B,8.64um-1.2m-116keV-volume-20250521125136.zarr,PHerc0009B/segments/20250919131642-auto_grown_20250919061642215_inp_hr/surface-volumes/8.64um-1.2m-116keV-volume-20250521125136.zarr,zarr,True,layers-zarr,"3620,6580","31,6580,3620",True,0,/volumes/esrf/20250506/SCROLLS_TA_HEL_4.320um_1.0m_116keV_binmean_2_PHerc0009B_TA_0001_masked.zarr/,True,True,4,4,reproduced_at_documented_scale,2,PHerc0009B/segments/20250919131642-auto_grown_20250919061642215_inp_hr/mesh/intermediate/tifxyz_normalized,tifxyz_normalized,1,0.999924,1.00008,1,0,0,,reproduced_at_documented_scale,4,PHerc0009B/segments/20250919131642-auto_grown_20250919061642215_inp_hr/mesh/20250919131642-on-20250521125136-8.64um.tifxyz,transformed,1,0.999924,1.00008,1,0,0,True,reproduced_at_documented_scale,True,True,False
PHerc0009B/segments/20250919132115-auto_grown_20250919062115592_inp_hr,PHerc0009B,2.401um-0.35m-77keV-volume-20250820154339.zarr,PHerc0009B/segments/20250919132115-auto_grown_20250919062115592_inp_hr/surface-volumes/2.401um-0.35m-77keV-volume-20250820154339.zarr,zarr,True,layers-zarr,"23620,26060","109,26060,23620",True,0,/volumes/esrf/20250717/sam2long-16xdown/SCROLLS_HEL_2.401um_77keV_0.35m_PHerc_0009B_TA3_0001_masked.zarr/,True,True,4,4,not_reproduced_from_any_published_variant,2,PHerc0009B/segments/20250919132115-auto_grown_20250919062115592_inp_hr/mesh/intermediate/tifxyz_normalized,tifxyz_normalized,1,,,,7,0.000322895,,reproduced_at_documented_scale,4,PHerc0009B/segments/20250919132115-auto_grown_20250919062115592_inp_hr/mesh/20250919132115-on-20250820154339-2.401um.tifxyz,transformed,1,0.999981,1.00002,1,0,0,True,reproduced_at_documented_scale,False,True,False
PHerc0009B/segments/20250919132115-auto_grown_20250919062115592_inp_hr,PHerc0009B,8.64um-1.2m-116keV-volume-20250521125136.zarr,PHerc0009B/segments/20250919132115-auto_grown_20250919062115592_inp_hr/surface-volumes/8.64um-1.2m-116keV-volume-20250521125136.zarr,zarr,True,layers-zarr,"6560,7240","31,7240,6560",True,0,/volumes/esrf/20250506/SCROLLS_TA_HEL_4.320um_1.0m_116keV_binmean_2_PHerc0009B_TA_0001_masked.zarr/,True,True,4,4,reproduced_at_documented_scale,2,PHerc0009B/segments/20250919132115-auto_grown_20250919062115592_inp_hr/mesh/intermediate/tifxyz_normalized,tifxyz_normalized,1,0.999931,1.00007,1,0,0,,reproduced_at_documented_scale,4,PHerc0009B/segments/20250919132115-auto_grown_20250919062115592_inp_hr/mesh/20250919132115-on-20250521125136-8.64um.tifxyz,transformed,1,0.999931,1.00007,1,0,0,True,reproduced_at_documented_scale,True,True,False
PHerc0009B/segments/20250919133208-auto_grown_20250919063208154_inp_hr,PHerc0009B,2.401um-0.35m-77keV-volume-20250820154339.zarr,PHerc0009B/segments/20250919133208-auto_grown_20250919063208154_inp_hr/surface-volumes/2.401um-0.35m-77keV-volume-20250820154339.zarr,zarr,True,layers-zarr,"18060,24560","109,24560,18060",True,0,/volumes/esrf/20250717/sam2long-16xdown/SCROLLS_HEL_2.401um_77keV_0.35m_PHerc_0009B_TA3_0001_masked.zarr/,True,True,4,4,not_reproduced_from_any_published_variant,2,PHerc0009B/segments/20250919133208-auto_grown_20250919063208154_inp_hr/mesh/intermediate/tifxyz_normalized,tifxyz_normalized,1,,,,18,0.000990507,,reproduced_at_documented_scale,4,PHerc0009B/segments/20250919133208-auto_grown_20250919063208154_inp_hr/mesh/20250919133208-on-20250820154339-2.401um.tifxyz,transformed,1,0.99998,1.00002,1,0,0,True,reproduced_at_documented_scale,False,True,False
PHerc0009B/segments/20250919133208-auto_grown_20250919063208154_inp_hr,PHerc0009B,8.64um-1.2m-116keV-volume-20250521125136.zarr,PHerc0009B/segments/20250919133208-auto_grown_20250919063208154_inp_hr/surface-volumes/8.64um-1.2m-116keV-volume-20250521125136.zarr,zarr,True,layers-zarr,"5020,6820","31,6820,5020",True,0,/volumes/esrf/20250506/SCROLLS_TA_HEL_4.320um_1.0m_116keV_binmean_2_PHerc0009B_TA_0001_masked.zarr/,True,True,4,4,reproduced_at_documented_scale,2,PHerc0009B/segments/20250919133208-auto_grown_20250919063208154_inp_hr/mesh/intermediate/tifxyz_normalized,tifxyz_normalized,1,0.999927,1.00007,1,0,0,,reproduced_at_documented_scale,4,PHerc0009B/segments/20250919133208-auto_grown_20250919063208154_inp_hr/mesh/20250919133208-on-20250521125136-8.64um.tifxyz,transformed,1,0.999927,1.00007,1,0,0,True,reproduced_at_documented_scale,True,True,False
PHerc0009B/segments/20250919135433-auto_grown_20250919065433578_inp_hr,PHerc0009B,2.401um-0.35m-77keV-volume-20250820154339.zarr,PHerc0009B/segments/20250919135433-auto_grown_20250919065433578_inp_hr/surface-volumes/2.401um-0.35m-77keV-volume-20250820154339.zarr,zarr,True,layers-zarr,"24760,25360","109,25360,24760",True,0,/volumes/esrf/20250717/sam2long-16xdown/SCROLLS_HEL_2.401um_77keV_0.35m_PHerc_0009B_TA3_0001_masked.zarr/,True,True,4,4,not_reproduced_from_any_published_variant,2,PHerc0009B/segments/20250919135433-auto_grown_20250919065433578_inp_hr/mesh/intermediate/tifxyz_normalized,tifxyz_normalized,1,,,,23,0.000954619,,reproduced_at_documented_scale,4,PHerc0009B/segments/20250919135433-auto_grown_20250919065433578_inp_hr/mesh/20250919135433-on-20250820154339-2.401um.tifxyz,transformed,1,0.99998,1.00002,1,0,0,True,reproduced_at_documented_scale,False,True,False
PHerc0009B/segments/20250919135433-auto_grown_20250919065433578_inp_hr,PHerc0009B,8.64um-1.2m-116keV-volume-20250521125136.zarr,PHerc0009B/segments/20250919135433-auto_grown_20250919065433578_inp_hr/surface-volumes/8.64um-1.2m-116keV-volume-20250521125136.zarr,zarr,True,layers-zarr,"6880,7040","31,7040,6880",True,0,/volumes/esrf/20250506/SCROLLS_TA_HEL_4.320um_1.0m_116keV_binmean_2_PHerc0009B_TA_0001_masked.zarr/,True,True,4,4,reproduced_at_documented_scale,2,PHerc0009B/segments/20250919135433-auto_grown_20250919065433578_inp_hr/mesh/intermediate/tifxyz_normalized,tifxyz_normalized,1,0.999929,1.00007,1,0,0,,reproduced_at_documented_scale,4,PHerc0009B/segments/20250919135433-auto_grown_20250919065433578_inp_hr/mesh/20250919135433-on-20250521125136-8.64um.tifxyz,transformed,1,0.999929,1.00007,1,0,0,True,reproduced_at_documented_scale,True,True,False
PHerc0009B/segments/20250919135915-auto_grown_20250919065915092_inp_hr,PHerc0009B,2.401um-0.35m-77keV-volume-20250820154339.zarr,PHerc0009B/segments/20250919135915-auto_grown_20250919065915092_inp_hr/surface-volumes/2.401um-0.35m-77keV-volume-20250820154339.zarr,zarr,True,layers-zarr,"19360,23700","109,23700,19360",True,0,/volumes/esrf/20250717/sam2long-16xdown/SCROLLS_HEL_2.401um_77keV_0.35m_PHerc_0009B_TA3_0001_masked.zarr/,True,True,4,4,not_reproduced_from_any_published_variant,2,PHerc0009B/segments/20250919135915-auto_grown_20250919065915092_inp_hr/mesh/intermediate/tifxyz_normalized,tifxyz_normalized,1,,,,17,0.000920018,,reproduced_at_documented_scale,4,PHerc0009B/segments/20250919135915-auto_grown_20250919065915092_inp_hr/mesh/20250919135915-on-20250820154339-2.401um.tifxyz,transformed,1,0.999979,1.00002,1,0,0,True,reproduced_at_documented_scale,False,True,False
PHerc0009B/segments/20250919135915-auto_grown_20250919065915092_inp_hr,PHerc0009B,8.64um-1.2m-116keV-volume-20250521125136.zarr,PHerc0009B/segments/20250919135915-auto_grown_20250919065915092_inp_hr/surface-volumes/8.64um-1.2m-116keV-volume-20250521125136.zarr,zarr,True,layers-zarr,"5380,6580","31,6580,5380",True,0,/volumes/esrf/20250506/SCROLLS_TA_HEL_4.320um_1.0m_116keV_binmean_2_PHerc0009B_TA_0001_masked.zarr/,True,True,4,4,reproduced_at_documented_scale,2,PHerc0009B/segments/20250919135915-auto_grown_20250919065915092_inp_hr/mesh/intermediate/tifxyz_normalized,tifxyz_normalized,1,0.999924,1.00008,1,0,0,,reproduced_at_documented_scale,4,PHerc0009B/segments/20250919135915-auto_grown_20250919065915092_inp_hr/mesh/20250919135915-on-20250521125136-8.64um.tifxyz,transformed,1,0.999924,1.00008,1,0,0,True,reproduced_at_documented_scale,True,True,False
PHerc0009B/segments/20250919140325-auto_grown_20250919070325767_inp_hr,PHerc0009B,2.401um-0.35m-77keV-volume-20250820154339.zarr,PHerc0009B/segments/20250919140325-auto_grown_20250919070325767_inp_hr/surface-volumes/2.401um-0.35m-77keV-volume-20250820154339.zarr,zarr,True,layers-zarr,"17000,25700","109,25700,17000",True,0,/volumes/esrf/20250717/sam2long-16xdown/SCROLLS_HEL_2.401um_77keV_0.35m_PHerc_0009B_TA3_0001_masked.zarr/,True,True,4,4,not_reproduced_from_any_published_variant,2,PHerc0009B/segments/20250919140325-auto_grown_20250919070325767_inp_hr/mesh/intermediate/tifxyz_normalized,tifxyz_normalized,1,,,,10,0.000626525,,reproduced_at_documented_scale,4,PHerc0009B/segments/20250919140325-auto_grown_20250919070325767_inp_hr/mesh/20250919140325-on-20250820154339-2.401um.tifxyz,transformed,1,0.999981,1.00002,1,0,0,True,reproduced_at_documented_scale,False,True,False
PHerc0009B/segments/20250919140325-auto_grown_20250919070325767_inp_hr,PHerc0009B,8.64um-1.2m-116keV-volume-20250521125136.zarr,PHerc0009B/segments/20250919140325-auto_grown_20250919070325767_inp_hr/surface-volumes/8.64um-1.2m-116keV-volume-20250521125136.zarr,zarr,True,layers-zarr,"4720,7140","31,7140,4720",True,0,/volumes/esrf/20250506/SCROLLS_TA_HEL_4.320um_1.0m_116keV_binmean_2_PHerc0009B_TA_0001_masked.zarr/,True,True,4,4,reproduced_at_documented_scale,2,PHerc0009B/segments/20250919140325-auto_grown_20250919070325767_inp_hr/mesh/intermediate/tifxyz_normalized,tifxyz_normalized,1,0.99993,1.00007,1,0,0,,reproduced_at_documented_scale,4,PHerc0009B/segments/20250919140325-auto_grown_20250919070325767_inp_hr/mesh/20250919140325-on-20250521125136-8.64um.tifxyz,transformed,1,0.99993,1.00007,1,0,0,True,reproduced_at_documented_scale,True,True,False
PHerc0139/segments/20250108000000-w025_2025010863,PHerc0139,1.129um-0.22m-59keV-volume-20260413113053-L1.zarr,PHerc0139/segments/20250108000000-w025_2025010863/surface-volumes/1.129um-0.22m-59keV-volume-20260413113053-L1.zarr,zarr,True,layers-zarr,"28170,30120","116,30120,28170",True,1,/volumes/esrf/20260311/1.129um_mosaic_PHerc_0139_ROI2_fused__masked.zarr,True,True,7,7,not_reproduced_from_any_published_variant,2,PHerc0139/segments/20250108000000-w025_2025010863/mesh/intermediate/tifxyz_normalized,tifxyz_normalized,0.5,,,,6,0.000246747,,reproduced_at_documented_scale,7,PHerc0139/segments/20250108000000-w025_2025010863/mesh/20250108000000-on-20260413113053-1.129um.tifxyz,transformed,0.5,0.499992,0.500008,0.5,0,0,True,reproduced_at_documented_scale,False,False,False
PHerc0139/segments/20250108000000-w025_2025010863,PHerc0139,2.399um-0.22m-78keV-volume-20260102150214.zarr,PHerc0139/segments/20250108000000-w025_2025010863/surface-volumes/2.399um-0.22m-78keV-volume-20260102150214.zarr,zarr,True,layers-zarr,"26480,28320","109,28320,26480",True,0,/volumes/esrf/20251130/finetuned/SCROLLS_HEL_2.399um_78keV_0.22m_PHerc_0139_TA3_0001_masked.zarr/,True,True,7,7,reproduced_at_another_scale,2,PHerc0139/segments/20250108000000-w025_2025010863/mesh/intermediate/tifxyz_normalized,tifxyz_normalized,1,3.99993,4.00007,4,0,0,,reproduced_at_documented_scale,7,PHerc0139/segments/20250108000000-w025_2025010863/mesh/20250108000000-on-20260102150214-2.399um.tifxyz,transformed,1,0.999982,1.00002,1,0,0,True,reproduced_at_documented_scale,False,True,False
PHerc0139/segments/20250108000000-w025_2025010863,PHerc0139,9.362um-1.2m-113keV-volume-20250728140407.zarr,PHerc0139/segments/20250108000000-w025_2025010863/surface-volumes/9.362um-1.2m-113keV-volume-20250728140407.zarr,zarr,True,layers-zarr,"6800,7280","28,7280,6800",True,0,/volumes/esrf/20250717/SCROLLS_HEL_4.681um_113keV_1.2m_binmean_2_PHerc_0139_TA_0001_masked.zarr/,True,True,7,7,not_reproduced_from_any_published_variant,2,PHerc0139/segments/20250108000000-w025_2025010863/mesh/intermediate/tifxyz_normalized,tifxyz_normalized,1,,,,7,0.00103024,,reproduced_at_documented_scale,7,PHerc0139/segments/20250108000000-w025_2025010863/mesh/20250108000000-on-20250728140407-9.362um.tifxyz,transformed,1,0.999931,1.00007,1,0,0,True,reproduced_at_documented_scale,False,True,False
PHerc0139/segments/20250108000001-w026_2025010854,PHerc0139,1.129um-0.22m-59keV-volume-20260413113053-L1.zarr,PHerc0139/segments/20250108000001-w026_2025010854/surface-volumes/1.129um-0.22m-59keV-volume-20260413113053-L1.zarr,zarr,True,layers-zarr,"30300,30800","116,30800,30300",True,1,/volumes/esrf/20260311/1.129um_mosaic_PHerc_0139_ROI2_fused__masked.zarr,True,True,7,7,not_reproduced_from_any_published_variant,2,PHerc0139/segments/20250108000001-w026_2025010854/mesh/intermediate/tifxyz_normalized,tifxyz_normalized,0.5,,,,10,0.000346564,,reproduced_at_documented_scale,7,PHerc0139/segments/20250108000001-w026_2025010854/mesh/20250108000001-on-20260413113053-1.129um.tifxyz,transformed,0.5,0.499992,0.500008,0.5,0,0,True,reproduced_at_documented_scale,False,False,False
PHerc0139/segments/20250108000001-w026_2025010854,PHerc0139,2.399um-0.22m-78keV-volume-20260102150214.zarr,PHerc0139/segments/20250108000001-w026_2025010854/surface-volumes/2.399um-0.22m-78keV-volume-20260102150214.zarr,zarr,True,layers-zarr,"28480,28960","109,28960,28480",True,0,/volumes/esrf/20251130/finetuned/SCROLLS_HEL_2.399um_78keV_0.22m_PHerc_0139_TA3_0001_masked.zarr/,True,True,7,7,reproduced_at_another_scale,2,PHerc0139/segments/20250108000001-w026_2025010854/mesh/intermediate/tifxyz_normalized,tifxyz_normalized,1,3.99993,4.00007,4,0,0,,reproduced_at_documented_scale,7,PHerc0139/segments/20250108000001-w026_2025010854/mesh/20250108000001-on-20260102150214-2.399um.tifxyz,transformed,1,0.999983,1.00002,1,0,0,True,reproduced_at_documented_scale,False,True,False
PHerc0139/segments/20250108000001-w026_2025010854,PHerc0139,9.362um-1.2m-113keV-volume-20250728140407.zarr,PHerc0139/segments/20250108000001-w026_2025010854/surface-volumes/9.362um-1.2m-113keV-volume-20250728140407.zarr,zarr,True,layers-zarr,"7320,7440","28,7440,7320",True,0,/volumes/esrf/20250717/SCROLLS_HEL_4.681um_113keV_1.2m_binmean_2_PHerc_0139_TA_0001_masked.zarr/,True,True,7,7,not_reproduced_from_any_published_variant,2,PHerc0139/segments/20250108000001-w026_2025010854/mesh/intermediate/tifxyz_normalized,tifxyz_normalized,1,,,,3,0.000453063,,reproduced_at_documented_scale,7,PHerc0139/segments/20250108000001-w026_2025010854/mesh/20250108000001-on-20250728140407-9.362um.tifxyz,transformed,1,0.999933,1.00007,1,0,0,True,reproduced_at_documented_scale,False,True,False
PHerc0139/segments/20250108000002-w027_2025010845,PHerc0139,1.129um-0.22m-59keV-volume-20260413113053-L1.zarr,PHerc0139/segments/20250108000002-w027_2025010845/surface-volumes/1.129um-0.22m-59keV-volume-20260413113053-L1.zarr,zarr,True,layers-zarr,"30210,30290","116,30290,30210",True,1,/volumes/esrf/20260311/1.129um_mosaic_PHerc_0139_ROI2_fused__masked.zarr,True,True,7,7,not_reproduced_from_any_published_variant,2,PHerc0139/segments/20250108000002-w027_2025010845/mesh/intermediate/tifxyz_normalized,tifxyz_normalized,0.5,,,,5,0.000168326,,reproduced_at_documented_scale,7,PHerc0139/segments/20250108000002-w027_2025010845/mesh/20250108000002-on-20260413113053-1.129um.tifxyz,transformed,0.5,0.499992,0.500008,0.5,0,0,True,reproduced_at_documented_scale,False,False,False
PHerc0139/segments/20250108000002-w027_2025010845,PHerc0139,2.399um-0.22m-78keV-volume-20260102150214.zarr,PHerc0139/segments/20250108000002-w027_2025010845/surface-volumes/2.399um-0.22m-78keV-volume-20260102150214.zarr,zarr,True,layers-zarr,"28400,28480","109,28480,28400",True,0,/volumes/esrf/20251130/finetuned/SCROLLS_HEL_2.399um_78keV_0.22m_PHerc_0139_TA3_0001_masked.zarr/,True,True,7,7,reproduced_at_another_scale,2,PHerc0139/segments/20250108000002-w027_2025010845/mesh/intermediate/tifxyz_normalized,tifxyz_normalized,1,3.99993,4.00007,4,0,0,,reproduced_at_documented_scale,7,PHerc0139/segments/20250108000002-w027_2025010845/mesh/20250108000002-on-20260102150214-2.399um.tifxyz,transformed,1,0.999982,1.00002,1,0,0,True,reproduced_at_documented_scale,False,True,False
PHerc0139/segments/20250108000002-w027_2025010845,PHerc0139,9.362um-1.2m-113keV-volume-20250728140407.zarr,PHerc0139/segments/20250108000002-w027_2025010845/surface-volumes/9.362um-1.2m-113keV-volume-20250728140407.zarr,zarr,True,layers-zarr,"7300,7320","28,7320,7300",True,0,/volumes/esrf/20250717/SCROLLS_HEL_4.681um_113keV_1.2m_binmean_2_PHerc_0139_TA_0001_masked.zarr/,True,True,7,7,reproduced_at_another_scale,2,PHerc0139/segments/20250108000002-w027_2025010845/mesh/intermediate/tifxyz_normalized,tifxyz_normalized,1,1.0281,1.02816,,0,7.69645e-05,,reproduced_at_documented_scale,7,PHerc0139/segments/20250108000002-w027_2025010845/mesh/20250108000002-on-20250728140407-9.362um.tifxyz,transformed,1,0.999932,1.00007,1,0,0,True,reproduced_at_documented_scale,False,True,False
PHerc0139/segments/20250108000003-w028_2025010836,PHerc0139,1.129um-0.22m-59keV-volume-20260413113053-L1.zarr,PHerc0139/segments/20250108000003-w028_2025010836/surface-volumes/1.129um-0.22m-59keV-volume-20260413113053-L1.zarr,zarr,True,layers-zarr,"30460,30030","116,30030,30460",True,1,/volumes/esrf/20260311/1.129um_mosaic_PHerc_0139_ROI2_fused__masked.zarr,True,True,7,7,not_reproduced_from_any_published_variant,2,PHerc0139/segments/20250108000003-w028_2025010836/mesh/intermediate/tifxyz_normalized,tifxyz_normalized,0.5,,,,4,0.000152548,,reproduced_at_documented_scale,7,PHerc0139/segments/20250108000003-w028_2025010836/mesh/20250108000003-on-20260413113053-1.129um.tifxyz,transformed,0.5,0.499992,0.500008,0.5,0,0,True,reproduced_at_documented_scale,False,False,False
PHerc0139/segments/20250108000003-w028_2025010836,PHerc0139,2.399um-0.22m-78keV-volume-20260102150214.zarr,PHerc0139/segments/20250108000003-w028_2025010836/surface-volumes/2.399um-0.22m-78keV-volume-20260102150214.zarr,zarr,True,layers-zarr,"28640,28240","109,28240,28640",True,0,/volumes/esrf/20251130/finetuned/SCROLLS_HEL_2.399um_78keV_0.22m_PHerc_0139_TA3_0001_masked.zarr/,True,True,7,7,reproduced_at_another_scale,2,PHerc0139/segments/20250108000003-w028_2025010836/mesh/intermediate/tifxyz_normalized,tifxyz_normalized,1,3.99993,4.00007,4,0,0,,reproduced_at_documented_scale,7,PHerc0139/segments/20250108000003-w028_2025010836/mesh/20250108000003-on-20260102150214-2.399um.tifxyz,transformed,1,0.999983,1.00002,1,0,0,True,reproduced_at_documented_scale,False,True,False
PHerc0139/segments/20250108000003-w028_2025010836,PHerc0139,9.362um-1.2m-113keV-volume-20250728140407.zarr,PHerc0139/segments/20250108000003-w028_2025010836/surface-volumes/9.362um-1.2m-113keV-volume-20250728140407.zarr,zarr,True,layers-zarr,"7360,7260","28,7260,7360",True,0,/volumes/esrf/20250717/SCROLLS_HEL_4.681um_113keV_1.2m_binmean_2_PHerc_0139_TA_0001_masked.zarr/,True,True,7,7,not_reproduced_from_any_published_variant,2,PHerc0139/segments/20250108000003-w028_2025010836/mesh/intermediate/tifxyz_normalized,tifxyz_normalized,1,,,,2,0.0003849,,reproduced_at_documented_scale,7,PHerc0139/segments/20250108000003-w028_2025010836/mesh/20250108000003-on-20250728140407-9.362um.tifxyz,transformed,1,0.999932,1.00007,1,0,0,True,reproduced_at_documented_scale,False,True,False
PHerc0139/segments/20250108000004-w029_2025010827,PHerc0139,1.129um-0.22m-59keV-volume-20260413113053-L1.zarr,PHerc0139/segments/20250108000004-w029_2025010827/surface-volumes/1.129um-0.22m-59keV-volume-20260413113053-L1.zarr,zarr,True,layers-zarr,"30720,29860","116,29860,30720",True,1,/volumes/esrf/20260311/1.129um_mosaic_PHerc_0139_ROI2_fused__masked.zarr,True,True,7,7,not_reproduced_from_any_published_variant,2,PHerc0139/segments/20250108000004-w029_2025010827/mesh/intermediate/tifxyz_normalized,tifxyz_normalized,0.5,,,,9,0.000302427,,reproduced_at_documented_scale,7,PHerc0139/segments/20250108000004-w029_2025010827/mesh/20250108000004-on-20260413113053-1.129um.tifxyz,transformed,0.5,0.499992,0.500008,0.5,0,0,True,reproduced_at_documented_scale,False,False,False
PHerc0139/segments/20250108000004-w029_2025010827,PHerc0139,2.399um-0.22m-78keV-volume-20260102150214.zarr,PHerc0139/segments/20250108000004-w029_2025010827/surface-volumes/2.399um-0.22m-78keV-volume-20260102150214.zarr,zarr,True,layers-zarr,"28880,28080","109,28080,28880",True,0,/volumes/esrf/20251130/finetuned/SCROLLS_HEL_2.399um_78keV_0.22m_PHerc_0139_TA3_0001_masked.zarr/,True,True,7,7,reproduced_at_another_scale,2,PHerc0139/segments/20250108000004-w029_2025010827/mesh/intermediate/tifxyz_normalized,tifxyz_normalized,1,3.99993,4.00007,4,0,0,,reproduced_at_documented_scale,7,PHerc0139/segments/20250108000004-w029_2025010827/mesh/20250108000004-on-20260102150214-2.399um.tifxyz,transformed,1,0.999983,1.00002,1,0,0,True,reproduced_at_documented_scale,False,True,False
PHerc0139/segments/20250108000004-w029_2025010827,PHerc0139,9.362um-1.2m-113keV-volume-20250728140407.zarr,PHerc0139/segments/20250108000004-w029_2025010827/surface-volumes/9.362um-1.2m-113keV-volume-20250728140407.zarr,zarr,True,layers-zarr,"7420,7220","28,7220,7420",True,0,/volumes/esrf/20250717/SCROLLS_HEL_4.681um_113keV_1.2m_binmean_2_PHerc_0139_TA_0001_masked.zarr/,True,True,7,7,not_reproduced_from_any_published_variant,2,PHerc0139/segments/20250108000004-w029_2025010827/mesh/intermediate/tifxyz_normalized,tifxyz_normalized,1,,,,5,0.000767925,,reproduced_at_documented_scale,7,PHerc0139/segments/20250108000004-w029_2025010827/mesh/20250108000004-on-20250728140407-9.362um.tifxyz,transformed,1,0.999933,1.00007,1,0,0,True,reproduced_at_documented_scale,False,True,False
PHerc0139/segments/20250108000005-w030_2025010818,PHerc0139,1.129um-0.22m-59keV-volume-20260413113053-L1.zarr,PHerc0139/segments/20250108000005-w030_2025010818/surface-volumes/1.129um-0.22m-59keV-volume-20260413113053-L1.zarr,zarr,True,layers-zarr,"30890,29520","116,29520,30890",True,1,/volumes/esrf/20260311/1.129um_mosaic_PHerc_0139_ROI2_fused__masked.zarr,True,True,7,7,not_reproduced_from_any_published_variant,2,PHerc0139/segments/20250108000005-w030_2025010818/mesh/intermediate/tifxyz_normalized,tifxyz_normalized,0.5,,,,8,0.000286494,,reproduced_at_documented_scale,7,PHerc0139/segments/20250108000005-w030_2025010818/mesh/20250108000005-on-20260413113053-1.129um.tifxyz,transformed,0.5,0.499992,0.500008,0.5,0,0,True,reproduced_at_documented_scale,False,False,False
PHerc0139/segments/20250108000005-w030_2025010818,PHerc0139,2.399um-0.22m-78keV-volume-20260102150214.zarr,PHerc0139/segments/20250108000005-w030_2025010818/surface-volumes/2.399um-0.22m-78keV-volume-20260102150214.zarr,zarr,True,layers-zarr,"29040,27760","109,27760,29040",True,0,/volumes/esrf/20251130/finetuned/SCROLLS_HEL_2.399um_78keV_0.22m_PHerc_0139_TA3_0001_masked.zarr/,True,True,7,7,reproduced_at_another_scale,2,PHerc0139/segments/20250108000005-w030_2025010818/mesh/intermediate/tifxyz_normalized,tifxyz_normalized,1,3.99993,4.00007,4,0,0,,reproduced_at_documented_scale,7,PHerc0139/segments/20250108000005-w030_2025010818/mesh/20250108000005-on-20260102150214-2.399um.tifxyz,transformed,1,0.999983,1.00002,1,0,0,True,reproduced_at_documented_scale,False,True,False
PHerc0139/segments/20250108000005-w030_2025010818,PHerc0139,9.362um-1.2m-113keV-volume-20250728140407.zarr,PHerc0139/segments/20250108000005-w030_2025010818/surface-volumes/9.362um-1.2m-113keV-volume-20250728140407.zarr,zarr,True,layers-zarr,"7460,7140","28,7140,7460",True,0,/volumes/esrf/20250717/SCROLLS_HEL_4.681um_113keV_1.2m_binmean_2_PHerc_0139_TA_0001_masked.zarr/,True,True,7,7,not_reproduced_from_any_published_variant,2,PHerc0139/segments/20250108000005-w030_2025010818/mesh/intermediate/tifxyz_normalized,tifxyz_normalized,1,,,,8,0.00123618,,reproduced_at_documented_scale,7,PHerc0139/segments/20250108000005-w030_2025010818/mesh/20250108000005-on-20250728140407-9.362um.tifxyz,transformed,1,0.999933,1.00007,1,0,0,True,reproduced_at_documented_scale,False,True,False
PHerc0139/segments/20250223000000-w059_2025022312,PHerc0139,1.129um-0.22m-59keV-volume-20260413113053-L1.zarr,PHerc0139/segments/20250223000000-w059_2025022312/surface-volumes/1.129um-0.22m-59keV-volume-20260413113053-L1.zarr,zarr,True,layers-zarr,"41440,29860","116,29860,41440",True,1,/volumes/esrf/20260311/1.129um_mosaic_PHerc_0139_ROI2_fused__masked.zarr,True,True,7,7,not_reproduced_from_any_published_variant,2,PHerc0139/segments/20250223000000-w059_2025022312/mesh/intermediate/tifxyz_normalized,tifxyz_normalized,0.5,,,,7,0.000248937,,reproduced_at_documented_scale,7,PHerc0139/segments/20250223000000-w059_2025022312/mesh/20250223000000-on-20260413113053-1.129um.tifxyz,transformed,0.5,0.499994,0.500006,0.5,0,0,True,reproduced_at_documented_scale,False,False,False
PHerc0139/segments/20250223000000-w059_2025022312,PHerc0139,2.399um-0.22m-78keV-volume-20260102150214.zarr,PHerc0139/segments/20250223000000-w059_2025022312/surface-volumes/2.399um-0.22m-78keV-volume-20260102150214.zarr,zarr,True,layers-zarr,"38960,28080","109,28080,38960",True,0,/volumes/esrf/20251130/finetuned/SCROLLS_HEL_2.399um_78keV_0.22m_PHerc_0139_TA3_0001_masked.zarr/,True,True,7,7,reproduced_at_another_scale,2,PHerc0139/segments/20250223000000-w059_2025022312/mesh/intermediate/tifxyz_normalized,tifxyz_normalized,1,3.99995,4.00005,4,0,0,,reproduced_at_documented_scale,7,PHerc0139/segments/20250223000000-w059_2025022312/mesh/20250223000000-on-20260102150214-2.399um.tifxyz,transformed,1,0.999987,1.00001,1,0,0,True,reproduced_at_documented_scale,False,True,False
PHerc0139/segments/20250223000000-w059_2025022312,PHerc0139,9.362um-1.2m-113keV-volume-20250728140407.zarr,PHerc0139/segments/20250223000000-w059_2025022312/surface-volumes/9.362um-1.2m-113keV-volume-20250728140407.zarr,zarr,True,layers-zarr,"10020,7220","28,7220,10020",True,0,/volumes/esrf/20250717/SCROLLS_HEL_4.681um_113keV_1.2m_binmean_2_PHerc_0139_TA_0001_masked.zarr/,True,True,7,7,not_reproduced_from_any_published_variant,2,PHerc0139/segments/20250223000000-w059_2025022312/mesh/intermediate/tifxyz_normalized,tifxyz_normalized,1,,,,1,0.000250274,,reproduced_at_documented_scale,7,PHerc0139/segments/20250223000000-w059_2025022312/mesh/20250223000000-on-20250728140407-9.362um.tifxyz,transformed,1,0.99995,1.00005,1,0,0,True,reproduced_at_documented_scale,False,True,False
PHerc0139/segments/20250831000000-w040_2025083102,PHerc0139,1.129um-0.22m-59keV-volume-20260413113053-L1.zarr,PHerc0139/segments/20250831000000-w040_2025083102/surface-volumes/1.129um-0.22m-59keV-volume-20260413113053-L1.zarr,zarr,True,layers-zarr,"33020,26460","116,26460,33020",True,1,/volumes/esrf/20260311/1.129um_mosaic_PHerc_0139_ROI2_fused__masked.zarr,True,True,7,7,not_reproduced_from_any_published_variant,2,PHerc0139/segments/20250831000000-w040_2025083102/mesh/intermediate/tifxyz_normalized,tifxyz_normalized,0.5,,,,7,0.000266888,,reproduced_at_documented_scale,7,PHerc0139/segments/20250831000000-w040_2025083102/mesh/20250831000000-on-20260413113053-1.129um.tifxyz,transformed,0.5,0.499992,0.500008,0.5,0,0,True,reproduced_at_documented_scale,False,False,False
PHerc0139/segments/20250831000000-w040_2025083102,PHerc0139,2.399um-0.22m-78keV-volume-20260102150214.zarr,PHerc0139/segments/20250831000000-w040_2025083102/surface-volumes/2.399um-0.22m-78keV-volume-20260102150214.zarr,zarr,True,layers-zarr,"31040,24880","109,24880,31040",True,0,/volumes/esrf/20251130/finetuned/SCROLLS_HEL_2.399um_78keV_0.22m_PHerc_0139_TA3_0001_masked.zarr/,True,True,7,7,reproduced_at_another_scale,2,PHerc0139/segments/20250831000000-w040_2025083102/mesh/intermediate/tifxyz_normalized,tifxyz_normalized,1,3.99994,4.00006,4,0,0,,reproduced_at_documented_scale,7,PHerc0139/segments/20250831000000-w040_2025083102/mesh/20250831000000-on-20260102150214-2.399um.tifxyz,transformed,1,0.999984,1.00002,1,0,0,True,reproduced_at_documented_scale,False,True,False
PHerc0139/segments/20250831000000-w040_2025083102,PHerc0139,9.362um-1.2m-113keV-volume-20250728140407.zarr,PHerc0139/segments/20250831000000-w040_2025083102/surface-volumes/9.362um-1.2m-113keV-volume-20250728140407.zarr,zarr,True,layers-zarr,"7980,6400","28,6400,7980",True,0,/volumes/esrf/20250717/SCROLLS_HEL_4.681um_113keV_1.2m_binmean_2_PHerc_0139_TA_0001_masked.zarr/,True,True,7,7,not_reproduced_from_any_published_variant,2,PHerc0139/segments/20250831000000-w040_2025083102/mesh/intermediate/tifxyz_normalized,tifxyz_normalized,1,,,,3,0.00057217,,reproduced_at_documented_scale,7,PHerc0139/segments/20250831000000-w040_2025083102/mesh/20250831000000-on-20250728140407-9.362um.tifxyz,transformed,1,0.999937,1.00006,1,0,0,True,reproduced_at_documented_scale,False,True,False
PHerc0139/segments/20251226000000-w055_2025122611,PHerc0139,1.129um-0.22m-59keV-volume-20260413113053-L1.zarr,PHerc0139/segments/20251226000000-w055_2025122611/surface-volumes/1.129um-0.22m-59keV-volume-20260413113053-L1.zarr,zarr,True,layers-zarr,"43150,31910","116,31910,43150",True,1,/volumes/esrf/20260311/1.129um_mosaic_PHerc_0139_ROI2_fused__masked.zarr,True,True,7,7,not_reproduced_from_any_published_variant,2,PHerc0139/segments/20251226000000-w055_2025122611/mesh/intermediate/tifxyz_normalized,tifxyz_normalized,0.5,,,,5,0.000178015,,reproduced_at_documented_scale,7,PHerc0139/segments/20251226000000-w055_2025122611/mesh/20251226000000-on-20260413113053-1.129um.tifxyz,transformed,0.5,0.499994,0.500006,0.5,0,0,True,reproduced_at_documented_scale,False,False,False
PHerc0139/segments/20251226000000-w055_2025122611,PHerc0139,2.399um-0.22m-78keV-volume-20260102150214.zarr,PHerc0139/segments/20251226000000-w055_2025122611/surface-volumes/2.399um-0.22m-78keV-volume-20260102150214.zarr,zarr,True,layers-zarr,"40560,30000","109,30000,40560",True,0,/volumes/esrf/20251130/finetuned/SCROLLS_HEL_2.399um_78keV_0.22m_PHerc_0139_TA3_0001_masked.zarr/,True,True,7,7,reproduced_at_another_scale,2,PHerc0139/segments/20251226000000-w055_2025122611/mesh/intermediate/tifxyz_normalized,tifxyz_normalized,1,3.99995,4.00005,4,0,0,,reproduced_at_documented_scale,7,PHerc0139/segments/20251226000000-w055_2025122611/mesh/20251226000000-on-20260102150214-2.399um.tifxyz,transformed,1,0.999988,1.00001,1,0,0,True,reproduced_at_documented_scale,False,True,False
PHerc0139/segments/20251226000000-w055_2025122611,PHerc0139,9.362um-1.2m-113keV-volume-20250728140407.zarr,PHerc0139/segments/20251226000000-w055_2025122611/surface-volumes/9.362um-1.2m-113keV-volume-20250728140407.zarr,zarr,True,layers-zarr,"10420,7720","28,7720,10420",True,0,/volumes/esrf/20250717/SCROLLS_HEL_4.681um_113keV_1.2m_binmean_2_PHerc_0139_TA_0001_masked.zarr/,True,True,7,7,not_reproduced_from_any_published_variant,2,PHerc0139/segments/20251226000000-w055_2025122611/mesh/intermediate/tifxyz_normalized,tifxyz_normalized,1,,,,13,0.0016737,,reproduced_at_documented_scale,7,PHerc0139/segments/20251226000000-w055_2025122611/mesh/20251226000000-on-20250728140407-9.362um.tifxyz,transformed,1,0.999952,1.00005,1,0,0,True,reproduced_at_documented_scale,False,True,False
PHerc0139/segments/20260108000000-w041_2026010816,PHerc0139,1.129um-0.22m-59keV-volume-20260413113053-L1.zarr,PHerc0139/segments/20260108000000-w041_2026010816/surface-volumes/1.129um-0.22m-59keV-volume-20260413113053-L1.zarr,zarr,True,layers-zarr,"33190,25610","116,25610,33190",True,1,/volumes/esrf/20260311/1.129um_mosaic_PHerc_0139_ROI2_fused__masked.zarr,True,True,7,7,not_reproduced_from_any_published_variant,2,PHerc0139/segments/20260108000000-w041_2026010816/mesh/intermediate/tifxyz_normalized,tifxyz_normalized,0.5,,,,5,0.000229277,,reproduced_at_documented_scale,7,PHerc0139/segments/20260108000000-w041_2026010816/mesh/20260108000000-on-20260413113053-1.129um.tifxyz,transformed,0.5,0.499992,0.500008,0.5,0,0,True,reproduced_at_documented_scale,False,False,False
PHerc0139/segments/20260108000000-w041_2026010816,PHerc0139,2.399um-0.22m-78keV-volume-20260102150214.zarr,PHerc0139/segments/20260108000000-w041_2026010816/surface-volumes/2.399um-0.22m-78keV-volume-20260102150214.zarr,zarr,True,layers-zarr,"31200,24080","109,24080,31200",True,0,/volumes/esrf/20251130/finetuned/SCROLLS_HEL_2.399um_78keV_0.22m_PHerc_0139_TA3_0001_masked.zarr/,True,True,7,7,reproduced_at_another_scale,2,PHerc0139/segments/20260108000000-w041_2026010816/mesh/intermediate/tifxyz_normalized,tifxyz_normalized,1,3.99994,4.00006,4,0,0,,reproduced_at_documented_scale,7,PHerc0139/segments/20260108000000-w041_2026010816/mesh/20260108000000-on-20260102150214-2.399um.tifxyz,transformed,1,0.999984,1.00002,1,0,0,True,reproduced_at_documented_scale,False,True,False
PHerc0139/segments/20260108000000-w041_2026010816,PHerc0139,9.362um-1.2m-113keV-volume-20250728140407.zarr,PHerc0139/segments/20260108000000-w041_2026010816/surface-volumes/9.362um-1.2m-113keV-volume-20250728140407.zarr,zarr,True,layers-zarr,"8020,6200","28,6200,8020",True,0,/volumes/esrf/20250717/SCROLLS_HEL_4.681um_113keV_1.2m_binmean_2_PHerc_0139_TA_0001_masked.zarr/,True,True,7,7,not_reproduced_from_any_published_variant,2,PHerc0139/segments/20260108000000-w041_2026010816/mesh/intermediate/tifxyz_normalized,tifxyz_normalized,1,,,,10,0.0016487,,reproduced_at_documented_scale,7,PHerc0139/segments/20260108000000-w041_2026010816/mesh/20260108000000-on-20250728140407-9.362um.tifxyz,transformed,1,0.999938,1.00006,1,0,0,True,reproduced_at_documented_scale,False,True,False
PHerc0139/segments/20260112000000-w043_2026011217,PHerc0139,1.129um-0.22m-59keV-volume-20260413113053-L1.zarr,PHerc0139/segments/20260112000000-w043_2026011217/surface-volumes/1.129um-0.22m-59keV-volume-20260413113053-L1.zarr,zarr,True,layers-zarr,"33610,25270","116,25270,33610",True,1,/volumes/esrf/20260311/1.129um_mosaic_PHerc_0139_ROI2_fused__masked.zarr,True,True,7,7,not_reproduced_from_any_published_variant,2,PHerc0139/segments/20260112000000-w043_2026011217/mesh/intermediate/tifxyz_normalized,tifxyz_normalized,0.5,,,,1,5.20956e-05,,reproduced_at_documented_scale,7,PHerc0139/segments/20260112000000-w043_2026011217/mesh/20260112000000-on-20260413113053-1.129um.tifxyz,transformed,0.5,0.499993,0.500007,0.5,0,0,True,reproduced_at_documented_scale,False,False,False
PHerc0139/segments/20260112000000-w043_2026011217,PHerc0139,2.399um-0.22m-78keV-volume-20260102150214.zarr,PHerc0139/segments/20260112000000-w043_2026011217/surface-volumes/2.399um-0.22m-78keV-volume-20260102150214.zarr,zarr,True,layers-zarr,"31600,23760","109,23760,31600",True,0,/volumes/esrf/20251130/finetuned/SCROLLS_HEL_2.399um_78keV_0.22m_PHerc_0139_TA3_0001_masked.zarr/,True,True,7,7,reproduced_at_another_scale,2,PHerc0139/segments/20260112000000-w043_2026011217/mesh/intermediate/tifxyz_normalized,tifxyz_normalized,1,3.99994,4.00006,4,0,0,,reproduced_at_documented_scale,7,PHerc0139/segments/20260112000000-w043_2026011217/mesh/20260112000000-on-20260102150214-2.399um.tifxyz,transformed,1,0.999984,1.00002,1,0,0,True,reproduced_at_documented_scale,False,True,False
PHerc0139/segments/20260112000000-w043_2026011217,PHerc0139,9.362um-1.2m-113keV-volume-20250728140407.zarr,PHerc0139/segments/20260112000000-w043_2026011217/surface-volumes/9.362um-1.2m-113keV-volume-20250728140407.zarr,zarr,True,layers-zarr,"8120,6120","28,6120,8120",True,0,/volumes/esrf/20250717/SCROLLS_HEL_4.681um_113keV_1.2m_binmean_2_PHerc_0139_TA_0001_masked.zarr/,True,True,7,7,not_reproduced_from_any_published_variant,2,PHerc0139/segments/20260112000000-w043_2026011217/mesh/intermediate/tifxyz_normalized,tifxyz_normalized,1,,,,14,0.00238842,,reproduced_at_documented_scale,7,PHerc0139/segments/20260112000000-w043_2026011217/mesh/20260112000000-on-20250728140407-9.362um.tifxyz,transformed,1,0.999938,1.00006,1,0,0,True,reproduced_at_documented_scale,False,True,False
PHerc0139/segments/20260115000000-w044_2026011522,PHerc0139,1.129um-0.22m-59keV-volume-20260413113053-L1.zarr,PHerc0139/segments/20260115000000-w044_2026011522/surface-volumes/1.129um-0.22m-59keV-volume-20260413113053-L1.zarr,zarr,True,layers-zarr,"33780,25010","116,25010,33780",True,1,/volumes/esrf/20260311/1.129um_mosaic_PHerc_0139_ROI2_fused__masked.zarr,True,True,7,7,not_reproduced_from_any_published_variant,2,PHerc0139/segments/20260115000000-w044_2026011522/mesh/intermediate/tifxyz_normalized,tifxyz_normalized,0.5,,,,6,0.000236681,,reproduced_at_documented_scale,7,PHerc0139/segments/20260115000000-w044_2026011522/mesh/20260115000000-on-20260413113053-1.129um.tifxyz,transformed,0.5,0.499993,0.500007,0.5,0,0,True,reproduced_at_documented_scale,False,False,False
PHerc0139/segments/20260115000000-w044_2026011522,PHerc0139,2.399um-0.22m-78keV-volume-20260102150214.zarr,PHerc0139/segments/20260115000000-w044_2026011522/surface-volumes/2.399um-0.22m-78keV-volume-20260102150214.zarr,zarr,True,layers-zarr,"31760,23520","109,23520,31760",True,0,/volumes/esrf/20251130/finetuned/SCROLLS_HEL_2.399um_78keV_0.22m_PHerc_0139_TA3_0001_masked.zarr/,True,True,7,7,reproduced_at_another_scale,2,PHerc0139/segments/20260115000000-w044_2026011522/mesh/intermediate/tifxyz_normalized,tifxyz_normalized,1,3.99994,4.00006,4,0,0,,reproduced_at_documented_scale,7,PHerc0139/segments/20260115000000-w044_2026011522/mesh/20260115000000-on-20260102150214-2.399um.tifxyz,transformed,1,0.999984,1.00002,1,0,0,True,reproduced_at_documented_scale,False,True,False
PHerc0139/segments/20260115000000-w044_2026011522,PHerc0139,9.362um-1.2m-113keV-volume-20250728140407.zarr,PHerc0139/segments/20260115000000-w044_2026011522/surface-volumes/9.362um-1.2m-113keV-volume-20250728140407.zarr,zarr,True,layers-zarr,"8160,6040","28,6040,8160",True,0,/volumes/esrf/20250717/SCROLLS_HEL_4.681um_113keV_1.2m_binmean_2_PHerc_0139_TA_0001_masked.zarr/,True,True,7,7,not_reproduced_from_any_published_variant,2,PHerc0139/segments/20260115000000-w044_2026011522/mesh/intermediate/tifxyz_normalized,tifxyz_normalized,1,,,,3,0.000483761,,reproduced_at_documented_scale,7,PHerc0139/segments/20260115000000-w044_2026011522/mesh/20260115000000-on-20250728140407-9.362um.tifxyz,transformed,1,0.999939,1.00006,1,0,0,True,reproduced_at_documented_scale,False,True,False
PHerc0139/segments/20260115000001-w056_2026011514,PHerc0139,1.129um-0.22m-59keV-volume-20260413113053-L1.zarr,PHerc0139/segments/20260115000001-w056_2026011514/surface-volumes/1.129um-0.22m-59keV-volume-20260413113053-L1.zarr,zarr,True,layers-zarr,"40340,29690","116,29690,40340",True,1,/volumes/esrf/20260311/1.129um_mosaic_PHerc_0139_ROI2_fused__masked.zarr,True,True,7,7,not_reproduced_from_any_published_variant,2,PHerc0139/segments/20260115000001-w056_2026011514/mesh/intermediate/tifxyz_normalized,tifxyz_normalized,0.5,,,,11,0.000397923,,reproduced_at_documented_scale,7,PHerc0139/segments/20260115000001-w056_2026011514/mesh/20260115000001-on-20260413113053-1.129um.tifxyz,transformed,0.5,0.499994,0.500006,0.5,0,0,True,reproduced_at_documented_scale,False,False,False
PHerc0139/segments/20260115000001-w056_2026011514,PHerc0139,2.399um-0.22m-78keV-volume-20260102150214.zarr,PHerc0139/segments/20260115000001-w056_2026011514/surface-volumes/2.399um-0.22m-78keV-volume-20260102150214.zarr,zarr,True,layers-zarr,"37920,27920","109,27920,37920",True,0,/volumes/esrf/20251130/finetuned/SCROLLS_HEL_2.399um_78keV_0.22m_PHerc_0139_TA3_0001_masked.zarr/,True,True,7,7,reproduced_at_another_scale,2,PHerc0139/segments/20260115000001-w056_2026011514/mesh/intermediate/tifxyz_normalized,tifxyz_normalized,1,3.99995,4.00005,4,0,0,,reproduced_at_documented_scale,7,PHerc0139/segments/20260115000001-w056_2026011514/mesh/20260115000001-on-20260102150214-2.399um.tifxyz,transformed,1,0.999987,1.00001,1,0,0,True,reproduced_at_documented_scale,False,True,False
PHerc0139/segments/20260115000001-w056_2026011514,PHerc0139,9.362um-1.2m-113keV-volume-20250728140407.zarr,PHerc0139/segments/20260115000001-w056_2026011514/surface-volumes/9.362um-1.2m-113keV-volume-20250728140407.zarr,zarr,True,layers-zarr,"9740,7180","28,7180,9740",True,0,/volumes/esrf/20250717/SCROLLS_HEL_4.681um_113keV_1.2m_binmean_2_PHerc_0139_TA_0001_masked.zarr/,True,True,7,7,not_reproduced_from_any_published_variant,2,PHerc0139/segments/20260115000001-w056_2026011514/mesh/intermediate/tifxyz_normalized,tifxyz_normalized,1,,,,8,0.00119438,,reproduced_at_documented_scale,7,PHerc0139/segments/20260115000001-w056_2026011514/mesh/20260115000001-on-20250728140407-9.362um.tifxyz,transformed,1,0.999949,1.00005,1,0,0,True,reproduced_at_documented_scale,False,True,False
PHerc0139/segments/20260126000000-w045_2026012619,PHerc0139,1.129um-0.22m-59keV-volume-20260413113053-L1.zarr,PHerc0139/segments/20260126000000-w045_2026012619/surface-volumes/1.129um-0.22m-59keV-volume-20260413113053-L1.zarr,zarr,True,layers-zarr,"34120,24760","116,24760,34120",True,1,/volumes/esrf/20260311/1.129um_mosaic_PHerc_0139_ROI2_fused__masked.zarr,True,True,7,7,reproduced_at_another_scale,2,PHerc0139/segments/20260126000000-w045_2026012619/mesh/intermediate/tifxyz_normalized,tifxyz_normalized,0.5,4.2543,4.25438,,0,1.61148e-05,,reproduced_at_documented_scale,7,PHerc0139/segments/20260126000000-w045_2026012619/mesh/20260126000000-on-20260413113053-1.129um.tifxyz,transformed,0.5,0.499993,0.500007,0.5,0,0,True,reproduced_at_documented_scale,False,False,False
PHerc0139/segments/20260126000000-w045_2026012619,PHerc0139,2.399um-0.22m-78keV-volume-20260102150214.zarr,PHerc0139/segments/20260126000000-w045_2026012619/surface-volumes/2.399um-0.22m-78keV-volume-20260102150214.zarr,zarr,True,layers-zarr,"32080,23280","109,23280,32080",True,0,/volumes/esrf/20251130/finetuned/SCROLLS_HEL_2.399um_78keV_0.22m_PHerc_0139_TA3_0001_masked.zarr/,True,True,7,7,reproduced_at_another_scale,2,PHerc0139/segments/20260126000000-w045_2026012619/mesh/intermediate/tifxyz_normalized,tifxyz_normalized,1,3.99994,4.00006,4,0,0,,reproduced_at_documented_scale,7,PHerc0139/segments/20260126000000-w045_2026012619/mesh/20260126000000-on-20260102150214-2.399um.tifxyz,transformed,1,0.999984,1.00002,1,0,0,True,reproduced_at_documented_scale,False,True,False
PHerc0139/segments/20260126000000-w045_2026012619,PHerc0139,9.362um-1.2m-113keV-volume-20250728140407.zarr,PHerc0139/segments/20260126000000-w045_2026012619/surface-volumes/9.362um-1.2m-113keV-volume-20250728140407.zarr,zarr,True,layers-zarr,"8240,5980","28,5980,8240",True,0,/volumes/esrf/20250717/SCROLLS_HEL_4.681um_113keV_1.2m_binmean_2_PHerc_0139_TA_0001_masked.zarr/,True,True,7,7,reproduced_at_another_scale,2,PHerc0139/segments/20260126000000-w045_2026012619/mesh/intermediate/tifxyz_normalized,tifxyz_normalized,1,1.02741,1.02749,,0,5.83859e-05,,reproduced_at_documented_scale,7,PHerc0139/segments/20260126000000-w045_2026012619/mesh/20260126000000-on-20250728140407-9.362um.tifxyz,transformed,1,0.999939,1.00006,1,0,0,True,reproduced_at_documented_scale,False,True,False
PHerc0139/segments/20260127000000-w057_2026012713,PHerc0139,1.129um-0.22m-59keV-volume-20260413113053-L1.zarr,PHerc0139/segments/20260127000000-w057_2026012713/surface-volumes/1.129um-0.22m-59keV-volume-20260413113053-L1.zarr,zarr,True,layers-zarr,"40510,31400","116,31400,40510",True,1,/volumes/esrf/20260311/1.129um_mosaic_PHerc_0139_ROI2_fused__masked.zarr,True,True,7,7,not_reproduced_from_any_published_variant,2,PHerc0139/segments/20260127000000-w057_2026012713/mesh/intermediate/tifxyz_normalized,tifxyz_normalized,0.5,,,,3,0.000119761,,reproduced_at_documented_scale,7,PHerc0139/segments/20260127000000-w057_2026012713/mesh/20260127000000-on-20260413113053-1.129um.tifxyz,transformed,0.5,0.499994,0.500006,0.5,0,0,True,reproduced_at_documented_scale,False,False,False
PHerc0139/segments/20260127000000-w057_2026012713,PHerc0139,2.399um-0.22m-78keV-volume-20260102150214.zarr,PHerc0139/segments/20260127000000-w057_2026012713/surface-volumes/2.399um-0.22m-78keV-volume-20260102150214.zarr,zarr,True,layers-zarr,"38080,29520","109,29520,38080",True,0,/volumes/esrf/20251130/finetuned/SCROLLS_HEL_2.399um_78keV_0.22m_PHerc_0139_TA3_0001_masked.zarr/,True,True,7,7,reproduced_at_another_scale,2,PHerc0139/segments/20260127000000-w057_2026012713/mesh/intermediate/tifxyz_normalized,tifxyz_normalized,1,3.99995,4.00005,4,0,0,,reproduced_at_documented_scale,7,PHerc0139/segments/20260127000000-w057_2026012713/mesh/20260127000000-on-20260102150214-2.399um.tifxyz,transformed,1,0.999987,1.00001,1,0,0,True,reproduced_at_documented_scale,False,True,False
PHerc0139/segments/20260127000000-w057_2026012713,PHerc0139,9.362um-1.2m-113keV-volume-20250728140407.zarr,PHerc0139/segments/20260127000000-w057_2026012713/surface-volumes/9.362um-1.2m-113keV-volume-20250728140407.zarr,zarr,True,layers-zarr,"9780,7600","28,7600,9780",True,0,/volumes/esrf/20250717/SCROLLS_HEL_4.681um_113keV_1.2m_binmean_2_PHerc_0139_TA_0001_masked.zarr/,True,True,7,7,not_reproduced_from_any_published_variant,2,PHerc0139/segments/20260127000000-w057_2026012713/mesh/intermediate/tifxyz_normalized,tifxyz_normalized,1,,,,18,0.00243293,,reproduced_at_documented_scale,7,PHerc0139/segments/20260127000000-w057_2026012713/mesh/20260127000000-on-20250728140407-9.362um.tifxyz,transformed,1,0.999949,1.00005,1,0,0,True,reproduced_at_documented_scale,False,True,False
PHerc0139/segments/20260130000000-w031_2026013019,PHerc0139,1.129um-0.22m-59keV-volume-20260413113053-L1.zarr,PHerc0139/segments/20260130000000-w031_2026013019/surface-volumes/1.129um-0.22m-59keV-volume-20260413113053-L1.zarr,zarr,True,layers-zarr,"31060,29270","116,29270,31060",True,1,/volumes/esrf/20260311/1.129um_mosaic_PHerc_0139_ROI2_fused__masked.zarr,True,True,7,7,not_reproduced_from_any_published_variant,2,PHerc0139/segments/20260130000000-w031_2026013019/mesh/intermediate/tifxyz_normalized,tifxyz_normalized,0.5,,,,3,0.000102026,,reproduced_at_documented_scale,7,PHerc0139/segments/20260130000000-w031_2026013019/mesh/20260130000000-on-20260413113053-1.129um.tifxyz,transformed,0.5,0.499992,0.500008,0.5,0,0,True,reproduced_at_documented_scale,False,False,False
PHerc0139/segments/20260130000000-w031_2026013019,PHerc0139,2.399um-0.22m-78keV-volume-20260102150214.zarr,PHerc0139/segments/20260130000000-w031_2026013019/surface-volumes/2.399um-0.22m-78keV-volume-20260102150214.zarr,zarr,True,layers-zarr,"29200,27520","109,27520,29200",True,0,/volumes/esrf/20251130/finetuned/SCROLLS_HEL_2.399um_78keV_0.22m_PHerc_0139_TA3_0001_masked.zarr/,True,True,7,7,reproduced_at_another_scale,2,PHerc0139/segments/20260130000000-w031_2026013019/mesh/intermediate/tifxyz_normalized,tifxyz_normalized,1,3.99993,4.00007,4,0,0,,reproduced_at_documented_scale,7,PHerc0139/segments/20260130000000-w031_2026013019/mesh/20260130000000-on-20260102150214-2.399um.tifxyz,transformed,1,0.999983,1.00002,1,0,0,True,reproduced_at_documented_scale,False,True,False
PHerc0139/segments/20260130000000-w031_2026013019,PHerc0139,9.362um-1.2m-113keV-volume-20250728140407.zarr,PHerc0139/segments/20260130000000-w031_2026013019/surface-volumes/9.362um-1.2m-113keV-volume-20250728140407.zarr,zarr,True,layers-zarr,"7500,7080","28,7080,7500",True,0,/volumes/esrf/20250717/SCROLLS_HEL_4.681um_113keV_1.2m_binmean_2_PHerc_0139_TA_0001_masked.zarr/,True,True,7,7,not_reproduced_from_any_published_variant,2,PHerc0139/segments/20260130000000-w031_2026013019/mesh/intermediate/tifxyz_normalized,tifxyz_normalized,1,,,,11,0.00162791,,reproduced_at_documented_scale,7,PHerc0139/segments/20260130000000-w031_2026013019/mesh/20260130000000-on-20250728140407-9.362um.tifxyz,transformed,1,0.999933,1.00007,1,0,0,True,reproduced_at_documented_scale,False,True,False
PHerc0139/segments/20260203000000-w032_2026020303,PHerc0139,1.129um-0.22m-59keV-volume-20260413113053-L1.zarr,PHerc0139/segments/20260203000000-w032_2026020303/surface-volumes/1.129um-0.22m-59keV-volume-20260413113053-L1.zarr,zarr,True,layers-zarr,"31490,29350","116,29350,31490",True,1,/volumes/esrf/20260311/1.129um_mosaic_PHerc_0139_ROI2_fused__masked.zarr,True,True,7,7,not_reproduced_from_any_published_variant,2,PHerc0139/segments/20260203000000-w032_2026020303/mesh/intermediate/tifxyz_normalized,tifxyz_normalized,0.5,,,,12,0.000418988,,reproduced_at_documented_scale,7,PHerc0139/segments/20260203000000-w032_2026020303/mesh/20260203000000-on-20260413113053-1.129um.tifxyz,transformed,0.5,0.499992,0.500008,0.5,0,0,True,reproduced_at_documented_scale,False,False,False
PHerc0139/segments/20260203000000-w032_2026020303,PHerc0139,2.399um-0.22m-78keV-volume-20260102150214.zarr,PHerc0139/segments/20260203000000-w032_2026020303/surface-volumes/2.399um-0.22m-78keV-volume-20260102150214.zarr,zarr,True,layers-zarr,"29600,27600","109,27600,29600",True,0,/volumes/esrf/20251130/finetuned/SCROLLS_HEL_2.399um_78keV_0.22m_PHerc_0139_TA3_0001_masked.zarr/,True,True,7,7,reproduced_at_another_scale,2,PHerc0139/segments/20260203000000-w032_2026020303/mesh/intermediate/tifxyz_normalized,tifxyz_normalized,1,3.99993,4.00007,4,0,0,,reproduced_at_documented_scale,7,PHerc0139/segments/20260203000000-w032_2026020303/mesh/20260203000000-on-20260102150214-2.399um.tifxyz,transformed,1,0.999983,1.00002,1,0,0,True,reproduced_at_documented_scale,False,True,False
PHerc0139/segments/20260203000000-w032_2026020303,PHerc0139,9.362um-1.2m-113keV-volume-20250728140407.zarr,PHerc0139/segments/20260203000000-w032_2026020303/surface-volumes/9.362um-1.2m-113keV-volume-20250728140407.zarr,zarr,True,layers-zarr,"7600,7100","28,7100,7600",True,0,/volumes/esrf/20250717/SCROLLS_HEL_4.681um_113keV_1.2m_binmean_2_PHerc_0139_TA_0001_masked.zarr/,True,True,7,7,not_reproduced_from_any_published_variant,2,PHerc0139/segments/20260203000000-w032_2026020303/mesh/intermediate/tifxyz_normalized,tifxyz_normalized,1,,,,13,0.00190694,,reproduced_at_documented_scale,7,PHerc0139/segments/20260203000000-w032_2026020303/mesh/20260203000000-on-20250728140407-9.362um.tifxyz,transformed,1,0.999934,1.00007,1,0,0,True,reproduced_at_documented_scale,False,True,False
PHerc0139/segments/20260206000000-w042_2026020613,PHerc0139,1.129um-0.22m-59keV-volume-20260413113053-L1.zarr,PHerc0139/segments/20260206000000-w042_2026020613/surface-volumes/1.129um-0.22m-59keV-volume-20260413113053-L1.zarr,zarr,True,layers-zarr,"32590,24760","116,24760,32590",True,1,/volumes/esrf/20260311/1.129um_mosaic_PHerc_0139_ROI2_fused__masked.zarr,True,True,7,7,not_reproduced_from_any_published_variant,2,PHerc0139/segments/20260206000000-w042_2026020613/mesh/intermediate/tifxyz_normalized,tifxyz_normalized,0.5,,,,1,6.43251e-05,,reproduced_at_documented_scale,7,PHerc0139/segments/20260206000000-w042_2026020613/mesh/20260206000000-on-20260413113053-1.129um.tifxyz,transformed,0.5,0.499992,0.500008,0.5,0,0,True,reproduced_at_documented_scale,False,False,False
PHerc0139/segments/20260206000000-w042_2026020613,PHerc0139,2.399um-0.22m-78keV-volume-20260102150214.zarr,PHerc0139/segments/20260206000000-w042_2026020613/surface-volumes/2.399um-0.22m-78keV-volume-20260102150214.zarr,zarr,True,layers-zarr,"30640,23280","109,23280,30640",True,0,/volumes/esrf/20251130/finetuned/SCROLLS_HEL_2.399um_78keV_0.22m_PHerc_0139_TA3_0001_masked.zarr/,True,True,7,7,reproduced_at_another_scale,2,PHerc0139/segments/20260206000000-w042_2026020613/mesh/intermediate/tifxyz_normalized,tifxyz_normalized,1,3.99993,4.00007,4,0,0,,reproduced_at_documented_scale,7,PHerc0139/segments/20260206000000-w042_2026020613/mesh/20260206000000-on-20260102150214-2.399um.tifxyz,transformed,1,0.999984,1.00002,1,0,0,True,reproduced_at_documented_scale,False,True,False
PHerc0139/segments/20260206000000-w042_2026020613,PHerc0139,9.362um-1.2m-113keV-volume-20250728140407.zarr,PHerc0139/segments/20260206000000-w042_2026020613/surface-volumes/9.362um-1.2m-113keV-volume-20250728140407.zarr,zarr,True,layers-zarr,"7880,5980","28,5980,7880",True,0,/volumes/esrf/20250717/SCROLLS_HEL_4.681um_113keV_1.2m_binmean_2_PHerc_0139_TA_0001_masked.zarr/,True,True,7,7,not_reproduced_from_any_published_variant,2,PHerc0139/segments/20260206000000-w042_2026020613/mesh/intermediate/tifxyz_normalized,tifxyz_normalized,1,,,,7,0.00119633,,reproduced_at_documented_scale,7,PHerc0139/segments/20260206000000-w042_2026020613/mesh/20260206000000-on-20250728140407-9.362um.tifxyz,transformed,1,0.999937,1.00006,1,0,0,True,reproduced_at_documented_scale,False,True,False
PHerc0139/segments/20260206000001-w047_2026020613,PHerc0139,1.129um-0.22m-59keV-volume-20260413113053-L1.zarr,PHerc0139/segments/20260206000001-w047_2026020613/surface-volumes/1.129um-0.22m-59keV-volume-20260413113053-L1.zarr,zarr,True,layers-zarr,"34890,24160","116,24160,34890",True,1,/volumes/esrf/20260311/1.129um_mosaic_PHerc_0139_ROI2_fused__masked.zarr,True,True,7,7,not_reproduced_from_any_published_variant,2,PHerc0139/segments/20260206000001-w047_2026020613/mesh/intermediate/tifxyz_normalized,tifxyz_normalized,0.5,,,,7,0.000319011,,reproduced_at_documented_scale,7,PHerc0139/segments/20260206000001-w047_2026020613/mesh/20260206000001-on-20260413113053-1.129um.tifxyz,transformed,0.5,0.499993,0.500007,0.5,0,0,True,reproduced_at_documented_scale,False,False,False
PHerc0139/segments/20260206000001-w047_2026020613,PHerc0139,2.399um-0.22m-78keV-volume-20260102150214.zarr,PHerc0139/segments/20260206000001-w047_2026020613/surface-volumes/2.399um-0.22m-78keV-volume-20260102150214.zarr,zarr,True,layers-zarr,"32800,22720","109,22720,32800",True,0,/volumes/esrf/20251130/finetuned/SCROLLS_HEL_2.399um_78keV_0.22m_PHerc_0139_TA3_0001_masked.zarr/,True,True,7,7,reproduced_at_another_scale,2,PHerc0139/segments/20260206000001-w047_2026020613/mesh/intermediate/tifxyz_normalized,tifxyz_normalized,1,3.99994,4.00006,4,0,0,,reproduced_at_documented_scale,7,PHerc0139/segments/20260206000001-w047_2026020613/mesh/20260206000001-on-20260102150214-2.399um.tifxyz,transformed,1,0.999985,1.00002,1,0,0,True,reproduced_at_documented_scale,False,True,False
PHerc0139/segments/20260206000001-w047_2026020613,PHerc0139,9.362um-1.2m-113keV-volume-20250728140407.zarr,PHerc0139/segments/20260206000001-w047_2026020613/surface-volumes/9.362um-1.2m-113keV-volume-20250728140407.zarr,zarr,True,layers-zarr,"8440,5840","28,5840,8440",True,0,/volumes/esrf/20250717/SCROLLS_HEL_4.681um_113keV_1.2m_binmean_2_PHerc_0139_TA_0001_masked.zarr/,True,True,7,7,not_reproduced_from_any_published_variant,2,PHerc0139/segments/20260206000001-w047_2026020613/mesh/intermediate/tifxyz_normalized,tifxyz_normalized,1,,,,6,0.00106916,,reproduced_at_documented_scale,7,PHerc0139/segments/20260206000001-w047_2026020613/mesh/20260206000001-on-20250728140407-9.362um.tifxyz,transformed,1,0.999941,1.00006,1,0,0,True,reproduced_at_documented_scale,False,True,False
PHerc0139/segments/20260206000002-w054_2026020617,PHerc0139,1.129um-0.22m-59keV-volume-20260413113053-L1.zarr,PHerc0139/segments/20260206000002-w054_2026020617/surface-volumes/1.129um-0.22m-59keV-volume-20260413113053-L1.zarr,zarr,True,layers-zarr,"46120,31650","116,31650,46120",True,1,/volumes/esrf/20260311/1.129um_mosaic_PHerc_0139_ROI2_fused__masked.zarr,True,True,7,7,not_reproduced_from_any_published_variant,2,PHerc0139/segments/20260206000002-w054_2026020617/mesh/intermediate/tifxyz_normalized,tifxyz_normalized,0.5,,,,4,0.000136409,,reproduced_at_documented_scale,7,PHerc0139/segments/20260206000002-w054_2026020617/mesh/20260206000002-on-20260413113053-1.129um.tifxyz,transformed,0.5,0.499995,0.500005,0.5,0,0,True,reproduced_at_documented_scale,False,False,False
PHerc0139/segments/20260206000002-w054_2026020617,PHerc0139,2.399um-0.22m-78keV-volume-20260102150214.zarr,PHerc0139/segments/20260206000002-w054_2026020617/surface-volumes/2.399um-0.22m-78keV-volume-20260102150214.zarr,zarr,True,layers-zarr,"43360,29760","109,29760,43360",True,0,/volumes/esrf/20251130/finetuned/SCROLLS_HEL_2.399um_78keV_0.22m_PHerc_0139_TA3_0001_masked.zarr/,True,True,7,7,reproduced_at_another_scale,2,PHerc0139/segments/20260206000002-w054_2026020617/mesh/intermediate/tifxyz_normalized,tifxyz_normalized,1,3.99995,4.00005,4,0,0,,reproduced_at_documented_scale,7,PHerc0139/segments/20260206000002-w054_2026020617/mesh/20260206000002-on-20260102150214-2.399um.tifxyz,transformed,1,0.999988,1.00001,1,0,0,True,reproduced_at_documented_scale,False,True,False
PHerc0139/segments/20260206000002-w054_2026020617,PHerc0139,9.362um-1.2m-113keV-volume-20250728140407.zarr,PHerc0139/segments/20260206000002-w054_2026020617/surface-volumes/9.362um-1.2m-113keV-volume-20250728140407.zarr,zarr,True,layers-zarr,"11140,7660","28,7660,11140",True,0,/volumes/esrf/20250717/SCROLLS_HEL_4.681um_113keV_1.2m_binmean_2_PHerc_0139_TA_0001_masked.zarr/,True,True,7,7,not_reproduced_from_any_published_variant,2,PHerc0139/segments/20260206000002-w054_2026020617/mesh/intermediate/tifxyz_normalized,tifxyz_normalized,1,,,,14,0.00184359,,reproduced_at_documented_scale,7,PHerc0139/segments/20260206000002-w054_2026020617/mesh/20260206000002-on-20250728140407-9.362um.tifxyz,transformed,1,0.999955,1.00004,1,0,0,True,reproduced_at_documented_scale,False,True,False
PHerc0139/segments/20260210000000-w058_2026021020,PHerc0139,1.129um-0.22m-59keV-volume-20260413113053-L1.zarr,PHerc0139/segments/20260210000000-w058_2026021020/surface-volumes/1.129um-0.22m-59keV-volume-20260413113053-L1.zarr,zarr,True,layers-zarr,"40850,31060","116,31060,40850",True,1,/volumes/esrf/20260311/1.129um_mosaic_PHerc_0139_ROI2_fused__masked.zarr,True,True,7,7,not_reproduced_from_any_published_variant,2,PHerc0139/segments/20260210000000-w058_2026021020/mesh/intermediate/tifxyz_normalized,tifxyz_normalized,0.5,,,,3,9.7258e-05,,reproduced_at_documented_scale,7,PHerc0139/segments/20260210000000-w058_2026021020/mesh/20260210000000-on-20260413113053-1.129um.tifxyz,transformed,0.5,0.499994,0.500006,0.5,0,0,True,reproduced_at_documented_scale,False,False,False
PHerc0139/segments/20260210000000-w058_2026021020,PHerc0139,2.399um-0.22m-78keV-volume-20260102150214.zarr,PHerc0139/segments/20260210000000-w058_2026021020/surface-volumes/2.399um-0.22m-78keV-volume-20260102150214.zarr,zarr,True,layers-zarr,"38400,29200","109,29200,38400",True,0,/volumes/esrf/20251130/finetuned/SCROLLS_HEL_2.399um_78keV_0.22m_PHerc_0139_TA3_0001_masked.zarr/,True,True,7,7,reproduced_at_another_scale,2,PHerc0139/segments/20260210000000-w058_2026021020/mesh/intermediate/tifxyz_normalized,tifxyz_normalized,1,3.99995,4.00005,4,0,0,,reproduced_at_documented_scale,7,PHerc0139/segments/20260210000000-w058_2026021020/mesh/20260210000000-on-20260102150214-2.399um.tifxyz,transformed,1,0.999987,1.00001,1,0,0,True,reproduced_at_documented_scale,False,True,False
PHerc0139/segments/20260210000000-w058_2026021020,PHerc0139,9.362um-1.2m-113keV-volume-20250728140407.zarr,PHerc0139/segments/20260210000000-w058_2026021020/surface-volumes/9.362um-1.2m-113keV-volume-20250728140407.zarr,zarr,True,layers-zarr,"9880,7500","28,7500,9880",True,0,/volumes/esrf/20250717/SCROLLS_HEL_4.681um_113keV_1.2m_binmean_2_PHerc_0139_TA_0001_masked.zarr/,True,True,7,7,not_reproduced_from_any_published_variant,2,PHerc0139/segments/20260210000000-w058_2026021020/mesh/intermediate/tifxyz_normalized,tifxyz_normalized,1,,,,13,0.00172222,,reproduced_at_documented_scale,7,PHerc0139/segments/20260210000000-w058_2026021020/mesh/20260210000000-on-20250728140407-9.362um.tifxyz,transformed,1,0.999949,1.00005,1,0,0,True,reproduced_at_documented_scale,False,True,False
PHerc0139/segments/20260215000000-w024_2026021572,PHerc0139,1.129um-0.22m-59keV-volume-20260413113053-L1.zarr,PHerc0139/segments/20260215000000-w024_2026021572/surface-volumes/1.129um-0.22m-59keV-volume-20260413113053-L1.zarr,zarr,True,layers-zarr,"27400,29350","116,29350,27400",True,1,/volumes/esrf/20260311/1.129um_mosaic_PHerc_0139_ROI2_fused__masked.zarr,True,True,7,7,not_reproduced_from_any_published_variant,2,PHerc0139/segments/20260215000000-w024_2026021572/mesh/intermediate/tifxyz_normalized,tifxyz_normalized,0.5,,,,6,0.000243368,,reproduced_at_documented_scale,7,PHerc0139/segments/20260215000000-w024_2026021572/mesh/20260215000000-on-20260413113053-1.129um.tifxyz,transformed,0.5,0.499991,0.500009,0.5,0,0,True,reproduced_at_documented_scale,False,False,False
PHerc0139/segments/20260215000000-w024_2026021572,PHerc0139,2.399um-0.22m-78keV-volume-20260102150214.zarr,PHerc0139/segments/20260215000000-w024_2026021572/surface-volumes/2.399um-0.22m-78keV-volume-20260102150214.zarr,zarr,True,layers-zarr,"25760,27600","109,27600,25760",True,0,/volumes/esrf/20251130/finetuned/SCROLLS_HEL_2.399um_78keV_0.22m_PHerc_0139_TA3_0001_masked.zarr/,True,True,7,7,reproduced_at_another_scale,2,PHerc0139/segments/20260215000000-w024_2026021572/mesh/intermediate/tifxyz_normalized,tifxyz_normalized,1,3.99993,4.00007,4,0,0,,reproduced_at_documented_scale,7,PHerc0139/segments/20260215000000-w024_2026021572/mesh/20260215000000-on-20260102150214-2.399um.tifxyz,transformed,1,0.999982,1.00002,1,0,0,True,reproduced_at_documented_scale,False,True,False
PHerc0139/segments/20260215000000-w024_2026021572,PHerc0139,9.362um-1.2m-113keV-volume-20250728140407.zarr,PHerc0139/segments/20260215000000-w024_2026021572/surface-volumes/9.362um-1.2m-113keV-volume-20250728140407.zarr,zarr,True,layers-zarr,"6620,7100","28,7100,6620",True,0,/volumes/esrf/20250717/SCROLLS_HEL_4.681um_113keV_1.2m_binmean_2_PHerc_0139_TA_0001_masked.zarr/,True,True,7,7,not_reproduced_from_any_published_variant,2,PHerc0139/segments/20260215000000-w024_2026021572/mesh/intermediate/tifxyz_normalized,tifxyz_normalized,1,,,,6,0.00100705,,reproduced_at_documented_scale,7,PHerc0139/segments/20260215000000-w024_2026021572/mesh/20260215000000-on-20250728140407-9.362um.tifxyz,transformed,1,0.99993,1.00007,1,0,0,True,reproduced_at_documented_scale,False,True,False
PHerc0139/segments/20260219000000-w033_2026021913,PHerc0139,1.129um-0.22m-59keV-volume-20260413113053-L1.zarr,PHerc0139/segments/20260219000000-w033_2026021913/surface-volumes/1.129um-0.22m-59keV-volume-20260413113053-L1.zarr,zarr,True,layers-zarr,"31740,29350","116,29350,31740",True,1,/volumes/esrf/20260311/1.129um_mosaic_PHerc_0139_ROI2_fused__masked.zarr,True,True,7,7,not_reproduced_from_any_published_variant,2,PHerc0139/segments/20260219000000-w033_2026021913/mesh/intermediate/tifxyz_normalized,tifxyz_normalized,0.5,,,,7,0.000251198,,reproduced_at_documented_scale,7,PHerc0139/segments/20260219000000-w033_2026021913/mesh/20260219000000-on-20260413113053-1.129um.tifxyz,transformed,0.5,0.499992,0.500008,0.5,0,0,True,reproduced_at_documented_scale,False,False,False
PHerc0139/segments/20260219000000-w033_2026021913,PHerc0139,2.399um-0.22m-78keV-volume-20260102150214.zarr,PHerc0139/segments/20260219000000-w033_2026021913/surface-volumes/2.399um-0.22m-78keV-volume-20260102150214.zarr,zarr,True,layers-zarr,"29840,27600","109,27600,29840",True,0,/volumes/esrf/20251130/finetuned/SCROLLS_HEL_2.399um_78keV_0.22m_PHerc_0139_TA3_0001_masked.zarr/,True,True,7,7,reproduced_at_another_scale,2,PHerc0139/segments/20260219000000-w033_2026021913/mesh/intermediate/tifxyz_normalized,tifxyz_normalized,1,3.99993,4.00007,4,0,0,,reproduced_at_documented_scale,7,PHerc0139/segments/20260219000000-w033_2026021913/mesh/20260219000000-on-20260102150214-2.399um.tifxyz,transformed,1,0.999983,1.00002,1,0,0,True,reproduced_at_documented_scale,False,True,False
PHerc0139/segments/20260219000000-w033_2026021913,PHerc0139,9.362um-1.2m-113keV-volume-20250728140407.zarr,PHerc0139/segments/20260219000000-w033_2026021913/surface-volumes/9.362um-1.2m-113keV-volume-20250728140407.zarr,zarr,True,layers-zarr,"7680,7100","28,7100,7680",True,0,/volumes/esrf/20250717/SCROLLS_HEL_4.681um_113keV_1.2m_binmean_2_PHerc_0139_TA_0001_masked.zarr/,True,True,7,7,not_reproduced_from_any_published_variant,2,PHerc0139/segments/20260219000000-w033_2026021913/mesh/intermediate/tifxyz_normalized,tifxyz_normalized,1,,,,3,0.000490881,,reproduced_at_documented_scale,7,PHerc0139/segments/20260219000000-w033_2026021913/mesh/20260219000000-on-20250728140407-9.362um.tifxyz,transformed,1,0.999935,1.00007,1,0,0,True,reproduced_at_documented_scale,False,True,False
PHerc0139/segments/20260219000001-w048_2026021912,PHerc0139,1.129um-0.22m-59keV-volume-20260413113053-L1.zarr,PHerc0139/segments/20260219000001-w048_2026021912/surface-volumes/1.129um-0.22m-59keV-volume-20260413113053-L1.zarr,zarr,True,layers-zarr,"35230,23650","116,23650,35230",True,1,/volumes/esrf/20260311/1.129um_mosaic_PHerc_0139_ROI2_fused__masked.zarr,True,True,7,7,not_reproduced_from_any_published_variant,2,PHerc0139/segments/20260219000001-w048_2026021912/mesh/intermediate/tifxyz_normalized,tifxyz_normalized,0.5,,,,7,0.000290059,,reproduced_at_documented_scale,7,PHerc0139/segments/20260219000001-w048_2026021912/mesh/20260219000001-on-20260413113053-1.129um.tifxyz,transformed,0.5,0.499993,0.500007,0.5,0,0,True,reproduced_at_documented_scale,False,False,False
PHerc0139/segments/20260219000001-w048_2026021912,PHerc0139,2.399um-0.22m-78keV-volume-20260102150214.zarr,PHerc0139/segments/20260219000001-w048_2026021912/surface-volumes/2.399um-0.22m-78keV-volume-20260102150214.zarr,zarr,True,layers-zarr,"33120,22240","109,22240,33120",True,0,/volumes/esrf/20251130/finetuned/SCROLLS_HEL_2.399um_78keV_0.22m_PHerc_0139_TA3_0001_masked.zarr/,True,True,7,7,reproduced_at_another_scale,2,PHerc0139/segments/20260219000001-w048_2026021912/mesh/intermediate/tifxyz_normalized,tifxyz_normalized,1,3.99994,4.00006,4,0,0,,reproduced_at_documented_scale,7,PHerc0139/segments/20260219000001-w048_2026021912/mesh/20260219000001-on-20260102150214-2.399um.tifxyz,transformed,1,0.999985,1.00002,1,0,0,True,reproduced_at_documented_scale,False,True,False
PHerc0139/segments/20260219000001-w048_2026021912,PHerc0139,9.362um-1.2m-113keV-volume-20250728140407.zarr,PHerc0139/segments/20260219000001-w048_2026021912/surface-volumes/9.362um-1.2m-113keV-volume-20250728140407.zarr,zarr,True,layers-zarr,"8520,5720","28,5720,8520",True,0,/volumes/esrf/20250717/SCROLLS_HEL_4.681um_113keV_1.2m_binmean_2_PHerc_0139_TA_0001_masked.zarr/,True,True,7,7,not_reproduced_from_any_published_variant,2,PHerc0139/segments/20260219000001-w048_2026021912/mesh/intermediate/tifxyz_normalized,tifxyz_normalized,1,,,,1,0.000202696,,reproduced_at_documented_scale,7,PHerc0139/segments/20260219000001-w048_2026021912/mesh/20260219000001-on-20250728140407-9.362um.tifxyz,transformed,1,0.999941,1.00006,1,0,0,True,reproduced_at_documented_scale,False,True,False
PHerc0139/segments/20260220000000-w053_2026022021,PHerc0139,1.129um-0.22m-59keV-volume-20260413113053-L1.zarr,PHerc0139/segments/20260220000000-w053_2026022021/surface-volumes/1.129um-0.22m-59keV-volume-20260413113053-L1.zarr,zarr,True,layers-zarr,"42890,30800","116,30800,42890",True,1,/volumes/esrf/20260311/1.129um_mosaic_PHerc_0139_ROI2_fused__masked.zarr,True,True,7,7,not_reproduced_from_any_published_variant,2,PHerc0139/segments/20260220000000-w053_2026022021/mesh/intermediate/tifxyz_normalized,tifxyz_normalized,0.5,,,,6,0.000191971,,reproduced_at_documented_scale,7,PHerc0139/segments/20260220000000-w053_2026022021/mesh/20260220000000-on-20260413113053-1.129um.tifxyz,transformed,0.5,0.499994,0.500006,0.5,0,0,True,reproduced_at_documented_scale,False,False,False
PHerc0139/segments/20260220000000-w053_2026022021,PHerc0139,2.399um-0.22m-78keV-volume-20260102150214.zarr,PHerc0139/segments/20260220000000-w053_2026022021/surface-volumes/2.399um-0.22m-78keV-volume-20260102150214.zarr,zarr,True,layers-zarr,"40320,28960","109,28960,40320",True,0,/volumes/esrf/20251130/finetuned/SCROLLS_HEL_2.399um_78keV_0.22m_PHerc_0139_TA3_0001_masked.zarr/,True,True,7,7,reproduced_at_another_scale,2,PHerc0139/segments/20260220000000-w053_2026022021/mesh/intermediate/tifxyz_normalized,tifxyz_normalized,1,3.99995,4.00005,4,0,0,,reproduced_at_documented_scale,7,PHerc0139/segments/20260220000000-w053_2026022021/mesh/20260220000000-on-20260102150214-2.399um.tifxyz,transformed,1,0.999988,1.00001,1,0,0,True,reproduced_at_documented_scale,False,True,False
PHerc0139/segments/20260220000000-w053_2026022021,PHerc0139,9.362um-1.2m-113keV-volume-20250728140407.zarr,PHerc0139/segments/20260220000000-w053_2026022021/surface-volumes/9.362um-1.2m-113keV-volume-20250728140407.zarr,zarr,True,layers-zarr,"10360,7440","28,7440,10360",True,0,/volumes/esrf/20250717/SCROLLS_HEL_4.681um_113keV_1.2m_binmean_2_PHerc_0139_TA_0001_masked.zarr/,True,True,7,7,not_reproduced_from_any_published_variant,2,PHerc0139/segments/20260220000000-w053_2026022021/mesh/intermediate/tifxyz_normalized,tifxyz_normalized,1,,,,1,0.000149343,,reproduced_at_documented_scale,7,PHerc0139/segments/20260220000000-w053_2026022021/mesh/20260220000000-on-20250728140407-9.362um.tifxyz,transformed,1,0.999952,1.00005,1,0,0,True,reproduced_at_documented_scale,False,True,False
PHerc0139/segments/20260227000000-w052_2026022705,PHerc0139,1.129um-0.22m-59keV-volume-20260413113053-L1.zarr,PHerc0139/segments/20260227000000-w052_2026022705/surface-volumes/1.129um-0.22m-59keV-volume-20260413113053-L1.zarr,zarr,True,layers-zarr,"40420,31820","116,31820,40420",True,1,/volumes/esrf/20260311/1.129um_mosaic_PHerc_0139_ROI2_fused__masked.zarr,True,True,7,7,not_reproduced_from_any_published_variant,2,PHerc0139/segments/20260227000000-w052_2026022705/mesh/intermediate/tifxyz_normalized,tifxyz_normalized,0.5,,,,5,0.000170697,,reproduced_at_documented_scale,7,PHerc0139/segments/20260227000000-w052_2026022705/mesh/20260227000000-on-20260413113053-1.129um.tifxyz,transformed,0.5,0.499994,0.500006,0.5,0,0,True,reproduced_at_documented_scale,False,False,False
PHerc0139/segments/20260227000000-w052_2026022705,PHerc0139,2.399um-0.22m-78keV-volume-20260102150214.zarr,PHerc0139/segments/20260227000000-w052_2026022705/surface-volumes/2.399um-0.22m-78keV-volume-20260102150214.zarr,zarr,True,layers-zarr,"38000,29920","109,29920,38000",True,0,/volumes/esrf/20251130/finetuned/SCROLLS_HEL_2.399um_78keV_0.22m_PHerc_0139_TA3_0001_masked.zarr/,True,True,7,7,reproduced_at_another_scale,2,PHerc0139/segments/20260227000000-w052_2026022705/mesh/intermediate/tifxyz_normalized,tifxyz_normalized,1,3.99995,4.00005,4,0,0,,reproduced_at_documented_scale,7,PHerc0139/segments/20260227000000-w052_2026022705/mesh/20260227000000-on-20260102150214-2.399um.tifxyz,transformed,1,0.999987,1.00001,1,0,0,True,reproduced_at_documented_scale,False,True,False
PHerc0139/segments/20260227000000-w052_2026022705,PHerc0139,9.362um-1.2m-113keV-volume-20250728140407.zarr,PHerc0139/segments/20260227000000-w052_2026022705/surface-volumes/9.362um-1.2m-113keV-volume-20250728140407.zarr,zarr,True,layers-zarr,"9760,7700","28,7700,9760",True,0,/volumes/esrf/20250717/SCROLLS_HEL_4.681um_113keV_1.2m_binmean_2_PHerc_0139_TA_0001_masked.zarr/,True,True,7,7,not_reproduced_from_any_published_variant,2,PHerc0139/segments/20260227000000-w052_2026022705/mesh/intermediate/tifxyz_normalized,tifxyz_normalized,1,,,,15,0.00198891,,reproduced_at_documented_scale,7,PHerc0139/segments/20260227000000-w052_2026022705/mesh/20260227000000-on-20250728140407-9.362um.tifxyz,transformed,1,0.999949,1.00005,1,0,0,True,reproduced_at_documented_scale,False,True,False
PHerc0139/segments/20260302000000-w039_2026030210,PHerc0139,1.129um-0.22m-59keV-volume-20260413113053-L1.zarr,PHerc0139/segments/20260302000000-w039_2026030210/surface-volumes/1.129um-0.22m-59keV-volume-20260413113053-L1.zarr,zarr,True,layers-zarr,"31910,35390","116,35390,31910",True,1,/volumes/esrf/20260311/1.129um_mosaic_PHerc_0139_ROI2_fused__masked.zarr,True,True,7,7,not_reproduced_from_any_published_variant,2,PHerc0139/segments/20260302000000-w039_2026030210/mesh/intermediate/tifxyz_normalized,tifxyz_normalized,0.5,,,,8,0.000249411,,reproduced_at_documented_scale,7,PHerc0139/segments/20260302000000-w039_2026030210/mesh/20260302000000-on-20260413113053-1.129um.tifxyz,transformed,0.5,0.499993,0.500007,0.5,0,0,True,reproduced_at_documented_scale,False,False,False
PHerc0139/segments/20260302000000-w039_2026030210,PHerc0139,2.399um-0.22m-78keV-volume-20260102150214.zarr,PHerc0139/segments/20260302000000-w039_2026030210/surface-volumes/2.399um-0.22m-78keV-volume-20260102150214.zarr,zarr,True,layers-zarr,"30000,33280","109,33280,30000",True,0,/volumes/esrf/20251130/finetuned/SCROLLS_HEL_2.399um_78keV_0.22m_PHerc_0139_TA3_0001_masked.zarr/,True,True,7,7,reproduced_at_another_scale,2,PHerc0139/segments/20260302000000-w039_2026030210/mesh/intermediate/tifxyz_normalized,tifxyz_normalized,1,3.99994,4.00006,4,0,0,,reproduced_at_documented_scale,7,PHerc0139/segments/20260302000000-w039_2026030210/mesh/20260302000000-on-20260102150214-2.399um.tifxyz,transformed,1,0.999985,1.00002,1,0,0,True,reproduced_at_documented_scale,False,True,False
PHerc0139/segments/20260302000000-w039_2026030210,PHerc0139,9.362um-1.2m-113keV-volume-20250728140407.zarr,PHerc0139/segments/20260302000000-w039_2026030210/surface-volumes/9.362um-1.2m-113keV-volume-20250728140407.zarr,zarr,True,layers-zarr,"7720,8560","28,8560,7720",True,0,/volumes/esrf/20250717/SCROLLS_HEL_4.681um_113keV_1.2m_binmean_2_PHerc_0139_TA_0001_masked.zarr/,True,True,7,7,not_reproduced_from_any_published_variant,2,PHerc0139/segments/20260302000000-w039_2026030210/mesh/intermediate/tifxyz_normalized,tifxyz_normalized,1,,,,3,0.00047352,,reproduced_at_documented_scale,7,PHerc0139/segments/20260302000000-w039_2026030210/mesh/20260302000000-on-20250728140407-9.362um.tifxyz,transformed,1,0.999942,1.00006,1,0,0,True,reproduced_at_documented_scale,False,True,False
PHerc0139/segments/20260302000001-w050_2026030220,PHerc0139,1.129um-0.22m-59keV-volume-20260413113053-L1.zarr,PHerc0139/segments/20260302000001-w050_2026030220/surface-volumes/1.129um-0.22m-59keV-volume-20260413113053-L1.zarr,zarr,True,layers-zarr,"16080,21950","116,21950,16080",True,1,/volumes/esrf/20260311/1.129um_mosaic_PHerc_0139_ROI2_fused__masked.zarr,True,True,7,7,reproduced_at_another_scale,2,PHerc0139/segments/20260302000001-w050_2026030220/mesh/intermediate/tifxyz_normalized,tifxyz_normalized,0.5,4.25384,4.25397,,0,2.16943e-05,,reproduced_at_documented_scale,7,PHerc0139/segments/20260302000001-w050_2026030220/mesh/20260302000001-on-20260413113053-1.129um.tifxyz,transformed,0.5,0.499989,0.500011,0.5,0,0,True,reproduced_at_documented_scale,False,False,False
PHerc0139/segments/20260302000001-w050_2026030220,PHerc0139,1.129um-0.22m-59keV-volume-20260413113053.zarr,PHerc0139/segments/20260302000001-w050_2026030220/surface-volumes/1.129um-0.22m-59keV-volume-20260413113053.zarr,zarr,True,layers-zarr,"32160,43900","231,43900,32160",True,0,/volumes/esrf/20260311/1.129um_mosaic_PHerc_0139_ROI2_fused__masked.zarr,True,True,7,7,reproduced_at_another_scale,2,PHerc0139/segments/20260302000001-w050_2026030220/mesh/intermediate/tifxyz_normalized,tifxyz_normalized,1,8.5078,8.50785,,0,2.16943e-05,,reproduced_at_documented_scale,7,PHerc0139/segments/20260302000001-w050_2026030220/mesh/20260302000001-on-20260413113053-1.129um.tifxyz,transformed,1,0.999989,1.00001,1,0,0,True,reproduced_at_documented_scale,False,True,False
PHerc0139/segments/20260302000001-w050_2026030220,PHerc0139,2.399um-0.22m-78keV-volume-20260102150214.zarr,PHerc0139/segments/20260302000001-w050_2026030220/surface-volumes/2.399um-0.22m-78keV-volume-20260102150214.zarr,zarr,True,layers-zarr,"15120,20640","109,20640,15120",True,0,/volumes/esrf/20251130/finetuned/SCROLLS_HEL_2.399um_78keV_0.22m_PHerc_0139_TA3_0001_masked.zarr/,True,True,7,7,reproduced_at_another_scale,2,PHerc0139/segments/20260302000001-w050_2026030220/mesh/intermediate/tifxyz_normalized,tifxyz_normalized,1,3.9999,4.0001,4,0,0,,reproduced_at_documented_scale,7,PHerc0139/segments/20260302000001-w050_2026030220/mesh/20260302000001-on-20260102150214-2.399um.tifxyz,transformed,1,0.999976,1.00002,1,0,0,True,reproduced_at_documented_scale,False,True,False
PHerc0139/segments/20260302000001-w050_2026030220,PHerc0139,9.362um-1.2m-113keV-volume-20250728140407.zarr,PHerc0139/segments/20260302000001-w050_2026030220/surface-volumes/9.362um-1.2m-113keV-volume-20250728140407.zarr,zarr,True,layers-zarr,"3880,5300","28,5300,3880",True,0,/volumes/esrf/20250717/SCROLLS_HEL_4.681um_113keV_1.2m_binmean_2_PHerc_0139_TA_0001_masked.zarr/,True,True,7,7,not_reproduced_from_any_published_variant,2,PHerc0139/segments/20260302000001-w050_2026030220/mesh/intermediate/tifxyz_normalized,tifxyz_normalized,1,,,,2,0.000659314,,reproduced_at_documented_scale,7,PHerc0139/segments/20260302000001-w050_2026030220/mesh/20260302000001-on-20250728140407-9.362um.tifxyz,transformed,1,0.999906,1.00009,1,0,0,True,reproduced_at_documented_scale,False,True,False
PHerc0139/segments/20260303000000-w034_2026030317,PHerc0139,1.129um-0.22m-59keV-volume-20260413113053-L1.zarr,PHerc0139/segments/20260303000000-w034_2026030317/surface-volumes/1.129um-0.22m-59keV-volume-20260413113053-L1.zarr,zarr,True,layers-zarr,"31910,29100","116,29100,31910",True,1,/volumes/esrf/20260311/1.129um_mosaic_PHerc_0139_ROI2_fused__masked.zarr,True,True,7,7,not_reproduced_from_any_published_variant,2,PHerc0139/segments/20260303000000-w034_2026030317/mesh/intermediate/tifxyz_normalized,tifxyz_normalized,0.5,,,,1,6.59794e-05,,reproduced_at_documented_scale,7,PHerc0139/segments/20260303000000-w034_2026030317/mesh/20260303000000-on-20260413113053-1.129um.tifxyz,transformed,0.5,0.499992,0.500008,0.5,0,0,True,reproduced_at_documented_scale,False,False,False
PHerc0139/segments/20260303000000-w034_2026030317,PHerc0139,2.399um-0.22m-78keV-volume-20260102150214.zarr,PHerc0139/segments/20260303000000-w034_2026030317/surface-volumes/2.399um-0.22m-78keV-volume-20260102150214.zarr,zarr,True,layers-zarr,"30000,27360","109,27360,30000",True,0,/volumes/esrf/20251130/finetuned/SCROLLS_HEL_2.399um_78keV_0.22m_PHerc_0139_TA3_0001_masked.zarr/,True,True,7,7,reproduced_at_another_scale,2,PHerc0139/segments/20260303000000-w034_2026030317/mesh/intermediate/tifxyz_normalized,tifxyz_normalized,1,3.99993,4.00007,4,0,0,,reproduced_at_documented_scale,7,PHerc0139/segments/20260303000000-w034_2026030317/mesh/20260303000000-on-20260102150214-2.399um.tifxyz,transformed,1,0.999983,1.00002,1,0,0,True,reproduced_at_documented_scale,False,True,False
PHerc0139/segments/20260303000000-w034_2026030317,PHerc0139,9.362um-1.2m-113keV-volume-20250728140407.zarr,PHerc0139/segments/20260303000000-w034_2026030317/surface-volumes/9.362um-1.2m-113keV-volume-20250728140407.zarr,zarr,True,layers-zarr,"7720,7040","28,7040,7720",True,0,/volumes/esrf/20250717/SCROLLS_HEL_4.681um_113keV_1.2m_binmean_2_PHerc_0139_TA_0001_masked.zarr/,True,True,7,7,reproduced_at_another_scale,2,PHerc0139/segments/20260303000000-w034_2026030317/mesh/intermediate/tifxyz_normalized,tifxyz_normalized,1,1.02927,1.02931,,0,9.09091e-05,,reproduced_at_documented_scale,7,PHerc0139/segments/20260303000000-w034_2026030317/mesh/20260303000000-on-20250728140407-9.362um.tifxyz,transformed,1,0.999935,1.00006,1,0,0,True,reproduced_at_documented_scale,False,True,False
PHerc0139/segments/20260306000000-w038_2026030608,PHerc0139,1.129um-0.22m-59keV-volume-20260413113053-L1.zarr,PHerc0139/segments/20260306000000-w038_2026030608/surface-volumes/1.129um-0.22m-59keV-volume-20260413113053-L1.zarr,zarr,True,layers-zarr,"30810,25610","116,25610,30810",True,1,/volumes/esrf/20260311/1.129um_mosaic_PHerc_0139_ROI2_fused__masked.zarr,True,True,7,7,not_reproduced_from_any_published_variant,2,PHerc0139/segments/20260306000000-w038_2026030608/mesh/intermediate/tifxyz_normalized,tifxyz_normalized,0.5,,,,8,0.000322517,,reproduced_at_documented_scale,7,PHerc0139/segments/20260306000000-w038_2026030608/mesh/20260306000000-on-20260413113053-1.129um.tifxyz,transformed,0.5,0.499992,0.500008,0.5,0,0,True,reproduced_at_documented_scale,False,False,False
PHerc0139/segments/20260306000000-w038_2026030608,PHerc0139,2.399um-0.22m-78keV-volume-20260102150214.zarr,PHerc0139/segments/20260306000000-w038_2026030608/surface-volumes/2.399um-0.22m-78keV-volume-20260102150214.zarr,zarr,True,layers-zarr,"28960,24080","109,24080,28960",True,0,/volumes/esrf/20251130/finetuned/SCROLLS_HEL_2.399um_78keV_0.22m_PHerc_0139_TA3_0001_masked.zarr/,True,True,7,7,reproduced_at_another_scale,2,PHerc0139/segments/20260306000000-w038_2026030608/mesh/intermediate/tifxyz_normalized,tifxyz_normalized,1,3.99993,4.00007,4,0,0,,reproduced_at_documented_scale,7,PHerc0139/segments/20260306000000-w038_2026030608/mesh/20260306000000-on-20260102150214-2.399um.tifxyz,transformed,1,0.999983,1.00002,1,0,0,True,reproduced_at_documented_scale,False,True,False
PHerc0139/segments/20260306000000-w038_2026030608,PHerc0139,9.362um-1.2m-113keV-volume-20250728140407.zarr,PHerc0139/segments/20260306000000-w038_2026030608/surface-volumes/9.362um-1.2m-113keV-volume-20250728140407.zarr,zarr,True,layers-zarr,"7440,6200","28,6200,7440",True,0,/volumes/esrf/20250717/SCROLLS_HEL_4.681um_113keV_1.2m_binmean_2_PHerc_0139_TA_0001_masked.zarr/,True,True,7,7,not_reproduced_from_any_published_variant,2,PHerc0139/segments/20260306000000-w038_2026030608/mesh/intermediate/tifxyz_normalized,tifxyz_normalized,1,,,,13,0.00221484,,reproduced_at_documented_scale,7,PHerc0139/segments/20260306000000-w038_2026030608/mesh/20260306000000-on-20250728140407-9.362um.tifxyz,transformed,1,0.999933,1.00007,1,0,0,True,reproduced_at_documented_scale,False,True,False
PHerc0139/segments/20260306000001-w051_2026030600,PHerc0139,1.129um-0.22m-59keV-volume-20260413113053-L1.zarr,PHerc0139/segments/20260306000001-w051_2026030600/surface-volumes/1.129um-0.22m-59keV-volume-20260413113053-L1.zarr,zarr,True,layers-zarr,"39740,31310","116,31310,39740",True,1,/volumes/esrf/20260311/1.129um_mosaic_PHerc_0139_ROI2_fused__masked.zarr,True,True,7,7,not_reproduced_from_any_published_variant,2,PHerc0139/segments/20260306000001-w051_2026030600/mesh/intermediate/tifxyz_normalized,tifxyz_normalized,0.5,,,,5,0.000174397,,reproduced_at_documented_scale,7,PHerc0139/segments/20260306000001-w051_2026030600/mesh/20260306000001-on-20260413113053-1.129um.tifxyz,transformed,0.5,0.499994,0.500006,0.5,0,0,True,reproduced_at_documented_scale,False,False,False
PHerc0139/segments/20260306000001-w051_2026030600,PHerc0139,2.399um-0.22m-78keV-volume-20260102150214.zarr,PHerc0139/segments/20260306000001-w051_2026030600/surface-volumes/2.399um-0.22m-78keV-volume-20260102150214.zarr,zarr,True,layers-zarr,"37360,29440","109,29440,37360",True,0,/volumes/esrf/20251130/finetuned/SCROLLS_HEL_2.399um_78keV_0.22m_PHerc_0139_TA3_0001_masked.zarr/,True,True,7,7,reproduced_at_another_scale,2,PHerc0139/segments/20260306000001-w051_2026030600/mesh/intermediate/tifxyz_normalized,tifxyz_normalized,1,3.99995,4.00005,4,0,0,,reproduced_at_documented_scale,7,PHerc0139/segments/20260306000001-w051_2026030600/mesh/20260306000001-on-20260102150214-2.399um.tifxyz,transformed,1,0.999987,1.00001,1,0,0,True,reproduced_at_documented_scale,False,True,False
PHerc0139/segments/20260306000001-w051_2026030600,PHerc0139,9.362um-1.2m-113keV-volume-20250728140407.zarr,PHerc0139/segments/20260306000001-w051_2026030600/surface-volumes/9.362um-1.2m-113keV-volume-20250728140407.zarr,zarr,True,layers-zarr,"9600,7580","28,7580,9600",True,0,/volumes/esrf/20250717/SCROLLS_HEL_4.681um_113keV_1.2m_binmean_2_PHerc_0139_TA_0001_masked.zarr/,True,True,7,7,not_reproduced_from_any_published_variant,2,PHerc0139/segments/20260306000001-w051_2026030600/mesh/intermediate/tifxyz_normalized,tifxyz_normalized,1,,,,15,0.00199841,,reproduced_at_documented_scale,7,PHerc0139/segments/20260306000001-w051_2026030600/mesh/20260306000001-on-20250728140407-9.362um.tifxyz,transformed,1,0.999948,1.00005,1,0,0,True,reproduced_at_documented_scale,False,True,False
PHerc0139/segments/20260310000000-w037_2026031015,PHerc0139,1.129um-0.22m-59keV-volume-20260413113053-L1.zarr,PHerc0139/segments/20260310000000-w037_2026031015/surface-volumes/1.129um-0.22m-59keV-volume-20260413113053-L1.zarr,zarr,True,layers-zarr,"29780,25350","116,25350,29780",True,1,/volumes/esrf/20260311/1.129um_mosaic_PHerc_0139_ROI2_fused__masked.zarr,True,True,7,7,not_reproduced_from_any_published_variant,2,PHerc0139/segments/20260310000000-w037_2026031015/mesh/intermediate/tifxyz_normalized,tifxyz_normalized,0.5,,,,5,0.000218653,,reproduced_at_documented_scale,7,PHerc0139/segments/20260310000000-w037_2026031015/mesh/20260310000000-on-20260413113053-1.129um.tifxyz,transformed,0.5,0.499992,0.500008,0.5,0,0,True,reproduced_at_documented_scale,False,False,False
PHerc0139/segments/20260310000000-w037_2026031015,PHerc0139,2.399um-0.22m-78keV-volume-20260102150214.zarr,PHerc0139/segments/20260310000000-w037_2026031015/surface-volumes/2.399um-0.22m-78keV-volume-20260102150214.zarr,zarr,True,layers-zarr,"28000,23840","109,23840,28000",True,0,/volumes/esrf/20251130/finetuned/SCROLLS_HEL_2.399um_78keV_0.22m_PHerc_0139_TA3_0001_masked.zarr/,True,True,7,7,reproduced_at_another_scale,2,PHerc0139/segments/20260310000000-w037_2026031015/mesh/intermediate/tifxyz_normalized,tifxyz_normalized,1,3.99993,4.00007,4,0,0,,reproduced_at_documented_scale,7,PHerc0139/segments/20260310000000-w037_2026031015/mesh/20260310000000-on-20260102150214-2.399um.tifxyz,transformed,1,0.999982,1.00002,1,0,0,True,reproduced_at_documented_scale,False,True,False
PHerc0139/segments/20260310000000-w037_2026031015,PHerc0139,9.362um-1.2m-113keV-volume-20250728140407.zarr,PHerc0139/segments/20260310000000-w037_2026031015/surface-volumes/9.362um-1.2m-113keV-volume-20250728140407.zarr,zarr,True,layers-zarr,"7200,6140","28,6140,7200",True,0,/volumes/esrf/20250717/SCROLLS_HEL_4.681um_113keV_1.2m_binmean_2_PHerc_0139_TA_0001_masked.zarr/,True,True,7,7,not_reproduced_from_any_published_variant,2,PHerc0139/segments/20260310000000-w037_2026031015/mesh/intermediate/tifxyz_normalized,tifxyz_normalized,1,,,,9,0.00158464,,reproduced_at_documented_scale,7,PHerc0139/segments/20260310000000-w037_2026031015/mesh/20260310000000-on-20250728140407-9.362um.tifxyz,transformed,1,0.999931,1.00007,1,0,0,True,reproduced_at_documented_scale,False,True,False
PHerc0139/segments/20260311000000-w023_202603112281,PHerc0139,1.129um-0.22m-59keV-volume-20260413113053-L1.zarr,PHerc0139/segments/20260311000000-w023_202603112281/surface-volumes/1.129um-0.22m-59keV-volume-20260413113053-L1.zarr,zarr,True,layers-zarr,"26380,28670","116,28670,26380",True,1,/volumes/esrf/20260311/1.129um_mosaic_PHerc_0139_ROI2_fused__masked.zarr,True,True,7,7,not_reproduced_from_any_published_variant,2,PHerc0139/segments/20260311000000-w023_202603112281/mesh/intermediate/tifxyz_normalized,tifxyz_normalized,0.5,,,,7,0.000265536,,reproduced_at_documented_scale,7,PHerc0139/segments/20260311000000-w023_202603112281/mesh/20260311000000-on-20260413113053-1.129um.tifxyz,transformed,0.5,0.499991,0.500009,0.5,0,0,True,reproduced_at_documented_scale,False,False,False
PHerc0139/segments/20260311000000-w023_202603112281,PHerc0139,2.399um-0.22m-78keV-volume-20260102150214.zarr,PHerc0139/segments/20260311000000-w023_202603112281/surface-volumes/2.399um-0.22m-78keV-volume-20260102150214.zarr,zarr,True,layers-zarr,"24800,26960","109,26960,24800",True,0,/volumes/esrf/20251130/finetuned/SCROLLS_HEL_2.399um_78keV_0.22m_PHerc_0139_TA3_0001_masked.zarr/,True,True,7,7,reproduced_at_another_scale,2,PHerc0139/segments/20260311000000-w023_202603112281/mesh/intermediate/tifxyz_normalized,tifxyz_normalized,1,3.99993,4.00007,4,0,0,,reproduced_at_documented_scale,7,PHerc0139/segments/20260311000000-w023_202603112281/mesh/20260311000000-on-20260102150214-2.399um.tifxyz,transformed,1,0.999981,1.00002,1,0,0,True,reproduced_at_documented_scale,False,True,False
PHerc0139/segments/20260311000000-w023_202603112281,PHerc0139,9.362um-1.2m-113keV-volume-20250728140407.zarr,PHerc0139/segments/20260311000000-w023_202603112281/surface-volumes/9.362um-1.2m-113keV-volume-20250728140407.zarr,zarr,True,layers-zarr,"6380,6940","28,6940,6380",True,0,/volumes/esrf/20250717/SCROLLS_HEL_4.681um_113keV_1.2m_binmean_2_PHerc_0139_TA_0001_masked.zarr/,True,True,7,7,not_reproduced_from_any_published_variant,2,PHerc0139/segments/20260311000000-w023_202603112281/mesh/intermediate/tifxyz_normalized,tifxyz_normalized,1,,,,4,0.000623238,,reproduced_at_documented_scale,7,PHerc0139/segments/20260311000000-w023_202603112281/mesh/20260311000000-on-20250728140407-9.362um.tifxyz,transformed,1,0.999928,1.00007,1,0,0,True,reproduced_at_documented_scale,False,True,False
PHerc0139/segments/20260316000000-w036_2026031607,PHerc0139,1.129um-0.22m-59keV-volume-20260413113053-L1.zarr,PHerc0139/segments/20260316000000-w036_2026031607/surface-volumes/1.129um-0.22m-59keV-volume-20260413113053-L1.zarr,zarr,True,layers-zarr,"28850,24760","116,24760,28850",True,1,/volumes/esrf/20260311/1.129um_mosaic_PHerc_0139_ROI2_fused__masked.zarr,True,True,7,7,not_reproduced_from_any_published_variant,2,PHerc0139/segments/20260316000000-w036_2026031607/mesh/intermediate/tifxyz_normalized,tifxyz_normalized,0.5,,,,5,0.000203726,,reproduced_at_documented_scale,7,PHerc0139/segments/20260316000000-w036_2026031607/mesh/20260316000000-on-20260413113053-1.129um.tifxyz,transformed,0.5,0.499991,0.500009,0.5,0,0,True,reproduced_at_documented_scale,False,False,False
PHerc0139/segments/20260316000000-w036_2026031607,PHerc0139,2.399um-0.22m-78keV-volume-20260102150214.zarr,PHerc0139/segments/20260316000000-w036_2026031607/surface-volumes/2.399um-0.22m-78keV-volume-20260102150214.zarr,zarr,True,layers-zarr,"27120,23280","109,23280,27120",True,0,/volumes/esrf/20251130/finetuned/SCROLLS_HEL_2.399um_78keV_0.22m_PHerc_0139_TA3_0001_masked.zarr/,True,True,7,7,reproduced_at_another_scale,2,PHerc0139/segments/20260316000000-w036_2026031607/mesh/intermediate/tifxyz_normalized,tifxyz_normalized,1,3.99993,4.00007,4,0,0,,reproduced_at_documented_scale,7,PHerc0139/segments/20260316000000-w036_2026031607/mesh/20260316000000-on-20260102150214-2.399um.tifxyz,transformed,1,0.999982,1.00002,1,0,0,True,reproduced_at_documented_scale,False,True,False
PHerc0139/segments/20260316000000-w036_2026031607,PHerc0139,9.362um-1.2m-113keV-volume-20250728140407.zarr,PHerc0139/segments/20260316000000-w036_2026031607/surface-volumes/9.362um-1.2m-113keV-volume-20250728140407.zarr,zarr,True,layers-zarr,"6980,5980","28,5980,6980",True,0,/volumes/esrf/20250717/SCROLLS_HEL_4.681um_113keV_1.2m_binmean_2_PHerc_0139_TA_0001_masked.zarr/,True,True,7,7,not_reproduced_from_any_published_variant,2,PHerc0139/segments/20260316000000-w036_2026031607/mesh/intermediate/tifxyz_normalized,tifxyz_normalized,1,,,,11,0.00195341,,reproduced_at_documented_scale,7,PHerc0139/segments/20260316000000-w036_2026031607/mesh/20260316000000-on-20250728140407-9.362um.tifxyz,transformed,1,0.999928,1.00007,1,0,0,True,reproduced_at_documented_scale,False,True,False
PHerc0139/segments/20260317000000-w035_2026031718,PHerc0139,1.129um-0.22m-59keV-volume-20260413113053-L1.zarr,PHerc0139/segments/20260317000000-w035_2026031718/surface-volumes/1.129um-0.22m-59keV-volume-20260413113053-L1.zarr,zarr,True,layers-zarr,"21700,24080","116,24080,21700",True,1,/volumes/esrf/20260311/1.129um_mosaic_PHerc_0139_ROI2_fused__masked.zarr,True,True,7,7,not_reproduced_from_any_published_variant,2,PHerc0139/segments/20260317000000-w035_2026031718/mesh/intermediate/tifxyz_normalized,tifxyz_normalized,0.5,,,,2,0.000113999,,reproduced_at_documented_scale,7,PHerc0139/segments/20260317000000-w035_2026031718/mesh/20260317000000-on-20260413113053-1.129um.tifxyz,transformed,0.5,0.49999,0.50001,0.5,0,0,True,reproduced_at_documented_scale,False,False,False
PHerc0139/segments/20260317000000-w035_2026031718,PHerc0139,2.399um-0.22m-78keV-volume-20260102150214.zarr,PHerc0139/segments/20260317000000-w035_2026031718/surface-volumes/2.399um-0.22m-78keV-volume-20260102150214.zarr,zarr,True,layers-zarr,"20400,22640","109,22640,20400",True,0,/volumes/esrf/20251130/finetuned/SCROLLS_HEL_2.399um_78keV_0.22m_PHerc_0139_TA3_0001_masked.zarr/,True,True,7,7,reproduced_at_another_scale,2,PHerc0139/segments/20260317000000-w035_2026031718/mesh/intermediate/tifxyz_normalized,tifxyz_normalized,1,3.99991,4.00009,4,0,0,,reproduced_at_documented_scale,7,PHerc0139/segments/20260317000000-w035_2026031718/mesh/20260317000000-on-20260102150214-2.399um.tifxyz,transformed,1,0.999978,1.00002,1,0,0,True,reproduced_at_documented_scale,False,True,False
PHerc0139/segments/20260317000000-w035_2026031718,PHerc0139,9.362um-1.2m-113keV-volume-20250728140407.zarr,PHerc0139/segments/20260317000000-w035_2026031718/surface-volumes/9.362um-1.2m-113keV-volume-20250728140407.zarr,zarr,True,layers-zarr,"5240,5820","28,5820,5240",True,0,/volumes/esrf/20250717/SCROLLS_HEL_4.681um_113keV_1.2m_binmean_2_PHerc_0139_TA_0001_masked.zarr/,True,True,7,7,not_reproduced_from_any_published_variant,2,PHerc0139/segments/20260317000000-w035_2026031718/mesh/intermediate/tifxyz_normalized,tifxyz_normalized,1,,,,4,0.000795727,,reproduced_at_documented_scale,7,PHerc0139/segments/20260317000000-w035_2026031718/mesh/20260317000000-on-20250728140407-9.362um.tifxyz,transformed,1,0.999914,1.00009,1,0,0,True,reproduced_at_documented_scale,False,True,False
PHerc0139/segments/20260318000000-w049_20260318,PHerc0139,1.129um-0.22m-59keV-volume-20260413113053-L1.zarr,PHerc0139/segments/20260318000000-w049_20260318/surface-volumes/1.129um-0.22m-59keV-volume-20260413113053-L1.zarr,zarr,True,layers-zarr,"38890,23400","116,23400,38890",True,1,/volumes/esrf/20260311/1.129um_mosaic_PHerc_0139_ROI2_fused__masked.zarr,True,True,7,7,not_reproduced_from_any_published_variant,2,PHerc0139/segments/20260318000000-w049_20260318/mesh/intermediate/tifxyz_normalized,tifxyz_normalized,0.5,,,,2,8.88365e-05,,reproduced_at_documented_scale,7,PHerc0139/segments/20260318000000-w049_20260318/mesh/20260318000000-on-20260413113053-1.129um.tifxyz,transformed,0.5,0.499994,0.500006,0.5,0,0,True,reproduced_at_documented_scale,False,False,False
PHerc0139/segments/20260318000000-w049_20260318,PHerc0139,2.399um-0.22m-78keV-volume-20260102150214.zarr,PHerc0139/segments/20260318000000-w049_20260318/surface-volumes/2.399um-0.22m-78keV-volume-20260102150214.zarr,zarr,True,layers-zarr,"36560,22000","109,22000,36560",True,0,/volumes/esrf/20251130/finetuned/SCROLLS_HEL_2.399um_78keV_0.22m_PHerc_0139_TA3_0001_masked.zarr/,True,True,7,7,reproduced_at_another_scale,2,PHerc0139/segments/20260318000000-w049_20260318/mesh/intermediate/tifxyz_normalized,tifxyz_normalized,1,3.99995,4.00005,4,0,0,,reproduced_at_documented_scale,7,PHerc0139/segments/20260318000000-w049_20260318/mesh/20260318000000-on-20260102150214-2.399um.tifxyz,transformed,1,0.999986,1.00001,1,0,0,True,reproduced_at_documented_scale,False,True,False
PHerc0139/segments/20260318000000-w049_20260318,PHerc0139,9.362um-1.2m-113keV-volume-20250728140407.zarr,PHerc0139/segments/20260318000000-w049_20260318/surface-volumes/9.362um-1.2m-113keV-volume-20250728140407.zarr,zarr,True,layers-zarr,"9400,5660","28,5660,9400",True,0,/volumes/esrf/20250717/SCROLLS_HEL_4.681um_113keV_1.2m_binmean_2_PHerc_0139_TA_0001_masked.zarr/,True,True,7,7,not_reproduced_from_any_published_variant,2,PHerc0139/segments/20260318000000-w049_20260318/mesh/intermediate/tifxyz_normalized,tifxyz_normalized,1,,,,3,0.000626692,,reproduced_at_documented_scale,7,PHerc0139/segments/20260318000000-w049_20260318/mesh/20260318000000-on-20250728140407-9.362um.tifxyz,transformed,1,0.999947,1.00005,1,0,0,True,reproduced_at_documented_scale,False,True,False
PHerc0139/segments/20260325000000-w046_20260325,PHerc0139,1.129um-0.22m-59keV-volume-20260413113053-L1.zarr,PHerc0139/segments/20260325000000-w046_20260325/surface-volumes/1.129um-0.22m-59keV-volume-20260413113053-L1.zarr,zarr,True,layers-zarr,"34210,24760","116,24760,34210",True,1,/volumes/esrf/20260311/1.129um_mosaic_PHerc_0139_ROI2_fused__masked.zarr,True,True,7,7,not_reproduced_from_any_published_variant,2,PHerc0139/segments/20260325000000-w046_20260325/mesh/intermediate/tifxyz_normalized,tifxyz_normalized,0.5,,,,4,0.000159742,,reproduced_at_documented_scale,7,PHerc0139/segments/20260325000000-w046_20260325/mesh/20260325000000-on-20260413113053-1.129um.tifxyz,transformed,0.5,0.499993,0.500007,0.5,0,0,True,reproduced_at_documented_scale,False,False,False
PHerc0139/segments/20260325000000-w046_20260325,PHerc0139,2.399um-0.22m-78keV-volume-20260102150214.zarr,PHerc0139/segments/20260325000000-w046_20260325/surface-volumes/2.399um-0.22m-78keV-volume-20260102150214.zarr,zarr,True,layers-zarr,"32160,23280","109,23280,32160",True,0,/volumes/esrf/20251130/finetuned/SCROLLS_HEL_2.399um_78keV_0.22m_PHerc_0139_TA3_0001_masked.zarr/,True,True,7,7,reproduced_at_another_scale,2,PHerc0139/segments/20260325000000-w046_20260325/mesh/intermediate/tifxyz_normalized,tifxyz_normalized,1,3.99994,4.00006,4,0,0,,reproduced_at_documented_scale,7,PHerc0139/segments/20260325000000-w046_20260325/mesh/20260325000000-on-20260102150214-2.399um.tifxyz,transformed,1,0.999984,1.00002,1,0,0,True,reproduced_at_documented_scale,False,True,False
PHerc0139/segments/20260325000000-w046_20260325,PHerc0139,9.362um-1.2m-113keV-volume-20250728140407.zarr,PHerc0139/segments/20260325000000-w046_20260325/surface-volumes/9.362um-1.2m-113keV-volume-20250728140407.zarr,zarr,True,layers-zarr,"8260,5980","28,5980,8260",True,0,/volumes/esrf/20250717/SCROLLS_HEL_4.681um_113keV_1.2m_binmean_2_PHerc_0139_TA_0001_masked.zarr/,True,True,7,7,reproduced_at_another_scale,2,PHerc0139/segments/20260325000000-w046_20260325/mesh/intermediate/tifxyz_normalized,tifxyz_normalized,1,1.02741,1.02743,,0,0.00012481,,reproduced_at_documented_scale,7,PHerc0139/segments/20260325000000-w046_20260325/mesh/20260325000000-on-20250728140407-9.362um.tifxyz,transformed,1,0.999939,1.00006,1,0,0,True,reproduced_at_documented_scale,False,True,False
PHerc0139/segments/20260422000000-title_2026042222_zmid_flatboi,PHerc0139,2.399um-0.22m-78keV-volume-20260102150214.zarr,PHerc0139/segments/20260422000000-title_2026042222_zmid_flatboi/surface-volumes/2.399um-0.22m-78keV-volume-20260102150214.zarr,zarr,True,layers-zarr,"20880,6960","109,6960,20880",True,0,/volumes/esrf/20251130/finetuned/SCROLLS_HEL_2.399um_78keV_0.22m_PHerc_0139_TA3_0001_masked.zarr/,True,True,6,6,reproduced_at_another_scale,2,PHerc0139/segments/20260422000000-title_2026042222_zmid_flatboi/mesh/intermediate/tifxyz_normalized,tifxyz_normalized,1,3.9999,4.0001,4,0,0,,reproduced_at_documented_scale,6,PHerc0139/segments/20260422000000-title_2026042222_zmid_flatboi/mesh/20260422000000-on-20260102150214-2.399um.tifxyz,transformed,1,0.999976,1.00002,1,0,0,True,reproduced_at_documented_scale,False,True,False
PHerc0139/segments/20260422000000-title_2026042222_zmid_flatboi,PHerc0139,9.362um-1.2m-113keV-volume-20250728140407.zarr,PHerc0139/segments/20260422000000-title_2026042222_zmid_flatboi/surface-volumes/9.362um-1.2m-113keV-volume-20250728140407.zarr,zarr,True,layers-zarr,"5360,1780","28,1780,5360",True,0,/volumes/esrf/20250717/SCROLLS_HEL_4.681um_113keV_1.2m_binmean_2_PHerc_0139_TA_0001_masked.zarr/,True,True,6,6,not_reproduced_from_any_published_variant,2,PHerc0139/segments/20260422000000-title_2026042222_zmid_flatboi/mesh/intermediate/tifxyz_flattened,tifxyz_flattened,1,,,,6,0.00374532,,reproduced_at_documented_scale,6,PHerc0139/segments/20260422000000-title_2026042222_zmid_flatboi/mesh/20260422000000-on-20250728140407-9.362um.tifxyz,transformed,1,0.999907,1.00009,1,0,0,True,reproduced_at_documented_scale,False,True,False
PHerc0172/segments/20250917143559-w062_20250917143559205_flatboi,PHerc0172,7.91um-53keV-volume-20241024131838.zarr,PHerc0172/segments/20250917143559-w062_20250917143559205_flatboi/surface-volumes/7.91um-53keV-volume-20241024131838.zarr,zarr,True,layers-zarr,"13740,12600","33,12600,13740",True,0,/volpkgs/PHerc0172.volpkg/volumes/s5_masked_ome.zarr/,True,True,4,4,reproduced_at_documented_scale,2,PHerc0172/segments/20250917143559-w062_20250917143559205_flatboi/mesh/intermediate/tifxyz_normalized,tifxyz_normalized,1,0.999964,1.00004,1,0,0,,reproduced_at_documented_scale,4,PHerc0172/segments/20250917143559-w062_20250917143559205_flatboi/mesh/20250917143559-on-20241024131838-7.91um.tifxyz,transformed,1,0.999964,1.00004,1,0,0,,reproduced_at_documented_scale,True,True,False
PHerc0172/segments/20250926112011-w078_20250926112011918_flatboi,PHerc0172,7.91um-53keV-volume-20241024131838.zarr,PHerc0172/segments/20250926112011-w078_20250926112011918_flatboi/surface-volumes/7.91um-53keV-volume-20241024131838.zarr,zarr,True,layers-zarr,"12500,13700","33,13700,12500",True,0,/volpkgs/PHerc0172.volpkg/volumes/s5_masked_ome.zarr/,True,True,4,4,reproduced_at_documented_scale,2,PHerc0172/segments/20250926112011-w078_20250926112011918_flatboi/mesh/intermediate/tifxyz_normalized,tifxyz_normalized,1,0.999964,1.00004,1,0,0,,reproduced_at_documented_scale,4,PHerc0172/segments/20250926112011-w078_20250926112011918_flatboi/mesh/20250926112011-on-20241024131838-7.91um.tifxyz,transformed,1,0.999964,1.00004,1,0,0,,reproduced_at_documented_scale,True,True,False
PHerc0172/segments/20250926113336-w079_20250926113336891_flatboi,PHerc0172,7.91um-53keV-volume-20241024131838.zarr,PHerc0172/segments/20250926113336-w079_20250926113336891_flatboi/surface-volumes/7.91um-53keV-volume-20241024131838.zarr,zarr,True,layers-zarr,"16380,14520","33,14520,16380",True,0,/volpkgs/PHerc0172.volpkg/volumes/s5_masked_ome.zarr/,True,True,4,4,reproduced_at_documented_scale,2,PHerc0172/segments/20250926113336-w079_20250926113336891_flatboi/mesh/intermediate/tifxyz_normalized,tifxyz_normalized,1,0.999969,1.00003,1,0,0,,reproduced_at_documented_scale,4,PHerc0172/segments/20250926113336-w079_20250926113336891_flatboi/mesh/20250926113336-on-20241024131838-7.91um.tifxyz,transformed,1,0.999969,1.00003,1,0,0,,reproduced_at_documented_scale,True,True,False
PHerc0172/segments/20250926114310-w080_20250926114310705_flatboi,PHerc0172,7.91um-53keV-volume-20241024131838.zarr,PHerc0172/segments/20250926114310-w080_20250926114310705_flatboi/surface-volumes/7.91um-53keV-volume-20241024131838.zarr,zarr,True,layers-zarr,"11420,12480","33,12480,11420",True,0,/volpkgs/PHerc0172.volpkg/volumes/s5_masked_ome.zarr/,True,True,4,4,reproduced_at_documented_scale,2,PHerc0172/segments/20250926114310-w080_20250926114310705_flatboi/mesh/intermediate/tifxyz_normalized,tifxyz_normalized,1,0.99996,1.00004,1,0,0,,reproduced_at_documented_scale,4,PHerc0172/segments/20250926114310-w080_20250926114310705_flatboi/mesh/20250926114310-on-20241024131838-7.91um.tifxyz,transformed,1,0.99996,1.00004,1,0,0,,reproduced_at_documented_scale,True,True,False
PHerc0172/segments/20250926122938-w082_20250926122938619_flatboi,PHerc0172,7.91um-53keV-volume-20241024131838.zarr,PHerc0172/segments/20250926122938-w082_20250926122938619_flatboi/surface-volumes/7.91um-53keV-volume-20241024131838.zarr,zarr,True,layers-zarr,"11520,14320","33,14320,11520",True,0,/volpkgs/PHerc0172.volpkg/volumes/s5_masked_ome.zarr/,True,True,4,4,reproduced_at_documented_scale,2,PHerc0172/segments/20250926122938-w082_20250926122938619_flatboi/mesh/intermediate/tifxyz_normalized,tifxyz_normalized,1,0.999965,1.00003,1,0,0,,reproduced_at_documented_scale,4,PHerc0172/segments/20250926122938-w082_20250926122938619_flatboi/mesh/20250926122938-on-20241024131838-7.91um.tifxyz,transformed,1,0.999965,1.00003,1,0,0,,reproduced_at_documented_scale,True,True,False
PHerc0172/segments/20250926132117-w083_20250926132117595_flatboi,PHerc0172,7.91um-53keV-volume-20241024131838.zarr,PHerc0172/segments/20250926132117-w083_20250926132117595_flatboi/surface-volumes/7.91um-53keV-volume-20241024131838.zarr,zarr,True,layers-zarr,"11620,13940","33,13940,11620",True,0,/volpkgs/PHerc0172.volpkg/volumes/s5_masked_ome.zarr/,True,True,4,4,reproduced_at_documented_scale,2,PHerc0172/segments/20250926132117-w083_20250926132117595_flatboi/mesh/intermediate/tifxyz_normalized,tifxyz_normalized,1,0.999964,1.00004,1,0,0,,reproduced_at_documented_scale,4,PHerc0172/segments/20250926132117-w083_20250926132117595_flatboi/mesh/20250926132117-on-20241024131838-7.91um.tifxyz,transformed,1,0.999964,1.00004,1,0,0,,reproduced_at_documented_scale,True,True,False
PHerc0172/segments/20250926145427-w084_20250926145427439_flatboi,PHerc0172,7.91um-53keV-volume-20241024131838.zarr,PHerc0172/segments/20250926145427-w084_20250926145427439_flatboi/surface-volumes/7.91um-53keV-volume-20241024131838.zarr,zarr,True,layers-zarr,"12020,9660","33,9660,12020",True,0,/volpkgs/PHerc0172.volpkg/volumes/s5_masked_ome.zarr/,True,True,4,4,reproduced_at_documented_scale,2,PHerc0172/segments/20250926145427-w084_20250926145427439_flatboi/mesh/intermediate/tifxyz_normalized,tifxyz_normalized,1,0.999958,1.00004,1,0,0,,reproduced_at_documented_scale,4,PHerc0172/segments/20250926145427-w084_20250926145427439_flatboi/mesh/20250926145427-on-20241024131838-7.91um.tifxyz,transformed,1,0.999958,1.00004,1,0,0,,reproduced_at_documented_scale,True,True,False
PHerc0172/segments/20250926150345-w086_20250926150345176_flatboi,PHerc0172,7.91um-53keV-volume-20241024131838.zarr,PHerc0172/segments/20250926150345-w086_20250926150345176_flatboi/surface-volumes/7.91um-53keV-volume-20241024131838.zarr,zarr,True,layers-zarr,"9700,12460","33,12460,9700",True,0,/volpkgs/PHerc0172.volpkg/volumes/s5_masked_ome.zarr/,True,True,4,4,reproduced_at_documented_scale,2,PHerc0172/segments/20250926150345-w086_20250926150345176_flatboi/mesh/intermediate/tifxyz_normalized,tifxyz_normalized,1,0.99996,1.00004,1,0,0,,reproduced_at_documented_scale,4,PHerc0172/segments/20250926150345-w086_20250926150345176_flatboi/mesh/20250926150345-on-20241024131838-7.91um.tifxyz,transformed,1,0.99996,1.00004,1,0,0,,reproduced_at_documented_scale,True,True,False
PHerc0172/segments/20250926153406-w088_20250926153406704_flatboi,PHerc0172,7.91um-53keV-volume-20241024131838.zarr,PHerc0172/segments/20250926153406-w088_20250926153406704_flatboi/surface-volumes/7.91um-53keV-volume-20241024131838.zarr,zarr,True,layers-zarr,"12500,14560","33,14560,12500",True,0,/volpkgs/PHerc0172.volpkg/volumes/s5_masked_ome.zarr/,True,True,4,4,reproduced_at_documented_scale,2,PHerc0172/segments/20250926153406-w088_20250926153406704_flatboi/mesh/intermediate/tifxyz_normalized,tifxyz_normalized,1,0.999966,1.00003,1,0,0,,reproduced_at_documented_scale,4,PHerc0172/segments/20250926153406-w088_20250926153406704_flatboi/mesh/20250926153406-on-20241024131838-7.91um.tifxyz,transformed,1,0.999966,1.00003,1,0,0,,reproduced_at_documented_scale,True,True,False
PHerc0172/segments/20251106133152-w077_20251106133152767_flatboi,PHerc0172,7.91um-53keV-volume-20241024131838.zarr,PHerc0172/segments/20251106133152-w077_20251106133152767_flatboi/surface-volumes/7.91um-53keV-volume-20241024131838.zarr,zarr,True,layers-zarr,"11800,15940","33,15940,11800",True,0,/volpkgs/PHerc0172.volpkg/volumes/s5_masked_ome.zarr/,True,True,4,4,reproduced_at_documented_scale,2,PHerc0172/segments/20251106133152-w077_20251106133152767_flatboi/mesh/intermediate/tifxyz_normalized,tifxyz_normalized,1,0.999969,1.00003,1,0,0,,reproduced_at_documented_scale,4,PHerc0172/segments/20251106133152-w077_20251106133152767_flatboi/mesh/20251106133152-on-20241024131838-7.91um.tifxyz,transformed,1,0.999969,1.00003,1,0,0,,reproduced_at_documented_scale,True,True,False
PHerc0172/segments/20251106170358-w076_20251106170358232_flatboi,PHerc0172,7.91um-53keV-volume-20241024131838.zarr,PHerc0172/segments/20251106170358-w076_20251106170358232_flatboi/surface-volumes/7.91um-53keV-volume-20241024131838.zarr,zarr,True,layers-zarr,"12160,13460","33,13460,12160",True,0,/volpkgs/PHerc0172.volpkg/volumes/s5_masked_ome.zarr/,True,True,4,4,reproduced_at_documented_scale,2,PHerc0172/segments/20251106170358-w076_20251106170358232_flatboi/mesh/intermediate/tifxyz_normalized,tifxyz_normalized,1,0.999963,1.00004,1,0,0,,reproduced_at_documented_scale,4,PHerc0172/segments/20251106170358-w076_20251106170358232_flatboi/mesh/20251106170358-on-20241024131838-7.91um.tifxyz,transformed,1,0.999963,1.00004,1,0,0,,reproduced_at_documented_scale,True,True,False
PHerc0172/segments/20251107063327-w063_20251107063327215_flatboi,PHerc0172,7.91um-53keV-volume-20241024131838.zarr,PHerc0172/segments/20251107063327-w063_20251107063327215_flatboi/surface-volumes/7.91um-53keV-volume-20241024131838.zarr,zarr,True,layers-zarr,"14080,12840","33,12840,14080",True,0,/volpkgs/PHerc0172.volpkg/volumes/s5_masked_ome.zarr/,True,True,4,4,reproduced_at_documented_scale,2,PHerc0172/segments/20251107063327-w063_20251107063327215_flatboi/mesh/intermediate/tifxyz_normalized,tifxyz_normalized,1,0.999965,1.00004,1,0,0,,reproduced_at_documented_scale,4,PHerc0172/segments/20251107063327-w063_20251107063327215_flatboi/mesh/20251107063327-on-20241024131838-7.91um.tifxyz,transformed,1,0.999965,1.00004,1,0,0,,reproduced_at_documented_scale,True,True,False
PHerc0172/segments/20251107110950-w064_20251107110950052_flatboi,PHerc0172,7.91um-53keV-volume-20241024131838.zarr,PHerc0172/segments/20251107110950-w064_20251107110950052_flatboi/surface-volumes/7.91um-53keV-volume-20241024131838.zarr,zarr,True,layers-zarr,"14940,13420","33,13420,14940",True,0,/volpkgs/PHerc0172.volpkg/volumes/s5_masked_ome.zarr/,True,True,4,4,reproduced_at_documented_scale,2,PHerc0172/segments/20251107110950-w064_20251107110950052_flatboi/mesh/intermediate/tifxyz_normalized,tifxyz_normalized,1,0.999967,1.00003,1,0,0,,reproduced_at_documented_scale,4,PHerc0172/segments/20251107110950-w064_20251107110950052_flatboi/mesh/20251107110950-on-20241024131838-7.91um.tifxyz,transformed,1,0.999967,1.00003,1,0,0,,reproduced_at_documented_scale,True,True,False
PHerc0172/segments/20251107175958-w061_20251107175958270_flatboi,PHerc0172,7.91um-53keV-volume-20241024131838.zarr,PHerc0172/segments/20251107175958-w061_20251107175958270_flatboi/surface-volumes/7.91um-53keV-volume-20241024131838.zarr,zarr,True,layers-zarr,"12680,12040","33,12040,12680",True,0,/volpkgs/PHerc0172.volpkg/volumes/s5_masked_ome.zarr/,True,True,4,4,reproduced_at_documented_scale,2,PHerc0172/segments/20251107175958-w061_20251107175958270_flatboi/mesh/intermediate/tifxyz_normalized,tifxyz_normalized,1,0.999961,1.00004,1,0,0,,reproduced_at_documented_scale,4,PHerc0172/segments/20251107175958-w061_20251107175958270_flatboi/mesh/20251107175958-on-20241024131838-7.91um.tifxyz,transformed,1,0.999961,1.00004,1,0,0,,reproduced_at_documented_scale,True,True,False
PHerc0172/segments/20251109232817-w065_20251109232817724_flatboi,PHerc0172,7.91um-53keV-volume-20241024131838.zarr,PHerc0172/segments/20251109232817-w065_20251109232817724_flatboi/surface-volumes/7.91um-53keV-volume-20241024131838.zarr,zarr,True,layers-zarr,"14860,15180","33,15180,14860",True,0,/volpkgs/PHerc0172.volpkg/volumes/s5_masked_ome.zarr/,True,True,4,4,reproduced_at_documented_scale,2,PHerc0172/segments/20251109232817-w065_20251109232817724_flatboi/mesh/intermediate/tifxyz_normalized,tifxyz_normalized,1,0.999967,1.00003,1,0,0,,reproduced_at_documented_scale,4,PHerc0172/segments/20251109232817-w065_20251109232817724_flatboi/mesh/20251109232817-on-20241024131838-7.91um.tifxyz,transformed,1,0.999967,1.00003,1,0,0,,reproduced_at_documented_scale,True,True,False
PHerc0172/segments/20251110110112-w066_20251110110112608_flatboi,PHerc0172,7.91um-53keV-volume-20241024131838.zarr,PHerc0172/segments/20251110110112-w066_20251110110112608_flatboi/surface-volumes/7.91um-53keV-volume-20241024131838.zarr,zarr,True,layers-zarr,"14980,16740","33,16740,14980",True,0,/volpkgs/PHerc0172.volpkg/volumes/s5_masked_ome.zarr/,True,True,4,4,reproduced_at_documented_scale,2,PHerc0172/segments/20251110110112-w066_20251110110112608_flatboi/mesh/intermediate/tifxyz_normalized,tifxyz_normalized,1,0.99997,1.00003,1,0,0,,reproduced_at_documented_scale,4,PHerc0172/segments/20251110110112-w066_20251110110112608_flatboi/mesh/20251110110112-on-20241024131838-7.91um.tifxyz,transformed,1,0.99997,1.00003,1,0,0,,reproduced_at_documented_scale,True,True,False
PHerc0172/segments/20251110135146-w085_20251110135146457_flatboi,PHerc0172,7.91um-53keV-volume-20241024131838.zarr,PHerc0172/segments/20251110135146-w085_20251110135146457_flatboi/surface-volumes/7.91um-53keV-volume-20241024131838.zarr,zarr,True,layers-zarr,"9680,12640","33,12640,9680",True,0,/volpkgs/PHerc0172.volpkg/volumes/s5_masked_ome.zarr/,True,True,4,4,reproduced_at_documented_scale,2,PHerc0172/segments/20251110135146-w085_20251110135146457_flatboi/mesh/intermediate/tifxyz_normalized,tifxyz_normalized,1,0.99996,1.00004,1,0,0,,reproduced_at_documented_scale,4,PHerc0172/segments/20251110135146-w085_20251110135146457_flatboi/mesh/20251110135146-on-20241024131838-7.91um.tifxyz,transformed,1,0.99996,1.00004,1,0,0,,reproduced_at_documented_scale,True,True,False
PHerc0172/segments/20251110135803-w067_20251110135803677_flatboi,PHerc0172,7.91um-53keV-volume-20241024131838.zarr,PHerc0172/segments/20251110135803-w067_20251110135803677_flatboi/surface-volumes/7.91um-53keV-volume-20241024131838.zarr,zarr,True,layers-zarr,"14860,13140","33,13140,14860",True,0,/volpkgs/PHerc0172.volpkg/volumes/s5_masked_ome.zarr/,True,True,4,4,reproduced_at_documented_scale,2,PHerc0172/segments/20251110135803-w067_20251110135803677_flatboi/mesh/intermediate/tifxyz_normalized,tifxyz_normalized,1,0.999966,1.00003,1,0,0,,reproduced_at_documented_scale,4,PHerc0172/segments/20251110135803-w067_20251110135803677_flatboi/mesh/20251110135803-on-20241024131838-7.91um.tifxyz,transformed,1,0.999966,1.00003,1,0,0,,reproduced_at_documented_scale,True,True,False
PHerc0172/segments/20251111010954-w068_20251111010954408_flatboi,PHerc0172,7.91um-53keV-volume-20241024131838.zarr,PHerc0172/segments/20251111010954-w068_20251111010954408_flatboi/surface-volumes/7.91um-53keV-volume-20241024131838.zarr,zarr,True,layers-zarr,"14920,13080","33,13080,14920",True,0,/volpkgs/PHerc0172.volpkg/volumes/s5_masked_ome.zarr/,True,True,4,4,reproduced_at_documented_scale,2,PHerc0172/segments/20251111010954-w068_20251111010954408_flatboi/mesh/intermediate/tifxyz_normalized,tifxyz_normalized,1,0.999967,1.00003,1,0,0,,reproduced_at_documented_scale,4,PHerc0172/segments/20251111010954-w068_20251111010954408_flatboi/mesh/20251111010954-on-20241024131838-7.91um.tifxyz,transformed,1,0.999967,1.00003,1,0,0,,reproduced_at_documented_scale,True,True,False
PHerc0172/segments/20251111151836-w069_20251111151836406_flatboi,PHerc0172,7.91um-53keV-volume-20241024131838.zarr,PHerc0172/segments/20251111151836-w069_20251111151836406_flatboi/surface-volumes/7.91um-53keV-volume-20241024131838.zarr,zarr,True,layers-zarr,"17460,16360","33,16360,17460",True,0,/volpkgs/PHerc0172.volpkg/volumes/s5_masked_ome.zarr/,True,True,4,4,reproduced_at_documented_scale,2,PHerc0172/segments/20251111151836-w069_20251111151836406_flatboi/mesh/intermediate/tifxyz_normalized,tifxyz_normalized,1,0.999971,1.00003,1,0,0,,reproduced_at_documented_scale,4,PHerc0172/segments/20251111151836-w069_20251111151836406_flatboi/mesh/20251111151836-on-20241024131838-7.91um.tifxyz,transformed,1,0.999971,1.00003,1,0,0,,reproduced_at_documented_scale,True,True,False
PHerc0172/segments/20251111210734-w070_20251111210734722_flatboi,PHerc0172,7.91um-53keV-volume-20241024131838.zarr,PHerc0172/segments/20251111210734-w070_20251111210734722_flatboi/surface-volumes/7.91um-53keV-volume-20241024131838.zarr,zarr,True,layers-zarr,"14980,12920","33,12920,14980",True,0,/volpkgs/PHerc0172.volpkg/volumes/s5_masked_ome.zarr/,True,True,4,4,reproduced_at_documented_scale,2,PHerc0172/segments/20251111210734-w070_20251111210734722_flatboi/mesh/intermediate/tifxyz_normalized,tifxyz_normalized,1,0.999967,1.00003,1,0,0,,reproduced_at_documented_scale,4,PHerc0172/segments/20251111210734-w070_20251111210734722_flatboi/mesh/20251111210734-on-20241024131838-7.91um.tifxyz,transformed,1,0.999967,1.00003,1,0,0,,reproduced_at_documented_scale,True,True,False
PHerc0172/segments/20251112000002-w087_20251112000002214_flatboi,PHerc0172,7.91um-53keV-volume-20241024131838.zarr,PHerc0172/segments/20251112000002-w087_20251112000002214_flatboi/surface-volumes/7.91um-53keV-volume-20241024131838.zarr,zarr,True,layers-zarr,"9620,12420","33,12420,9620",True,0,/volpkgs/PHerc0172.volpkg/volumes/s5_masked_ome.zarr/,True,True,4,4,reproduced_at_documented_scale,2,PHerc0172/segments/20251112000002-w087_20251112000002214_flatboi/mesh/intermediate/tifxyz_normalized,tifxyz_normalized,1,0.99996,1.00004,1,0,0,,reproduced_at_documented_scale,4,PHerc0172/segments/20251112000002-w087_20251112000002214_flatboi/mesh/20251112000002-on-20241024131838-7.91um.tifxyz,transformed,1,0.99996,1.00004,1,0,0,,reproduced_at_documented_scale,True,True,False
PHerc0172/segments/20251112163527-w071_20251112163527854_flatboi,PHerc0172,7.91um-53keV-volume-20241024131838.zarr,PHerc0172/segments/20251112163527-w071_20251112163527854_flatboi/surface-volumes/7.91um-53keV-volume-20241024131838.zarr,zarr,True,layers-zarr,"15080,12900","33,12900,15080",True,0,/volpkgs/PHerc0172.volpkg/volumes/s5_masked_ome.zarr/,True,True,4,4,reproduced_at_documented_scale,2,PHerc0172/segments/20251112163527-w071_20251112163527854_flatboi/mesh/intermediate/tifxyz_normalized,tifxyz_normalized,1,0.999967,1.00003,1,0,0,,reproduced_at_documented_scale,4,PHerc0172/segments/20251112163527-w071_20251112163527854_flatboi/mesh/20251112163527-on-20241024131838-7.91um.tifxyz,transformed,1,0.999967,1.00003,1,0,0,,reproduced_at_documented_scale,True,True,False
PHerc0172/segments/20251113021010-w072_20251113021010674_flatboi,PHerc0172,7.91um-53keV-volume-20241024131838.zarr,PHerc0172/segments/20251113021010-w072_20251113021010674_flatboi/surface-volumes/7.91um-53keV-volume-20241024131838.zarr,zarr,True,layers-zarr,"15080,12760","33,12760,15080",True,0,/volpkgs/PHerc0172.volpkg/volumes/s5_masked_ome.zarr/,True,True,4,4,reproduced_at_documented_scale,2,PHerc0172/segments/20251113021010-w072_20251113021010674_flatboi/mesh/intermediate/tifxyz_normalized,tifxyz_normalized,1,0.999967,1.00003,1,0,0,,reproduced_at_documented_scale,4,PHerc0172/segments/20251113021010-w072_20251113021010674_flatboi/mesh/20251113021010-on-20241024131838-7.91um.tifxyz,transformed,1,0.999967,1.00003,1,0,0,,reproduced_at_documented_scale,True,True,False
PHerc0172/segments/20251113130119-w073_20251113130119516_flatboi,PHerc0172,7.91um-53keV-volume-20241024131838.zarr,PHerc0172/segments/20251113130119-w073_20251113130119516_flatboi/surface-volumes/7.91um-53keV-volume-20241024131838.zarr,zarr,True,layers-zarr,"15140,12720","33,12720,15140",True,0,/volpkgs/PHerc0172.volpkg/volumes/s5_masked_ome.zarr/,True,True,4,4,reproduced_at_documented_scale,2,PHerc0172/segments/20251113130119-w073_20251113130119516_flatboi/mesh/intermediate/tifxyz_normalized,tifxyz_normalized,1,0.999967,1.00003,1,0,0,,reproduced_at_documented_scale,4,PHerc0172/segments/20251113130119-w073_20251113130119516_flatboi/mesh/20251113130119-on-20241024131838-7.91um.tifxyz,transformed,1,0.999967,1.00003,1,0,0,,reproduced_at_documented_scale,True,True,False
PHerc0172/segments/20251113152136-w074_20251113152136889_flatboi,PHerc0172,7.91um-53keV-volume-20241024131838.zarr,PHerc0172/segments/20251113152136-w074_20251113152136889_flatboi/surface-volumes/7.91um-53keV-volume-20241024131838.zarr,zarr,True,layers-zarr,"15040,12680","33,12680,15040",True,0,/volpkgs/PHerc0172.volpkg/volumes/s5_masked_ome.zarr/,True,True,4,4,reproduced_at_documented_scale,2,PHerc0172/segments/20251113152136-w074_20251113152136889_flatboi/mesh/intermediate/tifxyz_normalized,tifxyz_normalized,1,0.999967,1.00003,1,0,0,,reproduced_at_documented_scale,4,PHerc0172/segments/20251113152136-w074_20251113152136889_flatboi/mesh/20251113152136-on-20241024131838-7.91um.tifxyz,transformed,1,0.999967,1.00003,1,0,0,,reproduced_at_documented_scale,True,True,False
PHerc0172/segments/20251113204233-w075_20251113204233755_flatboi,PHerc0172,7.91um-53keV-volume-20241024131838.zarr,PHerc0172/segments/20251113204233-w075_20251113204233755_flatboi/surface-volumes/7.91um-53keV-volume-20241024131838.zarr,zarr,True,layers-zarr,"15020,12580","33,12580,15020",True,0,/volpkgs/PHerc0172.volpkg/volumes/s5_masked_ome.zarr/,True,True,4,4,reproduced_at_documented_scale,2,PHerc0172/segments/20251113204233-w075_20251113204233755_flatboi/mesh/intermediate/tifxyz_normalized,tifxyz_normalized,1,0.999967,1.00003,1,0,0,,reproduced_at_documented_scale,4,PHerc0172/segments/20251113204233-w075_20251113204233755_flatboi/mesh/20251113204233-on-20241024131838-7.91um.tifxyz,transformed,1,0.999967,1.00003,1,0,0,,reproduced_at_documented_scale,True,True,False
PHerc0172/segments/20251114202035-w081_20251114202035261_flatboi,PHerc0172,7.91um-53keV-volume-20241024131838.zarr,PHerc0172/segments/20251114202035-w081_20251114202035261_flatboi/surface-volumes/7.91um-53keV-volume-20241024131838.zarr,zarr,True,layers-zarr,"11420,11760","33,11760,11420",True,0,/volpkgs/PHerc0172.volpkg/volumes/s5_masked_ome.zarr/,True,True,4,4,reproduced_at_documented_scale,2,PHerc0172/segments/20251114202035-w081_20251114202035261_flatboi/mesh/intermediate/tifxyz_normalized,tifxyz_normalized,1,0.999957,1.00004,1,0,0,,reproduced_at_documented_scale,4,PHerc0172/segments/20251114202035-w081_20251114202035261_flatboi/mesh/20251114202035-on-20241024131838-7.91um.tifxyz,transformed,1,0.999957,1.00004,1,0,0,,reproduced_at_documented_scale,True,True,False
PHerc0172/segments/20251115002740-auto_grown_20251115002740308_0_flatboi,PHerc0172,7.91um-53keV-volume-20241024131838.zarr,PHerc0172/segments/20251115002740-auto_grown_20251115002740308_0_flatboi/surface-volumes/7.91um-53keV-volume-20241024131838.zarr,zarr,True,layers-zarr,"49200,11100","33,11100,49200",True,0,/volpkgs/PHerc0172.volpkg/volumes/s5_masked_ome.zarr/,True,True,4,4,reproduced_at_documented_scale,2,PHerc0172/segments/20251115002740-auto_grown_20251115002740308_0_flatboi/mesh/intermediate/tifxyz_normalized,tifxyz_normalized,1,0.99999,1.00001,1,0,0,,reproduced_at_documented_scale,4,PHerc0172/segments/20251115002740-auto_grown_20251115002740308_0_flatboi/mesh/20251115002740-on-20241024131838-7.91um.tifxyz,transformed,1,0.99999,1.00001,1,0,0,,reproduced_at_documented_scale,True,True,False
PHerc0172/segments/20251115002741-auto_grown_20251115002740308_1_flatboi,PHerc0172,7.91um-53keV-volume-20241024131838.zarr,PHerc0172/segments/20251115002741-auto_grown_20251115002740308_1_flatboi/surface-volumes/7.91um-53keV-volume-20241024131838.zarr,zarr,True,layers-zarr,"56300,12580","33,12580,56300",True,0,/volpkgs/PHerc0172.volpkg/volumes/s5_masked_ome.zarr/,True,True,4,4,reproduced_at_documented_scale,2,PHerc0172/segments/20251115002741-auto_grown_20251115002740308_1_flatboi/mesh/intermediate/tifxyz_normalized,tifxyz_normalized,1,0.999991,1.00001,1,0,0,,reproduced_at_documented_scale,4,PHerc0172/segments/20251115002741-auto_grown_20251115002740308_1_flatboi/mesh/20251115002741-on-20241024131838-7.91um.tifxyz,transformed,1,0.999991,1.00001,1,0,0,,reproduced_at_documented_scale,True,True,False
PHerc0172/segments/20251115002742-auto_grown_20251115002740308_2_flatboi,PHerc0172,7.91um-53keV-volume-20241024131838.zarr,PHerc0172/segments/20251115002742-auto_grown_20251115002740308_2_flatboi/surface-volumes/7.91um-53keV-volume-20241024131838.zarr,zarr,True,layers-zarr,"55800,12380","33,12380,55800",True,0,/volpkgs/PHerc0172.volpkg/volumes/s5_masked_ome.zarr/,True,True,4,4,reproduced_at_documented_scale,2,PHerc0172/segments/20251115002742-auto_grown_20251115002740308_2_flatboi/mesh/intermediate/tifxyz_normalized,tifxyz_normalized,1,0.999991,1.00001,1,0,0,,reproduced_at_documented_scale,4,PHerc0172/segments/20251115002742-auto_grown_20251115002740308_2_flatboi/mesh/20251115002742-on-20241024131838-7.91um.tifxyz,transformed,1,0.999991,1.00001,1,0,0,,reproduced_at_documented_scale,True,True,False
PHerc0172/segments/20251115002743-auto_grown_20251115002740308_3_flatboi,PHerc0172,7.91um-53keV-volume-20241024131838.zarr,PHerc0172/segments/20251115002743-auto_grown_20251115002740308_3_flatboi/surface-volumes/7.91um-53keV-volume-20241024131838.zarr,zarr,True,layers-zarr,"57560,12960","33,12960,57560",True,0,/volpkgs/PHerc0172.volpkg/volumes/s5_masked_ome.zarr/,True,True,4,4,reproduced_at_documented_scale,2,PHerc0172/segments/20251115002743-auto_grown_20251115002740308_3_flatboi/mesh/intermediate/tifxyz_normalized,tifxyz_normalized,1,0.999991,1.00001,1,0,0,,reproduced_at_documented_scale,4,PHerc0172/segments/20251115002743-auto_grown_20251115002740308_3_flatboi/mesh/20251115002743-on-20241024131838-7.91um.tifxyz,transformed,1,0.999991,1.00001,1,0,0,,reproduced_at_documented_scale,True,True,False
PHerc0172/segments/20251115002744-auto_grown_20251115002740308_4_flatboi,PHerc0172,7.91um-53keV-volume-20241024131838.zarr,PHerc0172/segments/20251115002744-auto_grown_20251115002740308_4_flatboi/surface-volumes/7.91um-53keV-volume-20241024131838.zarr,zarr,True,layers-zarr,"58540,16000","33,16000,58540",True,0,/volpkgs/PHerc0172.volpkg/volumes/s5_masked_ome.zarr/,True,True,4,4,reproduced_at_documented_scale,2,PHerc0172/segments/20251115002744-auto_grown_20251115002740308_4_flatboi/mesh/intermediate/tifxyz_normalized,tifxyz_normalized,1,0.999991,1.00001,1,0,0,,reproduced_at_documented_scale,4,PHerc0172/segments/20251115002744-auto_grown_20251115002740308_4_flatboi/mesh/20251115002744-on-20241024131838-7.91um.tifxyz,transformed,1,0.999991,1.00001,1,0,0,,reproduced_at_documented_scale,True,True,False
PHerc0172/segments/20251115002745-auto_grown_20251115002740308_5_flatboi,PHerc0172,7.91um-53keV-volume-20241024131838.zarr,PHerc0172/segments/20251115002745-auto_grown_20251115002740308_5_flatboi/surface-volumes/7.91um-53keV-volume-20241024131838.zarr,zarr,True,layers-zarr,"61300,12740","33,12740,61300",True,0,/volpkgs/PHerc0172.volpkg/volumes/s5_masked_ome.zarr/,True,True,4,4,reproduced_at_documented_scale,2,PHerc0172/segments/20251115002745-auto_grown_20251115002740308_5_flatboi/mesh/intermediate/tifxyz_normalized,tifxyz_normalized,1,0.999992,1.00001,1,0,0,,reproduced_at_documented_scale,4,PHerc0172/segments/20251115002745-auto_grown_20251115002740308_5_flatboi/mesh/20251115002745-on-20241024131838-7.91um.tifxyz,transformed,1,0.999992,1.00001,1,0,0,,reproduced_at_documented_scale,True,True,False
PHerc0172/segments/20251115002746-auto_grown_20251115002740308_6_flatboi,PHerc0172,7.91um-53keV-volume-20241024131838.zarr,PHerc0172/segments/20251115002746-auto_grown_20251115002740308_6_flatboi/surface-volumes/7.91um-53keV-volume-20241024131838.zarr,zarr,True,layers-zarr,"55540,11160","33,11160,55540",True,0,/volpkgs/PHerc0172.volpkg/volumes/s5_masked_ome.zarr/,True,True,4,4,reproduced_at_documented_scale,2,PHerc0172/segments/20251115002746-auto_grown_20251115002740308_6_flatboi/mesh/intermediate/tifxyz_normalized,tifxyz_normalized,1,0.999991,1.00001,1,0,0,,reproduced_at_documented_scale,4,PHerc0172/segments/20251115002746-auto_grown_20251115002740308_6_flatboi/mesh/20251115002746-on-20241024131838-7.91um.tifxyz,transformed,1,0.999991,1.00001,1,0,0,,reproduced_at_documented_scale,True,True,False
PHerc0172/segments/20251115002747-auto_grown_20251115002740308_7_flatboi,PHerc0172,7.91um-53keV-volume-20241024131838.zarr,PHerc0172/segments/20251115002747-auto_grown_20251115002740308_7_flatboi/surface-volumes/7.91um-53keV-volume-20241024131838.zarr,zarr,True,layers-zarr,"56340,12240","33,12240,56340",True,0,/volpkgs/PHerc0172.volpkg/volumes/s5_masked_ome.zarr/,True,True,4,4,reproduced_at_documented_scale,2,PHerc0172/segments/20251115002747-auto_grown_20251115002740308_7_flatboi/mesh/intermediate/tifxyz_normalized,tifxyz_normalized,1,0.999991,1.00001,1,0,0,,reproduced_at_documented_scale,4,PHerc0172/segments/20251115002747-auto_grown_20251115002740308_7_flatboi/mesh/20251115002747-on-20241024131838-7.91um.tifxyz,transformed,1,0.999991,1.00001,1,0,0,,reproduced_at_documented_scale,True,True,False
PHerc0172/segments/20251115002748-auto_grown_20251115002740308_8_flatboi,PHerc0172,7.91um-53keV-volume-20241024131838.zarr,PHerc0172/segments/20251115002748-auto_grown_20251115002740308_8_flatboi/surface-volumes/7.91um-53keV-volume-20241024131838.zarr,zarr,True,layers-zarr,"37340,12740","33,12740,37340",True,0,/volpkgs/PHerc0172.volpkg/volumes/s5_masked_ome.zarr/,True,True,4,4,reproduced_at_documented_scale,2,PHerc0172/segments/20251115002748-auto_grown_20251115002740308_8_flatboi/mesh/intermediate/tifxyz_normalized,tifxyz_normalized,1,0.999987,1.00001,1,0,0,,reproduced_at_documented_scale,4,PHerc0172/segments/20251115002748-auto_grown_20251115002740308_8_flatboi/mesh/20251115002748-on-20241024131838-7.91um.tifxyz,transformed,1,0.999987,1.00001,1,0,0,,reproduced_at_documented_scale,True,True,False
PHerc0172/segments/20251203230500-w089_20251203230500465_flatboi,PHerc0172,7.91um-53keV-volume-20241024131838.zarr,PHerc0172/segments/20251203230500-w089_20251203230500465_flatboi/surface-volumes/7.91um-53keV-volume-20241024131838.zarr,zarr,True,layers-zarr,"12220,12920","33,12920,12220",True,0,/volpkgs/PHerc0172.volpkg/volumes/s5_masked_ome.zarr/,True,True,4,4,reproduced_at_documented_scale,2,PHerc0172/segments/20251203230500-w089_20251203230500465_flatboi/mesh/intermediate/tifxyz_normalized,tifxyz_normalized,1,0.999961,1.00004,1,0,0,,reproduced_at_documented_scale,4,PHerc0172/segments/20251203230500-w089_20251203230500465_flatboi/mesh/20251203230500-on-20241024131838-7.91um.tifxyz,transformed,1,0.999961,1.00004,1,0,0,,reproduced_at_documented_scale,True,True,False
PHerc0172/segments/20251204060522-w090_20251204060522416_flatboi,PHerc0172,7.91um-53keV-volume-20241024131838.zarr,PHerc0172/segments/20251204060522-w090_20251204060522416_flatboi/surface-volumes/7.91um-53keV-volume-20241024131838.zarr,zarr,True,layers-zarr,"12180,12860","33,12860,12180",True,0,/volpkgs/PHerc0172.volpkg/volumes/s5_masked_ome.zarr/,True,True,4,4,reproduced_at_documented_scale,2,PHerc0172/segments/20251204060522-w090_20251204060522416_flatboi/mesh/intermediate/tifxyz_normalized,tifxyz_normalized,1,0.999961,1.00004,1,0,0,,reproduced_at_documented_scale,4,PHerc0172/segments/20251204060522-w090_20251204060522416_flatboi/mesh/20251204060522-on-20241024131838-7.91um.tifxyz,transformed,1,0.999961,1.00004,1,0,0,,reproduced_at_documented_scale,True,True,False
PHerc0172/segments/20251204071911-w091_20251204071911070_flatboi,PHerc0172,7.91um-53keV-volume-20241024131838.zarr,PHerc0172/segments/20251204071911-w091_20251204071911070_flatboi/surface-volumes/7.91um-53keV-volume-20241024131838.zarr,zarr,True,layers-zarr,"12160,12780","33,12780,12160",True,0,/volpkgs/PHerc0172.volpkg/volumes/s5_masked_ome.zarr/,True,True,4,4,reproduced_at_documented_scale,2,PHerc0172/segments/20251204071911-w091_20251204071911070_flatboi/mesh/intermediate/tifxyz_normalized,tifxyz_normalized,1,0.999961,1.00004,1,0,0,,reproduced_at_documented_scale,4,PHerc0172/segments/20251204071911-w091_20251204071911070_flatboi/mesh/20251204071911-on-20241024131838-7.91um.tifxyz,transformed,1,0.999961,1.00004,1,0,0,,reproduced_at_documented_scale,True,True,False
PHerc0172/segments/20251204101314-w092_20251204101314959_flatboi,PHerc0172,7.91um-53keV-volume-20241024131838.zarr,PHerc0172/segments/20251204101314-w092_20251204101314959_flatboi/surface-volumes/7.91um-53keV-volume-20241024131838.zarr,zarr,True,layers-zarr,"12560,13540","33,13540,12560",True,0,/volpkgs/PHerc0172.volpkg/volumes/s5_masked_ome.zarr/,True,True,4,4,reproduced_at_documented_scale,2,PHerc0172/segments/20251204101314-w092_20251204101314959_flatboi/mesh/intermediate/tifxyz_normalized,tifxyz_normalized,1,0.999963,1.00004,1,0,0,,reproduced_at_documented_scale,4,PHerc0172/segments/20251204101314-w092_20251204101314959_flatboi/mesh/20251204101314-on-20241024131838-7.91um.tifxyz,transformed,1,0.999963,1.00004,1,0,0,,reproduced_at_documented_scale,True,True,False
PHerc0172/segments/20251204192708-w093_20251204192708445_flatboi,PHerc0172,7.91um-53keV-volume-20241024131838.zarr,PHerc0172/segments/20251204192708-w093_20251204192708445_flatboi/surface-volumes/7.91um-53keV-volume-20241024131838.zarr,zarr,True,layers-zarr,"17300,15060","33,15060,17300",True,0,/volpkgs/PHerc0172.volpkg/volumes/s5_masked_ome.zarr/,True,True,4,4,reproduced_at_documented_scale,2,PHerc0172/segments/20251204192708-w093_20251204192708445_flatboi/mesh/intermediate/tifxyz_normalized,tifxyz_normalized,1,0.999971,1.00003,1,0,0,,reproduced_at_documented_scale,4,PHerc0172/segments/20251204192708-w093_20251204192708445_flatboi/mesh/20251204192708-on-20241024131838-7.91um.tifxyz,transformed,1,0.999971,1.00003,1,0,0,,reproduced_at_documented_scale,True,True,False
PHerc0172/segments/20251205115859-w094_20251205115859448_flatboi,PHerc0172,7.91um-53keV-volume-20241024131838.zarr,PHerc0172/segments/20251205115859-w094_20251205115859448_flatboi/surface-volumes/7.91um-53keV-volume-20241024131838.zarr,zarr,True,layers-zarr,"10400,11260","33,11260,10400",True,0,/volpkgs/PHerc0172.volpkg/volumes/s5_masked_ome.zarr/,True,True,4,4,reproduced_at_documented_scale,2,PHerc0172/segments/20251205115859-w094_20251205115859448_flatboi/mesh/intermediate/tifxyz_normalized,tifxyz_normalized,1,0.999956,1.00004,1,0,0,,reproduced_at_documented_scale,4,PHerc0172/segments/20251205115859-w094_20251205115859448_flatboi/mesh/20251205115859-on-20241024131838-7.91um.tifxyz,transformed,1,0.999956,1.00004,1,0,0,,reproduced_at_documented_scale,True,True,False
PHerc0172/segments/20251206184729-w095_20251206184729906_flatboi,PHerc0172,7.91um-53keV-volume-20241024131838.zarr,PHerc0172/segments/20251206184729-w095_20251206184729906_flatboi/surface-volumes/7.91um-53keV-volume-20241024131838.zarr,zarr,True,layers-zarr,"11420,14480","33,14480,11420",True,0,/volpkgs/PHerc0172.volpkg/volumes/s5_masked_ome.zarr/,True,True,4,4,reproduced_at_documented_scale,2,PHerc0172/segments/20251206184729-w095_20251206184729906_flatboi/mesh/intermediate/tifxyz_normalized,tifxyz_normalized,1,0.999965,1.00003,1,0,0,,reproduced_at_documented_scale,4,PHerc0172/segments/20251206184729-w095_20251206184729906_flatboi/mesh/20251206184729-on-20241024131838-7.91um.tifxyz,transformed,1,0.999965,1.00003,1,0,0,,reproduced_at_documented_scale,True,True,False
PHerc0172/segments/20251207123912-w060_20251207123912611_flatboi,PHerc0172,7.91um-53keV-volume-20241024131838.zarr,PHerc0172/segments/20251207123912-w060_20251207123912611_flatboi/surface-volumes/7.91um-53keV-volume-20241024131838.zarr,zarr,True,layers-zarr,"11560,11000","33,11000,11560",True,0,/volpkgs/PHerc0172.volpkg/volumes/s5_masked_ome.zarr/,True,True,4,4,reproduced_at_documented_scale,2,PHerc0172/segments/20251207123912-w060_20251207123912611_flatboi/mesh/intermediate/tifxyz_normalized,tifxyz_normalized,1,0.999957,1.00004,1,0,0,,reproduced_at_documented_scale,4,PHerc0172/segments/20251207123912-w060_20251207123912611_flatboi/mesh/20251207123912-on-20241024131838-7.91um.tifxyz,transformed,1,0.999957,1.00004,1,0,0,,reproduced_at_documented_scale,True,True,False
PHerc0172/segments/20251210142414-w059_20251210142414060_flatboi,PHerc0172,7.91um-53keV-volume-20241024131838.zarr,PHerc0172/segments/20251210142414-w059_20251210142414060_flatboi/surface-volumes/7.91um-53keV-volume-20241024131838.zarr,zarr,True,layers-zarr,"13200,9520","33,9520,13200",True,0,/volpkgs/PHerc0172.volpkg/volumes/s5_masked_ome.zarr/,True,True,4,4,reproduced_at_documented_scale,2,PHerc0172/segments/20251210142414-w059_20251210142414060_flatboi/mesh/intermediate/tifxyz_normalized,tifxyz_normalized,1,0.999962,1.00004,1,0,0,,reproduced_at_documented_scale,4,PHerc0172/segments/20251210142414-w059_20251210142414060_flatboi/mesh/20251210142414-on-20241024131838-7.91um.tifxyz,transformed,1,0.999962,1.00004,1,0,0,,reproduced_at_documented_scale,True,True,False
PHerc0172/segments/20251210153304-w058_20251210153304503_flatboi,PHerc0172,7.91um-53keV-volume-20241024131838.zarr,PHerc0172/segments/20251210153304-w058_20251210153304503_flatboi/surface-volumes/7.91um-53keV-volume-20241024131838.zarr,zarr,True,layers-zarr,"13200,10920","33,10920,13200",True,0,/volpkgs/PHerc0172.volpkg/volumes/s5_masked_ome.zarr/,True,True,4,4,reproduced_at_documented_scale,2,PHerc0172/segments/20251210153304-w058_20251210153304503_flatboi/mesh/intermediate/tifxyz_normalized,tifxyz_normalized,1,0.999962,1.00004,1,0,0,,reproduced_at_documented_scale,4,PHerc0172/segments/20251210153304-w058_20251210153304503_flatboi/mesh/20251210153304-on-20241024131838-7.91um.tifxyz,transformed,1,0.999962,1.00004,1,0,0,,reproduced_at_documented_scale,True,True,False
PHerc0172/segments/20251210160810-w057_20251210160810301_flatboi,PHerc0172,7.91um-53keV-volume-20241024131838.zarr,PHerc0172/segments/20251210160810-w057_20251210160810301_flatboi/surface-volumes/7.91um-53keV-volume-20241024131838.zarr,zarr,True,layers-zarr,"13020,10880","33,10880,13020",True,0,/volpkgs/PHerc0172.volpkg/volumes/s5_masked_ome.zarr/,True,True,4,4,reproduced_at_documented_scale,2,PHerc0172/segments/20251210160810-w057_20251210160810301_flatboi/mesh/intermediate/tifxyz_normalized,tifxyz_normalized,1,0.999962,1.00004,1,0,0,,reproduced_at_documented_scale,4,PHerc0172/segments/20251210160810-w057_20251210160810301_flatboi/mesh/20251210160810-on-20241024131838-7.91um.tifxyz,transformed,1,0.999962,1.00004,1,0,0,,reproduced_at_documented_scale,True,True,False
PHerc0172/segments/20251211095724-w056_20251211095724922_flatboi,PHerc0172,7.91um-53keV-volume-20241024131838.zarr,PHerc0172/segments/20251211095724-w056_20251211095724922_flatboi/surface-volumes/7.91um-53keV-volume-20241024131838.zarr,zarr,True,layers-zarr,"12900,10660","33,10660,12900",True,0,/volpkgs/PHerc0172.volpkg/volumes/s5_masked_ome.zarr/,True,True,4,4,reproduced_at_documented_scale,2,PHerc0172/segments/20251211095724-w056_20251211095724922_flatboi/mesh/intermediate/tifxyz_normalized,tifxyz_normalized,1,0.999961,1.00004,1,0,0,,reproduced_at_documented_scale,4,PHerc0172/segments/20251211095724-w056_20251211095724922_flatboi/mesh/20251211095724-on-20241024131838-7.91um.tifxyz,transformed,1,0.999961,1.00004,1,0,0,,reproduced_at_documented_scale,True,True,False
PHerc0172/segments/20251211111451-w055_20251211111451620_flatboi,PHerc0172,7.91um-53keV-volume-20241024131838.zarr,PHerc0172/segments/20251211111451-w055_20251211111451620_flatboi/surface-volumes/7.91um-53keV-volume-20241024131838.zarr,zarr,True,layers-zarr,"12700,10740","33,10740,12700",True,0,/volpkgs/PHerc0172.volpkg/volumes/s5_masked_ome.zarr/,True,True,4,4,reproduced_at_documented_scale,2,PHerc0172/segments/20251211111451-w055_20251211111451620_flatboi/mesh/intermediate/tifxyz_normalized,tifxyz_normalized,1,0.999961,1.00004,1,0,0,,reproduced_at_documented_scale,4,PHerc0172/segments/20251211111451-w055_20251211111451620_flatboi/mesh/20251211111451-on-20241024131838-7.91um.tifxyz,transformed,1,0.999961,1.00004,1,0,0,,reproduced_at_documented_scale,True,True,False
PHerc0172/segments/20251211135303-w054_20251211135303394_flatboi,PHerc0172,7.91um-53keV-volume-20241024131838.zarr,PHerc0172/segments/20251211135303-w054_20251211135303394_flatboi/surface-volumes/7.91um-53keV-volume-20241024131838.zarr,zarr,True,layers-zarr,"12520,10600","33,10600,12520",True,0,/volpkgs/PHerc0172.volpkg/volumes/s5_masked_ome.zarr/,True,True,4,4,reproduced_at_documented_scale,2,PHerc0172/segments/20251211135303-w054_20251211135303394_flatboi/mesh/intermediate/tifxyz_normalized,tifxyz_normalized,1,0.99996,1.00004,1,0,0,,reproduced_at_documented_scale,4,PHerc0172/segments/20251211135303-w054_20251211135303394_flatboi/mesh/20251211135303-on-20241024131838-7.91um.tifxyz,transformed,1,0.99996,1.00004,1,0,0,,reproduced_at_documented_scale,True,True,False
PHerc0172/segments/20251211152543-w053_20251211152543204_flatboi,PHerc0172,7.91um-53keV-volume-20241024131838.zarr,PHerc0172/segments/20251211152543-w053_20251211152543204_flatboi/surface-volumes/7.91um-53keV-volume-20241024131838.zarr,zarr,True,layers-zarr,"12340,10600","33,10600,12340",True,0,/volpkgs/PHerc0172.volpkg/volumes/s5_masked_ome.zarr/,True,True,4,4,reproduced_at_documented_scale,2,PHerc0172/segments/20251211152543-w053_20251211152543204_flatboi/mesh/intermediate/tifxyz_normalized,tifxyz_normalized,1,0.999959,1.00004,1,0,0,,reproduced_at_documented_scale,4,PHerc0172/segments/20251211152543-w053_20251211152543204_flatboi/mesh/20251211152543-on-20241024131838-7.91um.tifxyz,transformed,1,0.999959,1.00004,1,0,0,,reproduced_at_documented_scale,True,True,False
PHerc0172/segments/20251212105627-w052_20251212105627148_flatboi,PHerc0172,7.91um-53keV-volume-20241024131838.zarr,PHerc0172/segments/20251212105627-w052_20251212105627148_flatboi/surface-volumes/7.91um-53keV-volume-20241024131838.zarr,zarr,True,layers-zarr,"12200,10580","33,10580,12200",True,0,/volpkgs/PHerc0172.volpkg/volumes/s5_masked_ome.zarr/,True,True,4,4,reproduced_at_documented_scale,2,PHerc0172/segments/20251212105627-w052_20251212105627148_flatboi/mesh/intermediate/tifxyz_normalized,tifxyz_normalized,1,0.999959,1.00004,1,0,0,,reproduced_at_documented_scale,4,PHerc0172/segments/20251212105627-w052_20251212105627148_flatboi/mesh/20251212105627-on-20241024131838-7.91um.tifxyz,transformed,1,0.999959,1.00004,1,0,0,,reproduced_at_documented_scale,True,True,False
PHerc0343P/segments/20250511003658-tifxyz,PHerc0343P,2.215um-0.4m-111keV-volume-20260304131111.zarr,PHerc0343P/segments/20250511003658-tifxyz/surface-volumes/2.215um-0.4m-111keV-volume-20260304131111.zarr,zarr,True,layers-zarr,"8020,13420","118,13420,8020",True,0,/volumes/esrf/20250506/SCROLLS_HEL_2.215um_0.4m_111keV_PHerc0343P_TA_0001_masked.zarr/,True,True,4,4,not_reproduced_from_any_published_variant,2,PHerc0343P/segments/20250511003658-tifxyz/mesh/intermediate/tifxyz_normalized,tifxyz_normalized,1,,,,16,0.00204431,,reproduced_at_documented_scale,4,PHerc0343P/segments/20250511003658-tifxyz/mesh/20250511003658-on-20260304131111-2.215um.tifxyz,transformed,1,0.999963,1.00004,1,0,0,True,reproduced_at_documented_scale,False,True,False
PHerc0343P/segments/20250511003658-tifxyz,PHerc0343P,8.64um-1.2m-116keV-volume-20250521134555.zarr,PHerc0343P/segments/20250511003658-tifxyz/surface-volumes/8.64um-1.2m-116keV-volume-20250521134555.zarr,zarr,True,layers-zarr,"2060,3440","31,3440,2060",True,0,/volumes/esrf/20250506/SCROLLS_TA_HEL_4.320um_1.0m_116keV_binmean_2_PHerc0343P_TA_0001_masked.zarr/,True,True,4,4,reproduced_at_documented_scale,2,PHerc0343P/segments/20250511003658-tifxyz/mesh/intermediate/tifxyz_normalized,tifxyz_normalized,1,0.999855,1.00015,1,0,0,,reproduced_at_documented_scale,4,PHerc0343P/segments/20250511003658-tifxyz/mesh/20250511003658-on-20250521134555-8.64um.tifxyz,transformed,1,0.999855,1.00015,1,0,0,True,reproduced_at_documented_scale,True,True,False
PHerc0343P/segments/20250902170435--5_b2,PHerc0343P,2.215um-0.4m-111keV-volume-20260304131111.zarr,PHerc0343P/segments/20250902170435--5_b2/surface-volumes/2.215um-0.4m-111keV-volume-20260304131111.zarr,zarr,True,layers-zarr,"9440,12800","118,12800,9440",True,0,/volumes/esrf/20250506/SCROLLS_HEL_2.215um_0.4m_111keV_PHerc0343P_TA_0001_masked.zarr/,True,True,4,4,not_reproduced_from_any_published_variant,2,PHerc0343P/segments/20250902170435--5_b2/mesh/intermediate/tifxyz_normalized,tifxyz_normalized,1,,,,4,0.000413394,,reproduced_at_documented_scale,4,PHerc0343P/segments/20250902170435--5_b2/mesh/20250902170435-on-20260304131111-2.215um.tifxyz,transformed,1,0.999961,1.00004,1,0,0,True,reproduced_at_documented_scale,False,True,False
PHerc0343P/segments/20250902170435--5_b2,PHerc0343P,8.64um-1.2m-116keV-volume-20250521134555.zarr,PHerc0343P/segments/20250902170435--5_b2/surface-volumes/8.64um-1.2m-116keV-volume-20250521134555.zarr,zarr,True,layers-zarr,"2420,3280","31,3280,2420",True,0,/volumes/esrf/20250506/SCROLLS_TA_HEL_4.320um_1.0m_116keV_binmean_2_PHerc0343P_TA_0001_masked.zarr/,True,True,4,4,reproduced_at_documented_scale,2,PHerc0343P/segments/20250902170435--5_b2/mesh/intermediate/tifxyz_normalized,tifxyz_normalized,1,0.999848,1.00015,1,0,0,,reproduced_at_documented_scale,4,PHerc0343P/segments/20250902170435--5_b2/mesh/20250902170435-on-20250521134555-8.64um.tifxyz,transformed,1,0.999848,1.00015,1,0,0,True,reproduced_at_documented_scale,True,True,False
PHerc0343P/segments/20250902170441--4_b2,PHerc0343P,2.215um-0.4m-111keV-volume-20260304131111.zarr,PHerc0343P/segments/20250902170441--4_b2/surface-volumes/2.215um-0.4m-111keV-volume-20260304131111.zarr,zarr,True,layers-zarr,"9820,12880","118,12880,9820",True,0,/volumes/esrf/20250506/SCROLLS_HEL_2.215um_0.4m_111keV_PHerc0343P_TA_0001_masked.zarr/,True,True,4,4,not_reproduced_from_any_published_variant,2,PHerc0343P/segments/20250902170441--4_b2/mesh/intermediate/tifxyz_normalized,tifxyz_normalized,1,,,,15,0.0015923,,reproduced_at_documented_scale,4,PHerc0343P/segments/20250902170441--4_b2/mesh/20250902170441-on-20260304131111-2.215um.tifxyz,transformed,1,0.999961,1.00004,1,0,0,True,reproduced_at_documented_scale,False,True,False
PHerc0343P/segments/20250902170441--4_b2,PHerc0343P,8.64um-1.2m-116keV-volume-20250521134555.zarr,PHerc0343P/segments/20250902170441--4_b2/surface-volumes/8.64um-1.2m-116keV-volume-20250521134555.zarr,zarr,True,layers-zarr,"2520,3300","31,3300,2520",True,0,/volumes/esrf/20250506/SCROLLS_TA_HEL_4.320um_1.0m_116keV_binmean_2_PHerc0343P_TA_0001_masked.zarr/,True,True,4,4,reproduced_at_documented_scale,2,PHerc0343P/segments/20250902170441--4_b2/mesh/intermediate/tifxyz_normalized,tifxyz_normalized,1,0.999848,1.00015,1,0,0,,reproduced_at_documented_scale,4,PHerc0343P/segments/20250902170441--4_b2/mesh/20250902170441-on-20250521134555-8.64um.tifxyz,transformed,1,0.999848,1.00015,1,0,0,True,reproduced_at_documented_scale,True,True,False
PHerc0343P/segments/20250902170447--3_b2,PHerc0343P,2.215um-0.4m-111keV-volume-20260304131111.zarr,PHerc0343P/segments/20250902170447--3_b2/surface-volumes/2.215um-0.4m-111keV-volume-20260304131111.zarr,zarr,True,layers-zarr,"10140,13880","118,13880,10140",True,0,/volumes/esrf/20250506/SCROLLS_HEL_2.215um_0.4m_111keV_PHerc0343P_TA_0001_masked.zarr/,True,True,4,4,not_reproduced_from_any_published_variant,2,PHerc0343P/segments/20250902170447--3_b2/mesh/intermediate/tifxyz_normalized,tifxyz_normalized,1,,,,3,0.000288184,,reproduced_at_documented_scale,4,PHerc0343P/segments/20250902170447--3_b2/mesh/20250902170447-on-20260304131111-2.215um.tifxyz,transformed,1,0.999964,1.00004,1,0,0,True,reproduced_at_documented_scale,False,True,False
PHerc0343P/segments/20250902170447--3_b2,PHerc0343P,8.64um-1.2m-116keV-volume-20250521134555.zarr,PHerc0343P/segments/20250902170447--3_b2/surface-volumes/8.64um-1.2m-116keV-volume-20250521134555.zarr,zarr,True,layers-zarr,"2600,3560","31,3560,2600",True,0,/volumes/esrf/20250506/SCROLLS_TA_HEL_4.320um_1.0m_116keV_binmean_2_PHerc0343P_TA_0001_masked.zarr/,True,True,4,4,reproduced_at_documented_scale,2,PHerc0343P/segments/20250902170447--3_b2/mesh/intermediate/tifxyz_normalized,tifxyz_normalized,1,0.99986,1.00014,1,0,0,,reproduced_at_documented_scale,4,PHerc0343P/segments/20250902170447--3_b2/mesh/20250902170447-on-20250521134555-8.64um.tifxyz,transformed,1,0.99986,1.00014,1,0,0,True,reproduced_at_documented_scale,True,True,False
PHerc0343P/segments/20250902171202--2_b2,PHerc0343P,2.215um-0.4m-111keV-volume-20260304131111.zarr,PHerc0343P/segments/20250902171202--2_b2/surface-volumes/2.215um-0.4m-111keV-volume-20260304131111.zarr,zarr,True,layers-zarr,"9040,13420","118,13420,9040",True,0,/volumes/esrf/20250506/SCROLLS_HEL_2.215um_0.4m_111keV_PHerc0343P_TA_0001_masked.zarr/,True,True,4,4,not_reproduced_from_any_published_variant,2,PHerc0343P/segments/20250902171202--2_b2/mesh/intermediate/tifxyz_normalized,tifxyz_normalized,1,,,,10,0.00118337,,reproduced_at_documented_scale,4,PHerc0343P/segments/20250902171202--2_b2/mesh/20250902171202-on-20260304131111-2.215um.tifxyz,transformed,1,0.999963,1.00004,1,0,0,True,reproduced_at_documented_scale,False,True,False
PHerc0343P/segments/20250902171202--2_b2,PHerc0343P,8.64um-1.2m-116keV-volume-20250521134555.zarr,PHerc0343P/segments/20250902171202--2_b2/surface-volumes/8.64um-1.2m-116keV-volume-20250521134555.zarr,zarr,True,layers-zarr,"2320,3440","31,3440,2320",True,0,/volumes/esrf/20250506/SCROLLS_TA_HEL_4.320um_1.0m_116keV_binmean_2_PHerc0343P_TA_0001_masked.zarr/,True,True,4,4,reproduced_at_documented_scale,2,PHerc0343P/segments/20250902171202--2_b2/mesh/intermediate/tifxyz_normalized,tifxyz_normalized,1,0.999855,1.00015,1,0,0,,reproduced_at_documented_scale,4,PHerc0343P/segments/20250902171202--2_b2/mesh/20250902171202-on-20250521134555-8.64um.tifxyz,transformed,1,0.999855,1.00015,1,0,0,True,reproduced_at_documented_scale,True,True,False
PHerc0343P/segments/20250902171204--1_b2,PHerc0343P,2.215um-0.4m-111keV-volume-20260304131111.zarr,PHerc0343P/segments/20250902171204--1_b2/surface-volumes/2.215um-0.4m-111keV-volume-20260304131111.zarr,zarr,True,layers-zarr,"9120,13040","118,13040,9120",True,0,/volumes/esrf/20250506/SCROLLS_HEL_2.215um_0.4m_111keV_PHerc0343P_TA_0001_masked.zarr/,True,True,4,4,not_reproduced_from_any_published_variant,2,PHerc0343P/segments/20250902171204--1_b2/mesh/intermediate/tifxyz_normalized,tifxyz_normalized,1,,,,15,0.00173338,,reproduced_at_documented_scale,4,PHerc0343P/segments/20250902171204--1_b2/mesh/20250902171204-on-20260304131111-2.215um.tifxyz,transformed,1,0.999962,1.00004,1,0,0,True,reproduced_at_documented_scale,False,True,False
PHerc0343P/segments/20250902171204--1_b2,PHerc0343P,8.64um-1.2m-116keV-volume-20250521134555.zarr,PHerc0343P/segments/20250902171204--1_b2/surface-volumes/8.64um-1.2m-116keV-volume-20250521134555.zarr,zarr,True,layers-zarr,"2340,3340","31,3340,2340",True,0,/volumes/esrf/20250506/SCROLLS_TA_HEL_4.320um_1.0m_116keV_binmean_2_PHerc0343P_TA_0001_masked.zarr/,True,True,4,4,reproduced_at_documented_scale,2,PHerc0343P/segments/20250902171204--1_b2/mesh/intermediate/tifxyz_normalized,tifxyz_normalized,1,0.99985,1.00015,1,0,0,,reproduced_at_documented_scale,4,PHerc0343P/segments/20250902171204--1_b2/mesh/20250902171204-on-20250521134555-8.64um.tifxyz,transformed,1,0.99985,1.00015,1,0,0,True,reproduced_at_documented_scale,True,True,False
PHerc0343P/segments/20250904233748-0_b2,PHerc0343P,2.215um-0.4m-111keV-volume-20260304131111.zarr,PHerc0343P/segments/20250904233748-0_b2/surface-volumes/2.215um-0.4m-111keV-volume-20260304131111.zarr,zarr,True,layers-zarr,"9740,14120","118,14120,9740",True,0,/volumes/esrf/20250506/SCROLLS_HEL_2.215um_0.4m_111keV_PHerc0343P_TA_0001_masked.zarr/,True,True,4,4,not_reproduced_from_any_published_variant,2,PHerc0343P/segments/20250904233748-0_b2/mesh/intermediate/tifxyz_normalized,tifxyz_normalized,1,,,,11,0.0011685,,reproduced_at_documented_scale,4,PHerc0343P/segments/20250904233748-0_b2/mesh/20250904233748-on-20260304131111-2.215um.tifxyz,transformed,1,0.999965,1.00004,1,0,0,True,reproduced_at_documented_scale,False,True,False
PHerc0343P/segments/20250904233748-0_b2,PHerc0343P,8.64um-1.2m-116keV-volume-20250521134555.zarr,PHerc0343P/segments/20250904233748-0_b2/surface-volumes/8.64um-1.2m-116keV-volume-20250521134555.zarr,zarr,True,layers-zarr,"2500,3620","31,3620,2500",True,0,/volumes/esrf/20250506/SCROLLS_TA_HEL_4.320um_1.0m_116keV_binmean_2_PHerc0343P_TA_0001_masked.zarr/,True,True,4,4,reproduced_at_documented_scale,2,PHerc0343P/segments/20250904233748-0_b2/mesh/intermediate/tifxyz_normalized,tifxyz_normalized,1,0.999862,1.00014,1,0,0,,reproduced_at_documented_scale,4,PHerc0343P/segments/20250904233748-0_b2/mesh/20250904233748-on-20250521134555-8.64um.tifxyz,transformed,1,0.999862,1.00014,1,0,0,True,reproduced_at_documented_scale,True,True,False
PHerc0343P/segments/20250905172054-1_b2,PHerc0343P,2.215um-0.4m-111keV-volume-20260304131111.zarr,PHerc0343P/segments/20250905172054-1_b2/surface-volumes/2.215um-0.4m-111keV-volume-20260304131111.zarr,zarr,True,layers-zarr,"8880,11780","118,11780,8880",True,0,/volumes/esrf/20250506/SCROLLS_HEL_2.215um_0.4m_111keV_PHerc0343P_TA_0001_masked.zarr/,True,True,4,4,not_reproduced_from_any_published_variant,2,PHerc0343P/segments/20250905172054-1_b2/mesh/intermediate/tifxyz_normalized,tifxyz_normalized,1,,,,13,0.00152139,,reproduced_at_documented_scale,4,PHerc0343P/segments/20250905172054-1_b2/mesh/20250905172054-on-20260304131111-2.215um.tifxyz,transformed,1,0.999958,1.00004,1,0,0,True,reproduced_at_documented_scale,False,True,False
PHerc0343P/segments/20250905172054-1_b2,PHerc0343P,8.64um-1.2m-116keV-volume-20250521134555.zarr,PHerc0343P/segments/20250905172054-1_b2/surface-volumes/8.64um-1.2m-116keV-volume-20250521134555.zarr,zarr,True,layers-zarr,"2280,3020","31,3020,2280",True,0,/volumes/esrf/20250506/SCROLLS_TA_HEL_4.320um_1.0m_116keV_binmean_2_PHerc0343P_TA_0001_masked.zarr/,True,True,4,4,reproduced_at_documented_scale,2,PHerc0343P/segments/20250905172054-1_b2/mesh/intermediate/tifxyz_normalized,tifxyz_normalized,1,0.999834,1.00017,1,0,0,,reproduced_at_documented_scale,4,PHerc0343P/segments/20250905172054-1_b2/mesh/20250905172054-on-20250521134555-8.64um.tifxyz,transformed,1,0.999834,1.00017,1,0,0,True,reproduced_at_documented_scale,True,True,False
PHerc0500P2/segments/20250609204953-z_dbg_gen_00612,PHerc0500P2,2.215um-0.4m-111keV-volume-20250526151718.zarr,PHerc0500P2/segments/20250609204953-z_dbg_gen_00612/surface-volumes/2.215um-0.4m-111keV-volume-20250526151718.zarr,zarr,True,layers-zarr,"13100,19080","118,19080,13100",True,0,/volumes/esrf/20250506/2.215um_HEL_TA_0.4m_110keV_scroll-fragment_0500P2_TA_0001_masked.zarr/,True,True,5,5,not_reproduced_from_any_published_variant,2,PHerc0500P2/segments/20250609204953-z_dbg_gen_00612/mesh/intermediate/tifxyz_normalized,tifxyz_normalized,1,,,,16,0.0012666,,reproduced_at_documented_scale,5,PHerc0500P2/segments/20250609204953-z_dbg_gen_00612/mesh/20250609204953-on-20250526151718-2.215um.tifxyz,transformed,1,0.999974,1.00003,1,0,0,True,reproduced_at_documented_scale,False,True,False
PHerc0500P2/segments/20250609204953-z_dbg_gen_00612,PHerc0500P2,4.317um-1.2m-111keV-volume-20250528085330.zarr,PHerc0500P2/segments/20250609204953-z_dbg_gen_00612/surface-volumes/4.317um-1.2m-111keV-volume-20250528085330.zarr,zarr,True,layers-zarr,"6720,9800","61,9800,6720",True,0,/volumes//esrf/20250506/4.317um_HA2200_HEL_111keV_1.2m_scroll-fragment-0500P2_D_0001_masked.zarr/,True,True,5,5,reproduced_at_documented_scale,2,PHerc0500P2/segments/20250609204953-z_dbg_gen_00612/mesh/intermediate/tifxyz_normalized,tifxyz_normalized,1,0.999949,1.00005,1,0,0,,reproduced_at_documented_scale,5,PHerc0500P2/segments/20250609204953-z_dbg_gen_00612/mesh/20250609204953-on-20250528085330-4.317um.tifxyz,transformed,1,0.999949,1.00005,1,0,0,True,reproduced_at_documented_scale,True,True,False
PHerc0500P2/segments/20250609204953-z_dbg_gen_00612,PHerc0500P2,9.362um-1.2m-113keV-volume-20250820143440.zarr,PHerc0500P2/segments/20250609204953-z_dbg_gen_00612/surface-volumes/9.362um-1.2m-113keV-volume-20250820143440.zarr,zarr,True,layers-zarr,"3120,4520","28,4520,3120",True,0,/volumes/esrf/20250717/sam2long-16xdown/SCROLLS_HEL_4.681um_113keV_1.2m_binmean_2_PHerc_0500P2_HA_0001_masked.zarr/,True,True,5,5,not_reproduced_from_any_published_variant,2,PHerc0500P2/segments/20250609204953-z_dbg_gen_00612/mesh/intermediate/tifxyz_normalized,tifxyz_normalized,1,,,,20,0.00663717,,reproduced_at_documented_scale,5,PHerc0500P2/segments/20250609204953-z_dbg_gen_00612/mesh/20250609204953-on-20250820143440-9.362um.tifxyz,transformed,1,0.999889,1.00011,1,0,0,True,reproduced_at_documented_scale,False,True,False
PHerc0500P2/segments/20250611132918-z_dbg_gen_00302_inp_hr,PHerc0500P2,2.215um-0.4m-111keV-volume-20250526151718.zarr,PHerc0500P2/segments/20250611132918-z_dbg_gen_00302_inp_hr/surface-volumes/2.215um-0.4m-111keV-volume-20250526151718.zarr,zarr,True,layers-zarr,"13760,21220","118,21220,13760",True,0,/volumes/esrf/20250506/2.215um_HEL_TA_0.4m_110keV_scroll-fragment_0500P2_TA_0001_masked.zarr/,True,True,5,5,not_reproduced_from_any_published_variant,2,PHerc0500P2/segments/20250611132918-z_dbg_gen_00302_inp_hr/mesh/intermediate/tifxyz_normalized,tifxyz_normalized,1,,,,15,0.00114009,,reproduced_at_documented_scale,5,PHerc0500P2/segments/20250611132918-z_dbg_gen_00302_inp_hr/mesh/20250611132918-on-20250526151718-2.215um.tifxyz,transformed,1,0.999976,1.00002,1,0,0,True,reproduced_at_documented_scale,False,True,False
PHerc0500P2/segments/20250611132918-z_dbg_gen_00302_inp_hr,PHerc0500P2,4.317um-1.2m-111keV-volume-20250528085330.zarr,PHerc0500P2/segments/20250611132918-z_dbg_gen_00302_inp_hr/surface-volumes/4.317um-1.2m-111keV-volume-20250528085330.zarr,zarr,True,layers-zarr,"7060,10900","61,10900,7060",True,0,/volumes//esrf/20250506/4.317um_HA2200_HEL_111keV_1.2m_scroll-fragment-0500P2_D_0001_masked.zarr/,True,True,5,5,reproduced_at_documented_scale,2,PHerc0500P2/segments/20250611132918-z_dbg_gen_00302_inp_hr/mesh/intermediate/tifxyz_normalized,tifxyz_normalized,1,0.999954,1.00005,1,0,0,,reproduced_at_documented_scale,5,PHerc0500P2/segments/20250611132918-z_dbg_gen_00302_inp_hr/mesh/20250611132918-on-20250528085330-4.317um.tifxyz,transformed,1,0.999954,1.00005,1,0,0,True,reproduced_at_documented_scale,True,True,False
PHerc0500P2/segments/20250611132918-z_dbg_gen_00302_inp_hr,PHerc0500P2,9.362um-1.2m-113keV-volume-20250820143440.zarr,PHerc0500P2/segments/20250611132918-z_dbg_gen_00302_inp_hr/surface-volumes/9.362um-1.2m-113keV-volume-20250820143440.zarr,zarr,True,layers-zarr,"3260,5040","28,5040,3260",True,0,/volumes/esrf/20250717/sam2long-16xdown/SCROLLS_HEL_4.681um_113keV_1.2m_binmean_2_PHerc_0500P2_HA_0001_masked.zarr/,True,True,5,5,not_reproduced_from_any_published_variant,2,PHerc0500P2/segments/20250611132918-z_dbg_gen_00302_inp_hr/mesh/intermediate/tifxyz_normalized,tifxyz_normalized,1,,,,4,0.00136208,,reproduced_at_documented_scale,5,PHerc0500P2/segments/20250611132918-z_dbg_gen_00302_inp_hr/mesh/20250611132918-on-20250820143440-9.362um.tifxyz,transformed,1,0.999901,1.0001,1,0,0,True,reproduced_at_documented_scale,False,True,False
PHerc0500P2/segments/20250611133823-z_dbg_gen_00130_inp_hr,PHerc0500P2,2.215um-0.4m-111keV-volume-20250526151718.zarr,PHerc0500P2/segments/20250611133823-z_dbg_gen_00130_inp_hr/surface-volumes/2.215um-0.4m-111keV-volume-20250526151718.zarr,zarr,True,layers-zarr,"7600,22660","118,22660,7600",True,0,/volumes/esrf/20250506/2.215um_HEL_TA_0.4m_110keV_scroll-fragment_0500P2_TA_0001_masked.zarr/,True,True,5,5,not_reproduced_from_any_published_variant,2,PHerc0500P2/segments/20250611133823-z_dbg_gen_00130_inp_hr/mesh/intermediate/tifxyz_normalized,tifxyz_normalized,1,,,,8,0.0010184,,reproduced_at_documented_scale,5,PHerc0500P2/segments/20250611133823-z_dbg_gen_00130_inp_hr/mesh/20250611133823-on-20250526151718-2.215um.tifxyz,transformed,1,0.999978,1.00002,1,0,0,True,reproduced_at_documented_scale,False,True,False
PHerc0500P2/segments/20250611133823-z_dbg_gen_00130_inp_hr,PHerc0500P2,4.317um-1.2m-111keV-volume-20250528085330.zarr,PHerc0500P2/segments/20250611133823-z_dbg_gen_00130_inp_hr/surface-volumes/4.317um-1.2m-111keV-volume-20250528085330.zarr,zarr,True,layers-zarr,"3900,11640","61,11640,3900",True,0,/volumes//esrf/20250506/4.317um_HA2200_HEL_111keV_1.2m_scroll-fragment-0500P2_D_0001_masked.zarr/,True,True,5,5,reproduced_at_documented_scale,2,PHerc0500P2/segments/20250611133823-z_dbg_gen_00130_inp_hr/mesh/intermediate/tifxyz_normalized,tifxyz_normalized,1,0.999957,1.00004,1,0,0,,reproduced_at_documented_scale,5,PHerc0500P2/segments/20250611133823-z_dbg_gen_00130_inp_hr/mesh/20250611133823-on-20250528085330-4.317um.tifxyz,transformed,1,0.999957,1.00004,1,0,0,True,reproduced_at_documented_scale,True,True,False
PHerc0500P2/segments/20250611133823-z_dbg_gen_00130_inp_hr,PHerc0500P2,9.362um-1.2m-113keV-volume-20250820143440.zarr,PHerc0500P2/segments/20250611133823-z_dbg_gen_00130_inp_hr/surface-volumes/9.362um-1.2m-113keV-volume-20250820143440.zarr,zarr,True,layers-zarr,"1800,5380","28,5380,1800",True,0,/volumes/esrf/20250717/sam2long-16xdown/SCROLLS_HEL_4.681um_113keV_1.2m_binmean_2_PHerc_0500P2_HA_0001_masked.zarr/,True,True,5,5,not_reproduced_from_any_published_variant,2,PHerc0500P2/segments/20250611133823-z_dbg_gen_00130_inp_hr/mesh/intermediate/tifxyz_normalized,tifxyz_normalized,1,,,,2,0.00143184,,reproduced_at_documented_scale,5,PHerc0500P2/segments/20250611133823-z_dbg_gen_00130_inp_hr/mesh/20250611133823-on-20250820143440-9.362um.tifxyz,transformed,1,0.999907,1.00009,1,0,0,True,reproduced_at_documented_scale,False,True,False
PHerc0500P2/segments/20250611134135-z_dbg_gen_00331_inp_hr,PHerc0500P2,2.215um-0.4m-111keV-volume-20250526151718.zarr,PHerc0500P2/segments/20250611134135-z_dbg_gen_00331_inp_hr/surface-volumes/2.215um-0.4m-111keV-volume-20250526151718.zarr,zarr,True,layers-zarr,"13820,22820","118,22820,13820",True,0,/volumes/esrf/20250506/2.215um_HEL_TA_0.4m_110keV_scroll-fragment_0500P2_TA_0001_masked.zarr/,True,True,5,5,not_reproduced_from_any_published_variant,2,PHerc0500P2/segments/20250611134135-z_dbg_gen_00331_inp_hr/mesh/intermediate/tifxyz_normalized,tifxyz_normalized,1,,,,4,0.000318577,,reproduced_at_documented_scale,5,PHerc0500P2/segments/20250611134135-z_dbg_gen_00331_inp_hr/mesh/20250611134135-on-20250526151718-2.215um.tifxyz,transformed,1,0.999978,1.00002,1,0,0,True,reproduced_at_documented_scale,False,True,False
PHerc0500P2/segments/20250611134135-z_dbg_gen_00331_inp_hr,PHerc0500P2,4.317um-1.2m-111keV-volume-20250528085330.zarr,PHerc0500P2/segments/20250611134135-z_dbg_gen_00331_inp_hr/surface-volumes/4.317um-1.2m-111keV-volume-20250528085330.zarr,zarr,True,layers-zarr,"7100,11720","61,11720,7100",True,0,/volumes//esrf/20250506/4.317um_HA2200_HEL_111keV_1.2m_scroll-fragment-0500P2_D_0001_masked.zarr/,True,True,5,5,reproduced_at_documented_scale,2,PHerc0500P2/segments/20250611134135-z_dbg_gen_00331_inp_hr/mesh/intermediate/tifxyz_normalized,tifxyz_normalized,1,0.999957,1.00004,1,0,0,,reproduced_at_documented_scale,5,PHerc0500P2/segments/20250611134135-z_dbg_gen_00331_inp_hr/mesh/20250611134135-on-20250528085330-4.317um.tifxyz,transformed,1,0.999957,1.00004,1,0,0,True,reproduced_at_documented_scale,True,True,False
PHerc0500P2/segments/20250611134135-z_dbg_gen_00331_inp_hr,PHerc0500P2,9.362um-1.2m-113keV-volume-20250820143440.zarr,PHerc0500P2/segments/20250611134135-z_dbg_gen_00331_inp_hr/surface-volumes/9.362um-1.2m-113keV-volume-20250820143440.zarr,zarr,True,layers-zarr,"3280,5420","28,5420,3280",True,0,/volumes/esrf/20250717/sam2long-16xdown/SCROLLS_HEL_4.681um_113keV_1.2m_binmean_2_PHerc_0500P2_HA_0001_masked.zarr/,True,True,5,5,not_reproduced_from_any_published_variant,2,PHerc0500P2/segments/20250611134135-z_dbg_gen_00331_inp_hr/mesh/intermediate/tifxyz_normalized,tifxyz_normalized,1,,,,3,0.00105094,,reproduced_at_documented_scale,5,PHerc0500P2/segments/20250611134135-z_dbg_gen_00331_inp_hr/mesh/20250611134135-on-20250820143440-9.362um.tifxyz,transformed,1,0.999908,1.00009,1,0,0,True,reproduced_at_documented_scale,False,True,False
PHerc0500P2/segments/20250611153340-z_dbg_gen_00275,PHerc0500P2,2.215um-0.4m-111keV-volume-20250526151718.zarr,PHerc0500P2/segments/20250611153340-z_dbg_gen_00275/surface-volumes/2.215um-0.4m-111keV-volume-20250526151718.zarr,zarr,True,layers-zarr,"10020,16780","118,16780,10020",True,0,/volumes/esrf/20250506/2.215um_HEL_TA_0.4m_110keV_scroll-fragment_0500P2_TA_0001_masked.zarr/,True,True,5,5,not_reproduced_from_any_published_variant,2,PHerc0500P2/segments/20250611153340-z_dbg_gen_00275/mesh/intermediate/tifxyz_normalized,tifxyz_normalized,1,,,,14,0.00142842,,reproduced_at_documented_scale,5,PHerc0500P2/segments/20250611153340-z_dbg_gen_00275/mesh/20250611153340-on-20250526151718-2.215um.tifxyz,transformed,1,0.99997,1.00003,1,0,0,True,reproduced_at_documented_scale,False,True,False
PHerc0500P2/segments/20250611153340-z_dbg_gen_00275,PHerc0500P2,4.317um-1.2m-111keV-volume-20250528085330.zarr,PHerc0500P2/segments/20250611153340-z_dbg_gen_00275/surface-volumes/4.317um-1.2m-111keV-volume-20250528085330.zarr,zarr,True,layers-zarr,"5140,8620","61,8620,5140",True,0,/volumes//esrf/20250506/4.317um_HA2200_HEL_111keV_1.2m_scroll-fragment-0500P2_D_0001_masked.zarr/,True,True,5,5,reproduced_at_documented_scale,2,PHerc0500P2/segments/20250611153340-z_dbg_gen_00275/mesh/intermediate/tifxyz_normalized,tifxyz_normalized,1,0.999942,1.00006,1,0,0,,reproduced_at_documented_scale,5,PHerc0500P2/segments/20250611153340-z_dbg_gen_00275/mesh/20250611153340-on-20250528085330-4.317um.tifxyz,transformed,1,0.999942,1.00006,1,0,0,True,reproduced_at_documented_scale,True,True,False
PHerc0500P2/segments/20250611153340-z_dbg_gen_00275,PHerc0500P2,9.362um-1.2m-113keV-volume-20250820143440.zarr,PHerc0500P2/segments/20250611153340-z_dbg_gen_00275/surface-volumes/9.362um-1.2m-113keV-volume-20250820143440.zarr,zarr,True,layers-zarr,"2380,3980","28,3980,2380",True,0,/volumes/esrf/20250717/sam2long-16xdown/SCROLLS_HEL_4.681um_113keV_1.2m_binmean_2_PHerc_0500P2_HA_0001_masked.zarr/,True,True,5,5,not_reproduced_from_any_published_variant,2,PHerc0500P2/segments/20250611153340-z_dbg_gen_00275/mesh/intermediate/tifxyz_normalized,tifxyz_normalized,1,,,,6,0.00285474,,reproduced_at_documented_scale,5,PHerc0500P2/segments/20250611153340-z_dbg_gen_00275/mesh/20250611153340-on-20250820143440-9.362um.tifxyz,transformed,1,0.999874,1.00013,1,0,0,True,reproduced_at_documented_scale,False,True,False
PHerc0500P2/segments/20250611153346-z_dbg_gen_00286_inp_hr,PHerc0500P2,2.215um-0.4m-111keV-volume-20250526151718.zarr,PHerc0500P2/segments/20250611153346-z_dbg_gen_00286_inp_hr/surface-volumes/2.215um-0.4m-111keV-volume-20250526151718.zarr,zarr,True,layers-zarr,"11800,17980","118,17980,11800",True,0,/volumes/esrf/20250506/2.215um_HEL_TA_0.4m_110keV_scroll-fragment_0500P2_TA_0001_masked.zarr/,True,True,5,5,not_reproduced_from_any_published_variant,2,PHerc0500P2/segments/20250611153346-z_dbg_gen_00286_inp_hr/mesh/intermediate/tifxyz_normalized,tifxyz_normalized,1,,,,8,0.000671814,,reproduced_at_documented_scale,5,PHerc0500P2/segments/20250611153346-z_dbg_gen_00286_inp_hr/mesh/20250611153346-on-20250526151718-2.215um.tifxyz,transformed,1,0.999972,1.00003,1,0,0,True,reproduced_at_documented_scale,False,True,False
PHerc0500P2/segments/20250611153346-z_dbg_gen_00286_inp_hr,PHerc0500P2,4.317um-1.2m-111keV-volume-20250528085330.zarr,PHerc0500P2/segments/20250611153346-z_dbg_gen_00286_inp_hr/surface-volumes/4.317um-1.2m-111keV-volume-20250528085330.zarr,zarr,True,layers-zarr,"6060,9240","61,9240,6060",True,0,/volumes//esrf/20250506/4.317um_HA2200_HEL_111keV_1.2m_scroll-fragment-0500P2_D_0001_masked.zarr/,True,True,5,5,reproduced_at_documented_scale,2,PHerc0500P2/segments/20250611153346-z_dbg_gen_00286_inp_hr/mesh/intermediate/tifxyz_normalized,tifxyz_normalized,1,0.999946,1.00005,1,0,0,,reproduced_at_documented_scale,5,PHerc0500P2/segments/20250611153346-z_dbg_gen_00286_inp_hr/mesh/20250611153346-on-20250528085330-4.317um.tifxyz,transformed,1,0.999946,1.00005,1,0,0,True,reproduced_at_documented_scale,True,True,False
PHerc0500P2/segments/20250611153346-z_dbg_gen_00286_inp_hr,PHerc0500P2,9.362um-1.2m-113keV-volume-20250820143440.zarr,PHerc0500P2/segments/20250611153346-z_dbg_gen_00286_inp_hr/surface-volumes/9.362um-1.2m-113keV-volume-20250820143440.zarr,zarr,True,layers-zarr,"2800,4280","28,4280,2800",True,0,/volumes/esrf/20250717/sam2long-16xdown/SCROLLS_HEL_4.681um_113keV_1.2m_binmean_2_PHerc_0500P2_HA_0001_masked.zarr/,True,True,5,5,not_reproduced_from_any_published_variant,2,PHerc0500P2/segments/20250611153346-z_dbg_gen_00286_inp_hr/mesh/intermediate/tifxyz_normalized,tifxyz_normalized,1,,,,7,0.00250464,,reproduced_at_documented_scale,5,PHerc0500P2/segments/20250611153346-z_dbg_gen_00286_inp_hr/mesh/20250611153346-on-20250820143440-9.362um.tifxyz,transformed,1,0.999883,1.00012,1,0,0,True,reproduced_at_documented_scale,False,True,False
PHerc0500P2/segments/20250611153347-z_dbg_gen_00105_inp_hr,PHerc0500P2,2.215um-0.4m-111keV-volume-20250526151718.zarr,PHerc0500P2/segments/20250611153347-z_dbg_gen_00105_inp_hr/surface-volumes/2.215um-0.4m-111keV-volume-20250526151718.zarr,zarr,True,layers-zarr,"8660,18480","118,18480,8660",True,0,/volumes/esrf/20250506/2.215um_HEL_TA_0.4m_110keV_scroll-fragment_0500P2_TA_0001_masked.zarr/,True,True,5,5,not_reproduced_from_any_published_variant,2,PHerc0500P2/segments/20250611153347-z_dbg_gen_00105_inp_hr/mesh/intermediate/tifxyz_normalized,tifxyz_normalized,1,,,,23,0.00266663,,reproduced_at_documented_scale,5,PHerc0500P2/segments/20250611153347-z_dbg_gen_00105_inp_hr/mesh/20250611153347-on-20250526151718-2.215um.tifxyz,transformed,1,0.999973,1.00003,1,0,0,True,reproduced_at_documented_scale,False,True,False
PHerc0500P2/segments/20250611153347-z_dbg_gen_00105_inp_hr,PHerc0500P2,4.317um-1.2m-111keV-volume-20250528085330.zarr,PHerc0500P2/segments/20250611153347-z_dbg_gen_00105_inp_hr/surface-volumes/4.317um-1.2m-111keV-volume-20250528085330.zarr,zarr,True,layers-zarr,"4440,9500","61,9500,4440",True,0,/volumes//esrf/20250506/4.317um_HA2200_HEL_111keV_1.2m_scroll-fragment-0500P2_D_0001_masked.zarr/,True,True,5,5,reproduced_at_documented_scale,2,PHerc0500P2/segments/20250611153347-z_dbg_gen_00105_inp_hr/mesh/intermediate/tifxyz_normalized,tifxyz_normalized,1,0.999947,1.00005,1,0,0,,reproduced_at_documented_scale,5,PHerc0500P2/segments/20250611153347-z_dbg_gen_00105_inp_hr/mesh/20250611153347-on-20250528085330-4.317um.tifxyz,transformed,1,0.999947,1.00005,1,0,0,True,reproduced_at_documented_scale,True,True,False
PHerc0500P2/segments/20250611153347-z_dbg_gen_00105_inp_hr,PHerc0500P2,9.362um-1.2m-113keV-volume-20250820143440.zarr,PHerc0500P2/segments/20250611153347-z_dbg_gen_00105_inp_hr/surface-volumes/9.362um-1.2m-113keV-volume-20250820143440.zarr,zarr,True,layers-zarr,"2060,4380","28,4380,2060",True,0,/volumes/esrf/20250717/sam2long-16xdown/SCROLLS_HEL_4.681um_113keV_1.2m_binmean_2_PHerc_0500P2_HA_0001_masked.zarr/,True,True,5,5,not_reproduced_from_any_published_variant,2,PHerc0500P2/segments/20250611153347-z_dbg_gen_00105_inp_hr/mesh/intermediate/tifxyz_normalized,tifxyz_normalized,1,,,,13,0.00631453,,reproduced_at_documented_scale,5,PHerc0500P2/segments/20250611153347-z_dbg_gen_00105_inp_hr/mesh/20250611153347-on-20250820143440-9.362um.tifxyz,transformed,1,0.999886,1.00011,1,0,0,True,reproduced_at_documented_scale,False,True,False
PHerc0500P2/segments/20250611154256-z_dbg_gen_00354_inp_hr,PHerc0500P2,2.215um-0.4m-111keV-volume-20250526151718.zarr,PHerc0500P2/segments/20250611154256-z_dbg_gen_00354_inp_hr/surface-volumes/2.215um-0.4m-111keV-volume-20250526151718.zarr,zarr,True,layers-zarr,"15000,22540","118,22540,15000",True,0,/volumes/esrf/20250506/2.215um_HEL_TA_0.4m_110keV_scroll-fragment_0500P2_TA_0001_masked.zarr/,True,True,5,5,not_reproduced_from_any_published_variant,2,PHerc0500P2/segments/20250611154256-z_dbg_gen_00354_inp_hr/mesh/intermediate/tifxyz_normalized,tifxyz_normalized,1,,,,12,0.00081817,,reproduced_at_documented_scale,5,PHerc0500P2/segments/20250611154256-z_dbg_gen_00354_inp_hr/mesh/20250611154256-on-20250526151718-2.215um.tifxyz,transformed,1,0.999978,1.00002,1,0,0,True,reproduced_at_documented_scale,False,True,False
PHerc0500P2/segments/20250611154256-z_dbg_gen_00354_inp_hr,PHerc0500P2,4.317um-1.2m-111keV-volume-20250528085330.zarr,PHerc0500P2/segments/20250611154256-z_dbg_gen_00354_inp_hr/surface-volumes/4.317um-1.2m-111keV-volume-20250528085330.zarr,zarr,True,layers-zarr,"7700,11580","61,11580,7700",True,0,/volumes//esrf/20250506/4.317um_HA2200_HEL_111keV_1.2m_scroll-fragment-0500P2_D_0001_masked.zarr/,True,True,5,5,reproduced_at_documented_scale,2,PHerc0500P2/segments/20250611154256-z_dbg_gen_00354_inp_hr/mesh/intermediate/tifxyz_normalized,tifxyz_normalized,1,0.999957,1.00004,1,0,0,,reproduced_at_documented_scale,5,PHerc0500P2/segments/20250611154256-z_dbg_gen_00354_inp_hr/mesh/20250611154256-on-20250528085330-4.317um.tifxyz,transformed,1,0.999957,1.00004,1,0,0,True,reproduced_at_documented_scale,True,True,False
PHerc0500P2/segments/20250611154256-z_dbg_gen_00354_inp_hr,PHerc0500P2,9.362um-1.2m-113keV-volume-20250820143440.zarr,PHerc0500P2/segments/20250611154256-z_dbg_gen_00354_inp_hr/surface-volumes/9.362um-1.2m-113keV-volume-20250820143440.zarr,zarr,True,layers-zarr,"3560,5360","28,5360,3560",True,0,/volumes/esrf/20250717/sam2long-16xdown/SCROLLS_HEL_4.681um_113keV_1.2m_binmean_2_PHerc_0500P2_HA_0001_masked.zarr/,True,True,5,5,not_reproduced_from_any_published_variant,2,PHerc0500P2/segments/20250611154256-z_dbg_gen_00354_inp_hr/mesh/intermediate/tifxyz_normalized,tifxyz_normalized,1,,,,4,0.00114494,,reproduced_at_documented_scale,5,PHerc0500P2/segments/20250611154256-z_dbg_gen_00354_inp_hr/mesh/20250611154256-on-20250820143440-9.362um.tifxyz,transformed,1,0.999907,1.00009,1,0,0,True,reproduced_at_documented_scale,False,True,False
PHerc0500P2/segments/20250611161023-z_dbg_gen_00205_inp_hr,PHerc0500P2,2.215um-0.4m-111keV-volume-20250526151718.zarr,PHerc0500P2/segments/20250611161023-z_dbg_gen_00205_inp_hr/surface-volumes/2.215um-0.4m-111keV-volume-20250526151718.zarr,zarr,True,layers-zarr,"6400,21800","118,21800,6400",True,0,/volumes/esrf/20250506/2.215um_HEL_TA_0.4m_110keV_scroll-fragment_0500P2_TA_0001_masked.zarr/,True,True,5,5,not_reproduced_from_any_published_variant,2,PHerc0500P2/segments/20250611161023-z_dbg_gen_00205_inp_hr/mesh/intermediate/tifxyz_normalized,tifxyz_normalized,1,,,,16,0.0024614,,reproduced_at_documented_scale,5,PHerc0500P2/segments/20250611161023-z_dbg_gen_00205_inp_hr/mesh/20250611161023-on-20250526151718-2.215um.tifxyz,transformed,1,0.999977,1.00002,1,0,0,True,reproduced_at_documented_scale,False,True,False
PHerc0500P2/segments/20250611161023-z_dbg_gen_00205_inp_hr,PHerc0500P2,4.317um-1.2m-111keV-volume-20250528085330.zarr,PHerc0500P2/segments/20250611161023-z_dbg_gen_00205_inp_hr/surface-volumes/4.317um-1.2m-111keV-volume-20250528085330.zarr,zarr,True,layers-zarr,"3280,11200","61,11200,3280",True,0,/volumes//esrf/20250506/4.317um_HA2200_HEL_111keV_1.2m_scroll-fragment-0500P2_D_0001_masked.zarr/,True,True,5,5,reproduced_at_documented_scale,2,PHerc0500P2/segments/20250611161023-z_dbg_gen_00205_inp_hr/mesh/intermediate/tifxyz_normalized,tifxyz_normalized,1,0.999955,1.00004,1,0,0,,reproduced_at_documented_scale,5,PHerc0500P2/segments/20250611161023-z_dbg_gen_00205_inp_hr/mesh/20250611161023-on-20250528085330-4.317um.tifxyz,transformed,1,0.999955,1.00004,1,0,0,True,reproduced_at_documented_scale,True,True,False
PHerc0500P2/segments/20250611161023-z_dbg_gen_00205_inp_hr,PHerc0500P2,9.362um-1.2m-113keV-volume-20250820143440.zarr,PHerc0500P2/segments/20250611161023-z_dbg_gen_00205_inp_hr/surface-volumes/9.362um-1.2m-113keV-volume-20250820143440.zarr,zarr,True,layers-zarr,"1520,5180","28,5180,1520",True,0,/volumes/esrf/20250717/sam2long-16xdown/SCROLLS_HEL_4.681um_113keV_1.2m_binmean_2_PHerc_0500P2_HA_0001_masked.zarr/,True,True,5,5,not_reproduced_from_any_published_variant,2,PHerc0500P2/segments/20250611161023-z_dbg_gen_00205_inp_hr/mesh/intermediate/tifxyz_normalized,tifxyz_normalized,1,,,,3,0.00197759,,reproduced_at_documented_scale,5,PHerc0500P2/segments/20250611161023-z_dbg_gen_00205_inp_hr/mesh/20250611161023-on-20250820143440-9.362um.tifxyz,transformed,1,0.999903,1.0001,1,0,0,True,reproduced_at_documented_scale,False,True,False
PHerc0500P2/segments/20250611161415-z_dbg_gen_00411_inp_hr,PHerc0500P2,2.215um-0.4m-111keV-volume-20250526151718.zarr,PHerc0500P2/segments/20250611161415-z_dbg_gen_00411_inp_hr/surface-volumes/2.215um-0.4m-111keV-volume-20250526151718.zarr,zarr,True,layers-zarr,"12440,20100","118,20100,12440",True,0,/volumes/esrf/20250506/2.215um_HEL_TA_0.4m_110keV_scroll-fragment_0500P2_TA_0001_masked.zarr/,True,True,5,5,not_reproduced_from_any_published_variant,2,PHerc0500P2/segments/20250611161415-z_dbg_gen_00411_inp_hr/mesh/intermediate/tifxyz_normalized,tifxyz_normalized,1,,,,14,0.00111355,,reproduced_at_documented_scale,5,PHerc0500P2/segments/20250611161415-z_dbg_gen_00411_inp_hr/mesh/20250611161415-on-20250526151718-2.215um.tifxyz,transformed,1,0.999975,1.00002,1,0,0,True,reproduced_at_documented_scale,False,True,False
PHerc0500P2/segments/20250611161415-z_dbg_gen_00411_inp_hr,PHerc0500P2,4.317um-1.2m-111keV-volume-20250528085330.zarr,PHerc0500P2/segments/20250611161415-z_dbg_gen_00411_inp_hr/surface-volumes/4.317um-1.2m-111keV-volume-20250528085330.zarr,zarr,True,layers-zarr,"6380,10320","61,10320,6380",True,0,/volumes//esrf/20250506/4.317um_HA2200_HEL_111keV_1.2m_scroll-fragment-0500P2_D_0001_masked.zarr/,True,True,5,5,reproduced_at_documented_scale,2,PHerc0500P2/segments/20250611161415-z_dbg_gen_00411_inp_hr/mesh/intermediate/tifxyz_normalized,tifxyz_normalized,1,0.999952,1.00005,1,0,0,,reproduced_at_documented_scale,5,PHerc0500P2/segments/20250611161415-z_dbg_gen_00411_inp_hr/mesh/20250611161415-on-20250528085330-4.317um.tifxyz,transformed,1,0.999952,1.00005,1,0,0,True,reproduced_at_documented_scale,True,True,False
PHerc0500P2/segments/20250611161415-z_dbg_gen_00411_inp_hr,PHerc0500P2,9.362um-1.2m-113keV-volume-20250820143440.zarr,PHerc0500P2/segments/20250611161415-z_dbg_gen_00411_inp_hr/surface-volumes/9.362um-1.2m-113keV-volume-20250820143440.zarr,zarr,True,layers-zarr,"2960,4780","28,4780,2960",True,0,/volumes/esrf/20250717/sam2long-16xdown/SCROLLS_HEL_4.681um_113keV_1.2m_binmean_2_PHerc_0500P2_HA_0001_masked.zarr/,True,True,5,5,not_reproduced_from_any_published_variant,2,PHerc0500P2/segments/20250611161415-z_dbg_gen_00411_inp_hr/mesh/intermediate/tifxyz_normalized,tifxyz_normalized,1,,,,5,0.00166577,,reproduced_at_documented_scale,5,PHerc0500P2/segments/20250611161415-z_dbg_gen_00411_inp_hr/mesh/20250611161415-on-20250820143440-9.362um.tifxyz,transformed,1,0.999895,1.0001,1,0,0,True,reproduced_at_documented_scale,False,True,False
PHerc0500P2/segments/20250611170257-z_dbg_gen_00308_inp_hr,PHerc0500P2,2.215um-0.4m-111keV-volume-20250526151718.zarr,PHerc0500P2/segments/20250611170257-z_dbg_gen_00308_inp_hr/surface-volumes/2.215um-0.4m-111keV-volume-20250526151718.zarr,zarr,True,layers-zarr,"25800,34720","118,34720,25800",True,0,/volumes/esrf/20250506/2.215um_HEL_TA_0.4m_110keV_scroll-fragment_0500P2_TA_0001_masked.zarr/,True,True,5,5,not_reproduced_from_any_published_variant,2,PHerc0500P2/segments/20250611170257-z_dbg_gen_00308_inp_hr/mesh/intermediate/tifxyz_normalized,tifxyz_normalized,1,,,,32,0.00125997,,reproduced_at_documented_scale,5,PHerc0500P2/segments/20250611170257-z_dbg_gen_00308_inp_hr/mesh/20250611170257-on-20250526151718-2.215um.tifxyz,transformed,1,0.999986,1.00001,1,0,0,True,reproduced_at_documented_scale,False,True,False
PHerc0500P2/segments/20250611170257-z_dbg_gen_00308_inp_hr,PHerc0500P2,4.317um-1.2m-111keV-volume-20250528085330.zarr,PHerc0500P2/segments/20250611170257-z_dbg_gen_00308_inp_hr/surface-volumes/4.317um-1.2m-111keV-volume-20250528085330.zarr,zarr,True,layers-zarr,"13240,17840","61,17840,13240",True,0,/volumes//esrf/20250506/4.317um_HA2200_HEL_111keV_1.2m_scroll-fragment-0500P2_D_0001_masked.zarr/,True,True,5,5,reproduced_at_documented_scale,2,PHerc0500P2/segments/20250611170257-z_dbg_gen_00308_inp_hr/mesh/intermediate/tifxyz_normalized,tifxyz_normalized,1,0.999972,1.00003,1,0,0,,reproduced_at_documented_scale,5,PHerc0500P2/segments/20250611170257-z_dbg_gen_00308_inp_hr/mesh/20250611170257-on-20250528085330-4.317um.tifxyz,transformed,1,0.999972,1.00003,1,0,0,True,reproduced_at_documented_scale,True,True,False
PHerc0500P2/segments/20250611170257-z_dbg_gen_00308_inp_hr,PHerc0500P2,9.362um-1.2m-113keV-volume-20250820143440.zarr,PHerc0500P2/segments/20250611170257-z_dbg_gen_00308_inp_hr/surface-volumes/9.362um-1.2m-113keV-volume-20250820143440.zarr,zarr,True,layers-zarr,"6120,8240","28,8240,6120",True,0,/volumes/esrf/20250717/sam2long-16xdown/SCROLLS_HEL_4.681um_113keV_1.2m_binmean_2_PHerc_0500P2_HA_0001_masked.zarr/,True,True,5,5,not_reproduced_from_any_published_variant,2,PHerc0500P2/segments/20250611170257-z_dbg_gen_00308_inp_hr/mesh/intermediate/tifxyz_normalized,tifxyz_normalized,1,,,,4,0.00076262,,reproduced_at_documented_scale,5,PHerc0500P2/segments/20250611170257-z_dbg_gen_00308_inp_hr/mesh/20250611170257-on-20250820143440-9.362um.tifxyz,transformed,1,0.999939,1.00006,1,0,0,True,reproduced_at_documented_scale,False,True,False
PHerc0500P2/segments/20250611171318-z_dbg_gen_00440_inp_hr,PHerc0500P2,2.215um-0.4m-111keV-volume-20250526151718.zarr,PHerc0500P2/segments/20250611171318-z_dbg_gen_00440_inp_hr/surface-volumes/2.215um-0.4m-111keV-volume-20250526151718.zarr,zarr,True,layers-zarr,"11340,14100","118,14100,11340",True,0,/volumes/esrf/20250506/2.215um_HEL_TA_0.4m_110keV_scroll-fragment_0500P2_TA_0001_masked.zarr/,True,True,5,5,not_reproduced_from_any_published_variant,2,PHerc0500P2/segments/20250611171318-z_dbg_gen_00440_inp_hr/mesh/intermediate/tifxyz_normalized,tifxyz_normalized,1,,,,5,0.000482562,,reproduced_at_documented_scale,5,PHerc0500P2/segments/20250611171318-z_dbg_gen_00440_inp_hr/mesh/20250611171318-on-20250526151718-2.215um.tifxyz,transformed,1,0.999965,1.00004,1,0,0,True,reproduced_at_documented_scale,False,True,False
PHerc0500P2/segments/20250611171318-z_dbg_gen_00440_inp_hr,PHerc0500P2,4.317um-1.2m-111keV-volume-20250528085330.zarr,PHerc0500P2/segments/20250611171318-z_dbg_gen_00440_inp_hr/surface-volumes/4.317um-1.2m-111keV-volume-20250528085330.zarr,zarr,True,layers-zarr,"5820,7240","61,7240,5820",True,0,/volumes//esrf/20250506/4.317um_HA2200_HEL_111keV_1.2m_scroll-fragment-0500P2_D_0001_masked.zarr/,True,True,5,5,reproduced_at_documented_scale,2,PHerc0500P2/segments/20250611171318-z_dbg_gen_00440_inp_hr/mesh/intermediate/tifxyz_normalized,tifxyz_normalized,1,0.999931,1.00007,1,0,0,,reproduced_at_documented_scale,5,PHerc0500P2/segments/20250611171318-z_dbg_gen_00440_inp_hr/mesh/20250611171318-on-20250528085330-4.317um.tifxyz,transformed,1,0.999931,1.00007,1,0,0,True,reproduced_at_documented_scale,True,True,False
PHerc0500P2/segments/20250611171318-z_dbg_gen_00440_inp_hr,PHerc0500P2,9.362um-1.2m-113keV-volume-20250820143440.zarr,PHerc0500P2/segments/20250611171318-z_dbg_gen_00440_inp_hr/surface-volumes/9.362um-1.2m-113keV-volume-20250820143440.zarr,zarr,True,layers-zarr,"2700,3340","28,3340,2700",True,0,/volumes/esrf/20250717/sam2long-16xdown/SCROLLS_HEL_4.681um_113keV_1.2m_binmean_2_PHerc_0500P2_HA_0001_masked.zarr/,True,True,5,5,not_reproduced_from_any_published_variant,2,PHerc0500P2/segments/20250611171318-z_dbg_gen_00440_inp_hr/mesh/intermediate/tifxyz_normalized,tifxyz_normalized,1,,,,15,0.00561763,,reproduced_at_documented_scale,5,PHerc0500P2/segments/20250611171318-z_dbg_gen_00440_inp_hr/mesh/20250611171318-on-20250820143440-9.362um.tifxyz,transformed,1,0.99985,1.00015,1,0,0,True,reproduced_at_documented_scale,False,True,False
PHerc0500P2/segments/20250611171745-z_dbg_gen_00225_inp_hr,PHerc0500P2,2.215um-0.4m-111keV-volume-20250526151718.zarr,PHerc0500P2/segments/20250611171745-z_dbg_gen_00225_inp_hr/surface-volumes/2.215um-0.4m-111keV-volume-20250526151718.zarr,zarr,True,layers-zarr,"8260,19740","118,19740,8260",True,0,/volumes/esrf/20250506/2.215um_HEL_TA_0.4m_110keV_scroll-fragment_0500P2_TA_0001_masked.zarr/,True,True,5,5,not_reproduced_from_any_published_variant,2,PHerc0500P2/segments/20250611171745-z_dbg_gen_00225_inp_hr/mesh/intermediate/tifxyz_normalized,tifxyz_normalized,1,,,,6,0.000702529,,reproduced_at_documented_scale,5,PHerc0500P2/segments/20250611171745-z_dbg_gen_00225_inp_hr/mesh/20250611171745-on-20250526151718-2.215um.tifxyz,transformed,1,0.999975,1.00003,1,0,0,True,reproduced_at_documented_scale,False,True,False
PHerc0500P2/segments/20250611171745-z_dbg_gen_00225_inp_hr,PHerc0500P2,4.317um-1.2m-111keV-volume-20250528085330.zarr,PHerc0500P2/segments/20250611171745-z_dbg_gen_00225_inp_hr/surface-volumes/4.317um-1.2m-111keV-volume-20250528085330.zarr,zarr,True,layers-zarr,"4240,10140","61,10140,4240",True,0,/volumes//esrf/20250506/4.317um_HA2200_HEL_111keV_1.2m_scroll-fragment-0500P2_D_0001_masked.zarr/,True,True,5,5,reproduced_at_documented_scale,2,PHerc0500P2/segments/20250611171745-z_dbg_gen_00225_inp_hr/mesh/intermediate/tifxyz_normalized,tifxyz_normalized,1,0.999951,1.00005,1,0,0,,reproduced_at_documented_scale,5,PHerc0500P2/segments/20250611171745-z_dbg_gen_00225_inp_hr/mesh/20250611171745-on-20250528085330-4.317um.tifxyz,transformed,1,0.999951,1.00005,1,0,0,True,reproduced_at_documented_scale,True,True,False
PHerc0500P2/segments/20250611171745-z_dbg_gen_00225_inp_hr,PHerc0500P2,9.362um-1.2m-113keV-volume-20250820143440.zarr,PHerc0500P2/segments/20250611171745-z_dbg_gen_00225_inp_hr/surface-volumes/9.362um-1.2m-113keV-volume-20250820143440.zarr,zarr,True,layers-zarr,"1960,4680","28,4680,1960",True,0,/volumes/esrf/20250717/sam2long-16xdown/SCROLLS_HEL_4.681um_113keV_1.2m_binmean_2_PHerc_0500P2_HA_0001_masked.zarr/,True,True,5,5,not_reproduced_from_any_published_variant,2,PHerc0500P2/segments/20250611171745-z_dbg_gen_00225_inp_hr/mesh/intermediate/tifxyz_normalized,tifxyz_normalized,1,,,,3,0.00157233,,reproduced_at_documented_scale,5,PHerc0500P2/segments/20250611171745-z_dbg_gen_00225_inp_hr/mesh/20250611171745-on-20250820143440-9.362um.tifxyz,transformed,1,0.999893,1.00011,1,0,0,True,reproduced_at_documented_scale,False,True,False
PHerc0500P2/segments/20250611172135-z_dbg_gen_00346_inp_hr,PHerc0500P2,2.215um-0.4m-111keV-volume-20250526151718.zarr,PHerc0500P2/segments/20250611172135-z_dbg_gen_00346_inp_hr/surface-volumes/2.215um-0.4m-111keV-volume-20250526151718.zarr,zarr,True,layers-zarr,"12820,21640","118,21640,12820",True,0,/volumes/esrf/20250506/2.215um_HEL_TA_0.4m_110keV_scroll-fragment_0500P2_TA_0001_masked.zarr/,True,True,5,5,not_reproduced_from_any_published_variant,2,PHerc0500P2/segments/20250611172135-z_dbg_gen_00346_inp_hr/mesh/intermediate/tifxyz_normalized,tifxyz_normalized,1,,,,15,0.00117423,,reproduced_at_documented_scale,5,PHerc0500P2/segments/20250611172135-z_dbg_gen_00346_inp_hr/mesh/20250611172135-on-20250526151718-2.215um.tifxyz,transformed,1,0.999977,1.00002,1,0,0,True,reproduced_at_documented_scale,False,True,False
PHerc0500P2/segments/20250611172135-z_dbg_gen_00346_inp_hr,PHerc0500P2,4.317um-1.2m-111keV-volume-20250528085330.zarr,PHerc0500P2/segments/20250611172135-z_dbg_gen_00346_inp_hr/surface-volumes/4.317um-1.2m-111keV-volume-20250528085330.zarr,zarr,True,layers-zarr,"6580,11120","61,11120,6580",True,0,/volumes//esrf/20250506/4.317um_HA2200_HEL_111keV_1.2m_scroll-fragment-0500P2_D_0001_masked.zarr/,True,True,5,5,reproduced_at_documented_scale,2,PHerc0500P2/segments/20250611172135-z_dbg_gen_00346_inp_hr/mesh/intermediate/tifxyz_normalized,tifxyz_normalized,1,0.999955,1.00004,1,0,0,,reproduced_at_documented_scale,5,PHerc0500P2/segments/20250611172135-z_dbg_gen_00346_inp_hr/mesh/20250611172135-on-20250528085330-4.317um.tifxyz,transformed,1,0.999955,1.00004,1,0,0,True,reproduced_at_documented_scale,True,True,False
PHerc0500P2/segments/20250611172135-z_dbg_gen_00346_inp_hr,PHerc0500P2,9.362um-1.2m-113keV-volume-20250820143440.zarr,PHerc0500P2/segments/20250611172135-z_dbg_gen_00346_inp_hr/surface-volumes/9.362um-1.2m-113keV-volume-20250820143440.zarr,zarr,True,layers-zarr,"3040,5140","28,5140,3040",True,0,/volumes/esrf/20250717/sam2long-16xdown/SCROLLS_HEL_4.681um_113keV_1.2m_binmean_2_PHerc_0500P2_HA_0001_masked.zarr/,True,True,5,5,not_reproduced_from_any_published_variant,2,PHerc0500P2/segments/20250611172135-z_dbg_gen_00346_inp_hr/mesh/intermediate/tifxyz_normalized,tifxyz_normalized,1,,,,1,0.000485138,,reproduced_at_documented_scale,5,PHerc0500P2/segments/20250611172135-z_dbg_gen_00346_inp_hr/mesh/20250611172135-on-20250820143440-9.362um.tifxyz,transformed,1,0.999903,1.0001,1,0,0,True,reproduced_at_documented_scale,False,True,False
PHerc0500P2/segments/20250611173014-z_dbg_gen_00506_inp_hr,PHerc0500P2,2.215um-0.4m-111keV-volume-20250526151718.zarr,PHerc0500P2/segments/20250611173014-z_dbg_gen_00506_inp_hr/surface-volumes/2.215um-0.4m-111keV-volume-20250526151718.zarr,zarr,True,layers-zarr,"18900,24060","118,24060,18900",True,0,/volumes/esrf/20250506/2.215um_HEL_TA_0.4m_110keV_scroll-fragment_0500P2_TA_0001_masked.zarr/,True,True,5,5,not_reproduced_from_any_published_variant,2,PHerc0500P2/segments/20250611173014-z_dbg_gen_00506_inp_hr/mesh/intermediate/tifxyz_normalized,tifxyz_normalized,1,,,,18,0.00095123,,reproduced_at_documented_scale,5,PHerc0500P2/segments/20250611173014-z_dbg_gen_00506_inp_hr/mesh/20250611173014-on-20250526151718-2.215um.tifxyz,transformed,1,0.999979,1.00002,1,0,0,True,reproduced_at_documented_scale,False,True,False
PHerc0500P2/segments/20250611173014-z_dbg_gen_00506_inp_hr,PHerc0500P2,4.317um-1.2m-111keV-volume-20250528085330.zarr,PHerc0500P2/segments/20250611173014-z_dbg_gen_00506_inp_hr/surface-volumes/4.317um-1.2m-111keV-volume-20250528085330.zarr,zarr,True,layers-zarr,"9700,12360","61,12360,9700",True,0,/volumes//esrf/20250506/4.317um_HA2200_HEL_111keV_1.2m_scroll-fragment-0500P2_D_0001_masked.zarr/,True,True,5,5,reproduced_at_documented_scale,2,PHerc0500P2/segments/20250611173014-z_dbg_gen_00506_inp_hr/mesh/intermediate/tifxyz_normalized,tifxyz_normalized,1,0.99996,1.00004,1,0,0,,reproduced_at_documented_scale,5,PHerc0500P2/segments/20250611173014-z_dbg_gen_00506_inp_hr/mesh/20250611173014-on-20250528085330-4.317um.tifxyz,transformed,1,0.99996,1.00004,1,0,0,True,reproduced_at_documented_scale,True,True,False
PHerc0500P2/segments/20250611173014-z_dbg_gen_00506_inp_hr,PHerc0500P2,9.362um-1.2m-113keV-volume-20250820143440.zarr,PHerc0500P2/segments/20250611173014-z_dbg_gen_00506_inp_hr/surface-volumes/9.362um-1.2m-113keV-volume-20250820143440.zarr,zarr,True,layers-zarr,"4500,5720","28,5720,4500",True,0,/volumes/esrf/20250717/sam2long-16xdown/SCROLLS_HEL_4.681um_113keV_1.2m_binmean_2_PHerc_0500P2_HA_0001_masked.zarr/,True,True,5,5,not_reproduced_from_any_published_variant,2,PHerc0500P2/segments/20250611173014-z_dbg_gen_00506_inp_hr/mesh/intermediate/tifxyz_normalized,tifxyz_normalized,1,,,,11,0.00245116,,reproduced_at_documented_scale,5,PHerc0500P2/segments/20250611173014-z_dbg_gen_00506_inp_hr/mesh/20250611173014-on-20250820143440-9.362um.tifxyz,transformed,1,0.999913,1.00009,1,0,0,True,reproduced_at_documented_scale,False,True,False
PHerc0500P2/segments/20250628074500-500P2_front,PHerc0500P2,2.215um-0.4m-111keV-volume-20250526151718.zarr,PHerc0500P2/segments/20250628074500-500P2_front/surface-volumes/2.215um-0.4m-111keV-volume-20250526151718.zarr,zarr,True,layers-zarr,"15060,26440","118,26440,15060",True,0,/volumes/esrf/20250506/2.215um_HEL_TA_0.4m_110keV_scroll-fragment_0500P2_TA_0001_masked.zarr/,True,True,5,5,not_reproduced_from_any_published_variant,2,PHerc0500P2/segments/20250628074500-500P2_front/mesh/intermediate/tifxyz_original,tifxyz_original,1,,,,9,0.000639563,,reproduced_at_documented_scale,5,PHerc0500P2/segments/20250628074500-500P2_front/mesh/20250628074500-on-20250526151718-2.215um.tifxyz,transformed,1,0.999981,1.00002,1,0,0,True,reproduced_at_documented_scale,False,True,False
PHerc0500P2/segments/20250628074500-500P2_front,PHerc0500P2,4.317um-1.2m-111keV-volume-20250528085330.zarr,PHerc0500P2/segments/20250628074500-500P2_front/surface-volumes/4.317um-1.2m-111keV-volume-20250528085330.zarr,zarr,True,layers-zarr,"7720,13580","61,13580,7720",True,0,/volumes//esrf/20250506/4.317um_HA2200_HEL_111keV_1.2m_scroll-fragment-0500P2_D_0001_masked.zarr/,True,True,5,5,reproduced_at_documented_scale,2,PHerc0500P2/segments/20250628074500-500P2_front/mesh/intermediate/tifxyz_normalized,tifxyz_normalized,1,0.999963,1.00004,1,0,0,,reproduced_at_documented_scale,5,PHerc0500P2/segments/20250628074500-500P2_front/mesh/20250628074500-on-20250528085330-4.317um.tifxyz,transformed,1,0.999963,1.00004,1,0,0,True,reproduced_at_documented_scale,True,True,False
PHerc0500P2/segments/20250628074500-500P2_front,PHerc0500P2,9.362um-1.2m-113keV-volume-20250820143440.zarr,PHerc0500P2/segments/20250628074500-500P2_front/surface-volumes/9.362um-1.2m-113keV-volume-20250820143440.zarr,zarr,True,layers-zarr,"3580,6280","28,6280,3580",True,0,/volumes/esrf/20250717/sam2long-16xdown/SCROLLS_HEL_4.681um_113keV_1.2m_binmean_2_PHerc_0500P2_HA_0001_masked.zarr/,True,True,5,5,reproduced_at_another_scale,2,PHerc0500P2/segments/20250628074500-500P2_front/mesh/intermediate/tifxyz_original,tifxyz_original,1,0.462468,0.462482,,0,0.000189272,,reproduced_at_documented_scale,5,PHerc0500P2/segments/20250628074500-500P2_front/mesh/20250628074500-on-20250820143440-9.362um.tifxyz,transformed,1,0.99992,1.00008,1,0,0,True,reproduced_at_documented_scale,False,True,False
PHerc0500P2/segments/20250716055227-z_dbg_gen_00260_inp_hr,PHerc0500P2,2.215um-0.4m-111keV-volume-20250526151718.zarr,PHerc0500P2/segments/20250716055227-z_dbg_gen_00260_inp_hr/surface-volumes/2.215um-0.4m-111keV-volume-20250526151718.zarr,zarr,True,layers-zarr,"7440,11180","118,11180,7440",True,0,/volumes/esrf/20250506/2.215um_HEL_TA_0.4m_110keV_scroll-fragment_0500P2_TA_0001_masked.zarr/,True,True,5,5,reproduced_at_another_scale,2,PHerc0500P2/segments/20250716055227-z_dbg_gen_00260_inp_hr/mesh/intermediate/tifxyz_normalized,tifxyz_normalized,1,1.94765,1.94777,,0,4.68323e-05,,reproduced_at_documented_scale,5,PHerc0500P2/segments/20250716055227-z_dbg_gen_00260_inp_hr/mesh/20250716055227-on-20250526151718-2.215um.tifxyz,transformed,1,0.999955,1.00004,1,0,0,True,reproduced_at_documented_scale,False,True,False
PHerc0500P2/segments/20250716055227-z_dbg_gen_00260_inp_hr,PHerc0500P2,4.317um-1.2m-111keV-volume-20250528085330.zarr,PHerc0500P2/segments/20250716055227-z_dbg_gen_00260_inp_hr/surface-volumes/4.317um-1.2m-111keV-volume-20250528085330.zarr,zarr,True,layers-zarr,"3820,5740","61,5740,3820",True,0,/volumes//esrf/20250506/4.317um_HA2200_HEL_111keV_1.2m_scroll-fragment-0500P2_D_0001_masked.zarr/,True,True,5,5,reproduced_at_documented_scale,2,PHerc0500P2/segments/20250716055227-z_dbg_gen_00260_inp_hr/mesh/intermediate/tifxyz_normalized,tifxyz_normalized,1,0.999913,1.00009,1,0,0,,reproduced_at_documented_scale,5,PHerc0500P2/segments/20250716055227-z_dbg_gen_00260_inp_hr/mesh/20250716055227-on-20250528085330-4.317um.tifxyz,transformed,1,0.999913,1.00009,1,0,0,True,reproduced_at_documented_scale,True,True,False
PHerc0500P2/segments/20250716055227-z_dbg_gen_00260_inp_hr,PHerc0500P2,9.362um-1.2m-113keV-volume-20250820143440.zarr,PHerc0500P2/segments/20250716055227-z_dbg_gen_00260_inp_hr/surface-volumes/9.362um-1.2m-113keV-volume-20250820143440.zarr,zarr,True,layers-zarr,"1760,2660","28,2660,1760",True,0,/volumes/esrf/20250717/sam2long-16xdown/SCROLLS_HEL_4.681um_113keV_1.2m_binmean_2_PHerc_0500P2_HA_0001_masked.zarr/,True,True,5,5,not_reproduced_from_any_published_variant,2,PHerc0500P2/segments/20250716055227-z_dbg_gen_00260_inp_hr/mesh/intermediate/tifxyz_normalized,tifxyz_normalized,1,,,,10,0.0058204,,reproduced_at_documented_scale,5,PHerc0500P2/segments/20250716055227-z_dbg_gen_00260_inp_hr/mesh/20250716055227-on-20250820143440-9.362um.tifxyz,transformed,1,0.999812,1.00019,1,0,0,True,reproduced_at_documented_scale,False,True,False
PHerc0500P2/segments/20250716055228-z_dbg_gen_00333_inp_hr,PHerc0500P2,2.215um-0.4m-111keV-volume-20250526151718.zarr,PHerc0500P2/segments/20250716055228-z_dbg_gen_00333_inp_hr/surface-volumes/2.215um-0.4m-111keV-volume-20250526151718.zarr,zarr,True,layers-zarr,"9320,11600","118,11600,9320",True,0,/volumes/esrf/20250506/2.215um_HEL_TA_0.4m_110keV_scroll-fragment_0500P2_TA_0001_masked.zarr/,True,True,5,5,not_reproduced_from_any_published_variant,2,PHerc0500P2/segments/20250716055228-z_dbg_gen_00333_inp_hr/mesh/intermediate/tifxyz_normalized,tifxyz_normalized,1,,,,16,0.00178906,,reproduced_at_documented_scale,5,PHerc0500P2/segments/20250716055228-z_dbg_gen_00333_inp_hr/mesh/20250716055228-on-20250526151718-2.215um.tifxyz,transformed,1,0.999957,1.00004,1,0,0,True,reproduced_at_documented_scale,False,True,False
PHerc0500P2/segments/20250716055228-z_dbg_gen_00333_inp_hr,PHerc0500P2,4.317um-1.2m-111keV-volume-20250528085330.zarr,PHerc0500P2/segments/20250716055228-z_dbg_gen_00333_inp_hr/surface-volumes/4.317um-1.2m-111keV-volume-20250528085330.zarr,zarr,True,layers-zarr,"4780,5960","61,5960,4780",True,0,/volumes//esrf/20250506/4.317um_HA2200_HEL_111keV_1.2m_scroll-fragment-0500P2_D_0001_masked.zarr/,True,True,5,5,reproduced_at_documented_scale,2,PHerc0500P2/segments/20250716055228-z_dbg_gen_00333_inp_hr/mesh/intermediate/tifxyz_normalized,tifxyz_normalized,1,0.999916,1.00008,1,0,0,,reproduced_at_documented_scale,5,PHerc0500P2/segments/20250716055228-z_dbg_gen_00333_inp_hr/mesh/20250716055228-on-20250528085330-4.317um.tifxyz,transformed,1,0.999916,1.00008,1,0,0,True,reproduced_at_documented_scale,True,True,False
PHerc0500P2/segments/20250716055228-z_dbg_gen_00333_inp_hr,PHerc0500P2,9.362um-1.2m-113keV-volume-20250820143440.zarr,PHerc0500P2/segments/20250716055228-z_dbg_gen_00333_inp_hr/surface-volumes/9.362um-1.2m-113keV-volume-20250820143440.zarr,zarr,True,layers-zarr,"2220,2760","28,2760,2220",True,0,/volumes/esrf/20250717/sam2long-16xdown/SCROLLS_HEL_4.681um_113keV_1.2m_binmean_2_PHerc_0500P2_HA_0001_masked.zarr/,True,True,5,5,not_reproduced_from_any_published_variant,2,PHerc0500P2/segments/20250716055228-z_dbg_gen_00333_inp_hr/mesh/intermediate/tifxyz_normalized,tifxyz_normalized,1,,,,6,0.00291068,,reproduced_at_documented_scale,5,PHerc0500P2/segments/20250716055228-z_dbg_gen_00333_inp_hr/mesh/20250716055228-on-20250820143440-9.362um.tifxyz,transformed,1,0.999819,1.00018,1,0,0,True,reproduced_at_documented_scale,False,True,False
PHerc0500P2/segments/20250716055229-z_dbg_gen_00371_inp_hr,PHerc0500P2,2.215um-0.4m-111keV-volume-20250526151718.zarr,PHerc0500P2/segments/20250716055229-z_dbg_gen_00371_inp_hr/surface-volumes/2.215um-0.4m-111keV-volume-20250526151718.zarr,zarr,True,layers-zarr,"7880,21560","118,21560,7880",True,0,/volumes/esrf/20250506/2.215um_HEL_TA_0.4m_110keV_scroll-fragment_0500P2_TA_0001_masked.zarr/,True,True,5,5,not_reproduced_from_any_published_variant,2,PHerc0500P2/segments/20250716055229-z_dbg_gen_00371_inp_hr/mesh/intermediate/tifxyz_normalized,tifxyz_normalized,1,,,,19,0.00238799,,reproduced_at_documented_scale,5,PHerc0500P2/segments/20250716055229-z_dbg_gen_00371_inp_hr/mesh/20250716055229-on-20250526151718-2.215um.tifxyz,transformed,1,0.999977,1.00002,1,0,0,True,reproduced_at_documented_scale,False,True,False
PHerc0500P2/segments/20250716055229-z_dbg_gen_00371_inp_hr,PHerc0500P2,4.317um-1.2m-111keV-volume-20250528085330.zarr,PHerc0500P2/segments/20250716055229-z_dbg_gen_00371_inp_hr/surface-volumes/4.317um-1.2m-111keV-volume-20250528085330.zarr,zarr,True,layers-zarr,"4040,11080","61,11080,4040",True,0,/volumes//esrf/20250506/4.317um_HA2200_HEL_111keV_1.2m_scroll-fragment-0500P2_D_0001_masked.zarr/,True,True,5,5,reproduced_at_documented_scale,2,PHerc0500P2/segments/20250716055229-z_dbg_gen_00371_inp_hr/mesh/intermediate/tifxyz_normalized,tifxyz_normalized,1,0.999955,1.00005,1,0,0,,reproduced_at_documented_scale,5,PHerc0500P2/segments/20250716055229-z_dbg_gen_00371_inp_hr/mesh/20250716055229-on-20250528085330-4.317um.tifxyz,transformed,1,0.999955,1.00005,1,0,0,True,reproduced_at_documented_scale,True,True,False
PHerc0500P2/segments/20250716055229-z_dbg_gen_00371_inp_hr,PHerc0500P2,9.362um-1.2m-113keV-volume-20250820143440.zarr,PHerc0500P2/segments/20250716055229-z_dbg_gen_00371_inp_hr/surface-volumes/9.362um-1.2m-113keV-volume-20250820143440.zarr,zarr,True,layers-zarr,"1880,5120","28,5120,1880",True,0,/volumes/esrf/20250717/sam2long-16xdown/SCROLLS_HEL_4.681um_113keV_1.2m_binmean_2_PHerc_0500P2_HA_0001_masked.zarr/,True,True,5,5,not_reproduced_from_any_published_variant,2,PHerc0500P2/segments/20250716055229-z_dbg_gen_00371_inp_hr/mesh/intermediate/tifxyz_normalized,tifxyz_normalized,1,,,,13,0.00703899,,reproduced_at_documented_scale,5,PHerc0500P2/segments/20250716055229-z_dbg_gen_00371_inp_hr/mesh/20250716055229-on-20250820143440-9.362um.tifxyz,transformed,1,0.999902,1.0001,1,0,0,True,reproduced_at_documented_scale,False,True,False
PHerc0500P2/segments/20250716055230-z_dbg_gen_00377_inp_hr,PHerc0500P2,2.215um-0.4m-111keV-volume-20250526151718.zarr,PHerc0500P2/segments/20250716055230-z_dbg_gen_00377_inp_hr/surface-volumes/2.215um-0.4m-111keV-volume-20250526151718.zarr,zarr,True,layers-zarr,"14060,21720","118,21720,14060",True,0,/volumes/esrf/20250506/2.215um_HEL_TA_0.4m_110keV_scroll-fragment_0500P2_TA_0001_masked.zarr/,True,True,5,5,not_reproduced_from_any_published_variant,2,PHerc0500P2/segments/20250716055230-z_dbg_gen_00377_inp_hr/mesh/intermediate/tifxyz_normalized,tifxyz_normalized,1,,,,8,0.000581564,,reproduced_at_documented_scale,5,PHerc0500P2/segments/20250716055230-z_dbg_gen_00377_inp_hr/mesh/20250716055230-on-20250526151718-2.215um.tifxyz,transformed,1,0.999977,1.00002,1,0,0,True,reproduced_at_documented_scale,False,True,False
PHerc0500P2/segments/20250716055230-z_dbg_gen_00377_inp_hr,PHerc0500P2,4.317um-1.2m-111keV-volume-20250528085330.zarr,PHerc0500P2/segments/20250716055230-z_dbg_gen_00377_inp_hr/surface-volumes/4.317um-1.2m-111keV-volume-20250528085330.zarr,zarr,True,layers-zarr,"7220,11160","61,11160,7220",True,0,/volumes//esrf/20250506/4.317um_HA2200_HEL_111keV_1.2m_scroll-fragment-0500P2_D_0001_masked.zarr/,True,True,5,5,reproduced_at_documented_scale,2,PHerc0500P2/segments/20250716055230-z_dbg_gen_00377_inp_hr/mesh/intermediate/tifxyz_normalized,tifxyz_normalized,1,0.999955,1.00004,1,0,0,,reproduced_at_documented_scale,5,PHerc0500P2/segments/20250716055230-z_dbg_gen_00377_inp_hr/mesh/20250716055230-on-20250528085330-4.317um.tifxyz,transformed,1,0.999955,1.00004,1,0,0,True,reproduced_at_documented_scale,True,True,False
PHerc0500P2/segments/20250716055230-z_dbg_gen_00377_inp_hr,PHerc0500P2,9.362um-1.2m-113keV-volume-20250820143440.zarr,PHerc0500P2/segments/20250716055230-z_dbg_gen_00377_inp_hr/surface-volumes/9.362um-1.2m-113keV-volume-20250820143440.zarr,zarr,True,layers-zarr,"3340,5160","28,5160,3340",True,0,/volumes/esrf/20250717/sam2long-16xdown/SCROLLS_HEL_4.681um_113keV_1.2m_binmean_2_PHerc_0500P2_HA_0001_masked.zarr/,True,True,5,5,not_reproduced_from_any_published_variant,2,PHerc0500P2/segments/20250716055230-z_dbg_gen_00377_inp_hr/mesh/intermediate/tifxyz_normalized,tifxyz_normalized,1,,,,1,0.000515364,,reproduced_at_documented_scale,5,PHerc0500P2/segments/20250716055230-z_dbg_gen_00377_inp_hr/mesh/20250716055230-on-20250820143440-9.362um.tifxyz,transformed,1,0.999903,1.0001,1,0,0,True,reproduced_at_documented_scale,False,True,False
PHerc0500P2/segments/20250716055231-z_dbg_gen_00473_inp_hr,PHerc0500P2,2.215um-0.4m-111keV-volume-20250526151718.zarr,PHerc0500P2/segments/20250716055231-z_dbg_gen_00473_inp_hr/surface-volumes/2.215um-0.4m-111keV-volume-20250526151718.zarr,zarr,True,layers-zarr,"13940,22540","118,22540,13940",True,0,/volumes/esrf/20250506/2.215um_HEL_TA_0.4m_110keV_scroll-fragment_0500P2_TA_0001_masked.zarr/,True,True,5,5,not_reproduced_from_any_published_variant,2,PHerc0500P2/segments/20250716055231-z_dbg_gen_00473_inp_hr/mesh/intermediate/tifxyz_normalized,tifxyz_normalized,1,,,,3,0.000240417,,reproduced_at_documented_scale,5,PHerc0500P2/segments/20250716055231-z_dbg_gen_00473_inp_hr/mesh/20250716055231-on-20250526151718-2.215um.tifxyz,transformed,1,0.999978,1.00002,1,0,0,True,reproduced_at_documented_scale,False,True,False
PHerc0500P2/segments/20250716055231-z_dbg_gen_00473_inp_hr,PHerc0500P2,4.317um-1.2m-111keV-volume-20250528085330.zarr,PHerc0500P2/segments/20250716055231-z_dbg_gen_00473_inp_hr/surface-volumes/4.317um-1.2m-111keV-volume-20250528085330.zarr,zarr,True,layers-zarr,"7160,11580","61,11580,7160",True,0,/volumes//esrf/20250506/4.317um_HA2200_HEL_111keV_1.2m_scroll-fragment-0500P2_D_0001_masked.zarr/,True,True,5,5,reproduced_at_documented_scale,2,PHerc0500P2/segments/20250716055231-z_dbg_gen_00473_inp_hr/mesh/intermediate/tifxyz_normalized,tifxyz_normalized,1,0.999957,1.00004,1,0,0,,reproduced_at_documented_scale,5,PHerc0500P2/segments/20250716055231-z_dbg_gen_00473_inp_hr/mesh/20250716055231-on-20250528085330-4.317um.tifxyz,transformed,1,0.999957,1.00004,1,0,0,True,reproduced_at_documented_scale,True,True,False
PHerc0500P2/segments/20250716055231-z_dbg_gen_00473_inp_hr,PHerc0500P2,9.362um-1.2m-113keV-volume-20250820143440.zarr,PHerc0500P2/segments/20250716055231-z_dbg_gen_00473_inp_hr/surface-volumes/9.362um-1.2m-113keV-volume-20250820143440.zarr,zarr,True,layers-zarr,"3320,5360","28,5360,3320",True,0,/volumes/esrf/20250717/sam2long-16xdown/SCROLLS_HEL_4.681um_113keV_1.2m_binmean_2_PHerc_0500P2_HA_0001_masked.zarr/,True,True,5,5,not_reproduced_from_any_published_variant,2,PHerc0500P2/segments/20250716055231-z_dbg_gen_00473_inp_hr/mesh/intermediate/tifxyz_normalized,tifxyz_normalized,1,,,,6,0.00177187,,reproduced_at_documented_scale,5,PHerc0500P2/segments/20250716055231-z_dbg_gen_00473_inp_hr/mesh/20250716055231-on-20250820143440-9.362um.tifxyz,transformed,1,0.999907,1.00009,1,0,0,True,reproduced_at_documented_scale,False,True,False
PHerc0500P2/segments/20250716055232-z_dbg_gen_00505_inp_hr,PHerc0500P2,2.215um-0.4m-111keV-volume-20250526151718.zarr,PHerc0500P2/segments/20250716055232-z_dbg_gen_00505_inp_hr/surface-volumes/2.215um-0.4m-111keV-volume-20250526151718.zarr,zarr,True,layers-zarr,"14620,21180","118,21180,14620",True,0,/volumes/esrf/20250506/2.215um_HEL_TA_0.4m_110keV_scroll-fragment_0500P2_TA_0001_masked.zarr/,True,True,5,5,not_reproduced_from_any_published_variant,2,PHerc0500P2/segments/20250716055232-z_dbg_gen_00505_inp_hr/mesh/intermediate/tifxyz_normalized,tifxyz_normalized,1,,,,19,0.00135726,,reproduced_at_documented_scale,5,PHerc0500P2/segments/20250716055232-z_dbg_gen_00505_inp_hr/mesh/20250716055232-on-20250526151718-2.215um.tifxyz,transformed,1,0.999976,1.00002,1,0,0,True,reproduced_at_documented_scale,False,True,False
PHerc0500P2/segments/20250716055232-z_dbg_gen_00505_inp_hr,PHerc0500P2,4.317um-1.2m-111keV-volume-20250528085330.zarr,PHerc0500P2/segments/20250716055232-z_dbg_gen_00505_inp_hr/surface-volumes/4.317um-1.2m-111keV-volume-20250528085330.zarr,zarr,True,layers-zarr,"7500,10880","61,10880,7500",True,0,/volumes//esrf/20250506/4.317um_HA2200_HEL_111keV_1.2m_scroll-fragment-0500P2_D_0001_masked.zarr/,True,True,5,5,reproduced_at_documented_scale,2,PHerc0500P2/segments/20250716055232-z_dbg_gen_00505_inp_hr/mesh/intermediate/tifxyz_normalized,tifxyz_normalized,1,0.999954,1.00005,1,0,0,,reproduced_at_documented_scale,5,PHerc0500P2/segments/20250716055232-z_dbg_gen_00505_inp_hr/mesh/20250716055232-on-20250528085330-4.317um.tifxyz,transformed,1,0.999954,1.00005,1,0,0,True,reproduced_at_documented_scale,True,True,False
PHerc0500P2/segments/20250716055232-z_dbg_gen_00505_inp_hr,PHerc0500P2,9.362um-1.2m-113keV-volume-20250820143440.zarr,PHerc0500P2/segments/20250716055232-z_dbg_gen_00505_inp_hr/surface-volumes/9.362um-1.2m-113keV-volume-20250820143440.zarr,zarr,True,layers-zarr,"3480,5020","28,5020,3480",True,0,/volumes/esrf/20250717/sam2long-16xdown/SCROLLS_HEL_4.681um_113keV_1.2m_binmean_2_PHerc_0500P2_HA_0001_masked.zarr/,True,True,5,5,not_reproduced_from_any_published_variant,2,PHerc0500P2/segments/20250716055232-z_dbg_gen_00505_inp_hr/mesh/intermediate/tifxyz_normalized,tifxyz_normalized,1,,,,19,0.00564143,,reproduced_at_documented_scale,5,PHerc0500P2/segments/20250716055232-z_dbg_gen_00505_inp_hr/mesh/20250716055232-on-20250820143440-9.362um.tifxyz,transformed,1,0.9999,1.0001,1,0,0,True,reproduced_at_documented_scale,False,True,False
PHerc0500P2/segments/20250716055233-z_dbg_gen_00565_inp_hr,PHerc0500P2,2.215um-0.4m-111keV-volume-20250526151718.zarr,PHerc0500P2/segments/20250716055233-z_dbg_gen_00565_inp_hr/surface-volumes/2.215um-0.4m-111keV-volume-20250526151718.zarr,zarr,True,layers-zarr,"15460,18720","118,18720,15460",True,0,/volumes/esrf/20250506/2.215um_HEL_TA_0.4m_110keV_scroll-fragment_0500P2_TA_0001_masked.zarr/,True,True,5,5,not_reproduced_from_any_published_variant,2,PHerc0500P2/segments/20250716055233-z_dbg_gen_00565_inp_hr/mesh/intermediate/tifxyz_normalized,tifxyz_normalized,1,,,,9,0.000594738,,reproduced_at_documented_scale,5,PHerc0500P2/segments/20250716055233-z_dbg_gen_00565_inp_hr/mesh/20250716055233-on-20250526151718-2.215um.tifxyz,transformed,1,0.999973,1.00003,1,0,0,True,reproduced_at_documented_scale,False,True,False
PHerc0500P2/segments/20250716055233-z_dbg_gen_00565_inp_hr,PHerc0500P2,4.317um-1.2m-111keV-volume-20250528085330.zarr,PHerc0500P2/segments/20250716055233-z_dbg_gen_00565_inp_hr/surface-volumes/4.317um-1.2m-111keV-volume-20250528085330.zarr,zarr,True,layers-zarr,"7940,9620","61,9620,7940",True,0,/volumes//esrf/20250506/4.317um_HA2200_HEL_111keV_1.2m_scroll-fragment-0500P2_D_0001_masked.zarr/,True,True,5,5,reproduced_at_documented_scale,2,PHerc0500P2/segments/20250716055233-z_dbg_gen_00565_inp_hr/mesh/intermediate/tifxyz_normalized,tifxyz_normalized,1,0.999948,1.00005,1,0,0,,reproduced_at_documented_scale,5,PHerc0500P2/segments/20250716055233-z_dbg_gen_00565_inp_hr/mesh/20250716055233-on-20250528085330-4.317um.tifxyz,transformed,1,0.999948,1.00005,1,0,0,True,reproduced_at_documented_scale,True,True,False
PHerc0500P2/segments/20250716055233-z_dbg_gen_00565_inp_hr,PHerc0500P2,9.362um-1.2m-113keV-volume-20250820143440.zarr,PHerc0500P2/segments/20250716055233-z_dbg_gen_00565_inp_hr/surface-volumes/9.362um-1.2m-113keV-volume-20250820143440.zarr,zarr,True,layers-zarr,"3680,4440","28,4440,3680",True,0,/volumes/esrf/20250717/sam2long-16xdown/SCROLLS_HEL_4.681um_113keV_1.2m_binmean_2_PHerc_0500P2_HA_0001_masked.zarr/,True,True,5,5,not_reproduced_from_any_published_variant,2,PHerc0500P2/segments/20250716055233-z_dbg_gen_00565_inp_hr/mesh/intermediate/tifxyz_normalized,tifxyz_normalized,1,,,,15,0.00419815,,reproduced_at_documented_scale,5,PHerc0500P2/segments/20250716055233-z_dbg_gen_00565_inp_hr/mesh/20250716055233-on-20250820143440-9.362um.tifxyz,transformed,1,0.999887,1.00011,1,0,0,True,reproduced_at_documented_scale,False,True,False
PHerc0500P2/segments/20250716055234-z_dbg_gen_00709_inp_hr,PHerc0500P2,2.215um-0.4m-111keV-volume-20250526151718.zarr,PHerc0500P2/segments/20250716055234-z_dbg_gen_00709_inp_hr/surface-volumes/2.215um-0.4m-111keV-volume-20250526151718.zarr,zarr,True,layers-zarr,"9620,15760","118,15760,9620",True,0,/volumes/esrf/20250506/2.215um_HEL_TA_0.4m_110keV_scroll-fragment_0500P2_TA_0001_masked.zarr/,True,True,5,5,not_reproduced_from_any_published_variant,2,PHerc0500P2/segments/20250716055234-z_dbg_gen_00709_inp_hr/mesh/intermediate/tifxyz_normalized,tifxyz_normalized,1,,,,8,0.000868287,,reproduced_at_documented_scale,5,PHerc0500P2/segments/20250716055234-z_dbg_gen_00709_inp_hr/mesh/20250716055234-on-20250526151718-2.215um.tifxyz,transformed,1,0.999968,1.00003,1,0,0,True,reproduced_at_documented_scale,False,True,False
PHerc0500P2/segments/20250716055234-z_dbg_gen_00709_inp_hr,PHerc0500P2,4.317um-1.2m-111keV-volume-20250528085330.zarr,PHerc0500P2/segments/20250716055234-z_dbg_gen_00709_inp_hr/surface-volumes/4.317um-1.2m-111keV-volume-20250528085330.zarr,zarr,True,layers-zarr,"4940,8100","61,8100,4940",True,0,/volumes//esrf/20250506/4.317um_HA2200_HEL_111keV_1.2m_scroll-fragment-0500P2_D_0001_masked.zarr/,True,True,5,5,reproduced_at_documented_scale,2,PHerc0500P2/segments/20250716055234-z_dbg_gen_00709_inp_hr/mesh/intermediate/tifxyz_normalized,tifxyz_normalized,1,0.999938,1.00006,1,0,0,,reproduced_at_documented_scale,5,PHerc0500P2/segments/20250716055234-z_dbg_gen_00709_inp_hr/mesh/20250716055234-on-20250528085330-4.317um.tifxyz,transformed,1,0.999938,1.00006,1,0,0,True,reproduced_at_documented_scale,True,True,False
PHerc0500P2/segments/20250716055234-z_dbg_gen_00709_inp_hr,PHerc0500P2,9.362um-1.2m-113keV-volume-20250820143440.zarr,PHerc0500P2/segments/20250716055234-z_dbg_gen_00709_inp_hr/surface-volumes/9.362um-1.2m-113keV-volume-20250820143440.zarr,zarr,True,layers-zarr,"2280,3740","28,3740,2280",True,0,/volumes/esrf/20250717/sam2long-16xdown/SCROLLS_HEL_4.681um_113keV_1.2m_binmean_2_PHerc_0500P2_HA_0001_masked.zarr/,True,True,5,5,not_reproduced_from_any_published_variant,2,PHerc0500P2/segments/20250716055234-z_dbg_gen_00709_inp_hr/mesh/intermediate/tifxyz_normalized,tifxyz_normalized,1,,,,1,0.000411523,,reproduced_at_documented_scale,5,PHerc0500P2/segments/20250716055234-z_dbg_gen_00709_inp_hr/mesh/20250716055234-on-20250820143440-9.362um.tifxyz,transformed,1,0.999866,1.00013,1,0,0,True,reproduced_at_documented_scale,False,True,False
PHerc0500P2/segments/20250716055235-z_dbg_gen_00779_inp_hr,PHerc0500P2,2.215um-0.4m-111keV-volume-20250526151718.zarr,PHerc0500P2/segments/20250716055235-z_dbg_gen_00779_inp_hr/surface-volumes/2.215um-0.4m-111keV-volume-20250526151718.zarr,zarr,True,layers-zarr,"24680,23700","118,23700,24680",True,0,/volumes/esrf/20250506/2.215um_HEL_TA_0.4m_110keV_scroll-fragment_0500P2_TA_0001_masked.zarr/,True,True,5,5,not_reproduced_from_any_published_variant,2,PHerc0500P2/segments/20250716055235-z_dbg_gen_00779_inp_hr/mesh/intermediate/tifxyz_normalized,tifxyz_normalized,1,,,,44,0.00186774,,reproduced_at_documented_scale,5,PHerc0500P2/segments/20250716055235-z_dbg_gen_00779_inp_hr/mesh/20250716055235-on-20250526151718-2.215um.tifxyz,transformed,1,0.99998,1.00002,1,0,0,True,reproduced_at_documented_scale,False,True,False
PHerc0500P2/segments/20250716055235-z_dbg_gen_00779_inp_hr,PHerc0500P2,4.317um-1.2m-111keV-volume-20250528085330.zarr,PHerc0500P2/segments/20250716055235-z_dbg_gen_00779_inp_hr/surface-volumes/4.317um-1.2m-111keV-volume-20250528085330.zarr,zarr,True,layers-zarr,"12660,12180","61,12180,12660",True,0,/volumes//esrf/20250506/4.317um_HA2200_HEL_111keV_1.2m_scroll-fragment-0500P2_D_0001_masked.zarr/,True,True,5,5,reproduced_at_documented_scale,2,PHerc0500P2/segments/20250716055235-z_dbg_gen_00779_inp_hr/mesh/intermediate/tifxyz_normalized,tifxyz_normalized,1,0.999961,1.00004,1,0,0,,reproduced_at_documented_scale,5,PHerc0500P2/segments/20250716055235-z_dbg_gen_00779_inp_hr/mesh/20250716055235-on-20250528085330-4.317um.tifxyz,transformed,1,0.999961,1.00004,1,0,0,True,reproduced_at_documented_scale,True,True,False
PHerc0500P2/segments/20250716055235-z_dbg_gen_00779_inp_hr,PHerc0500P2,9.362um-1.2m-113keV-volume-20250820143440.zarr,PHerc0500P2/segments/20250716055235-z_dbg_gen_00779_inp_hr/surface-volumes/9.362um-1.2m-113keV-volume-20250820143440.zarr,zarr,True,layers-zarr,"5860,5640","28,5640,5860",True,0,/volumes/esrf/20250717/sam2long-16xdown/SCROLLS_HEL_4.681um_113keV_1.2m_binmean_2_PHerc_0500P2_HA_0001_masked.zarr/,True,True,5,5,not_reproduced_from_any_published_variant,2,PHerc0500P2/segments/20250716055235-z_dbg_gen_00779_inp_hr/mesh/intermediate/tifxyz_normalized,tifxyz_normalized,1,,,,2,0.000386691,,reproduced_at_documented_scale,5,PHerc0500P2/segments/20250716055235-z_dbg_gen_00779_inp_hr/mesh/20250716055235-on-20250820143440-9.362um.tifxyz,transformed,1,0.999915,1.00009,1,0,0,True,reproduced_at_documented_scale,False,True,False
PHerc0500P2/segments/20250716055236-z_dbg_gen_00356_inp_hr,PHerc0500P2,2.215um-0.4m-111keV-volume-20250526151718.zarr,PHerc0500P2/segments/20250716055236-z_dbg_gen_00356_inp_hr/surface-volumes/2.215um-0.4m-111keV-volume-20250526151718.zarr,zarr,True,layers-zarr,"13200,22700","118,22700,13200",True,0,/volumes/esrf/20250506/2.215um_HEL_TA_0.4m_110keV_scroll-fragment_0500P2_TA_0001_masked.zarr/,True,True,5,5,reproduced_at_another_scale,2,PHerc0500P2/segments/20250716055236-z_dbg_gen_00356_inp_hr/mesh/intermediate/tifxyz_normalized,tifxyz_normalized,1,1.94683,1.94687,,0,3.89848e-05,,reproduced_at_documented_scale,5,PHerc0500P2/segments/20250716055236-z_dbg_gen_00356_inp_hr/mesh/20250716055236-on-20250526151718-2.215um.tifxyz,transformed,1,0.999978,1.00002,1,0,0,True,reproduced_at_documented_scale,False,True,False
PHerc0500P2/segments/20250716055236-z_dbg_gen_00356_inp_hr,PHerc0500P2,4.317um-1.2m-111keV-volume-20250528085330.zarr,PHerc0500P2/segments/20250716055236-z_dbg_gen_00356_inp_hr/surface-volumes/4.317um-1.2m-111keV-volume-20250528085330.zarr,zarr,True,layers-zarr,"6780,11660","61,11660,6780",True,0,/volumes//esrf/20250506/4.317um_HA2200_HEL_111keV_1.2m_scroll-fragment-0500P2_D_0001_masked.zarr/,True,True,5,5,reproduced_at_documented_scale,2,PHerc0500P2/segments/20250716055236-z_dbg_gen_00356_inp_hr/mesh/intermediate/tifxyz_normalized,tifxyz_normalized,1,0.999957,1.00004,1,0,0,,reproduced_at_documented_scale,5,PHerc0500P2/segments/20250716055236-z_dbg_gen_00356_inp_hr/mesh/20250716055236-on-20250528085330-4.317um.tifxyz,transformed,1,0.999957,1.00004,1,0,0,True,reproduced_at_documented_scale,True,True,False
PHerc0500P2/segments/20250716055236-z_dbg_gen_00356_inp_hr,PHerc0500P2,9.362um-1.2m-113keV-volume-20250820143440.zarr,PHerc0500P2/segments/20250716055236-z_dbg_gen_00356_inp_hr/surface-volumes/9.362um-1.2m-113keV-volume-20250820143440.zarr,zarr,True,layers-zarr,"3140,5380","28,5380,3140",True,0,/volumes/esrf/20250717/sam2long-16xdown/SCROLLS_HEL_4.681um_113keV_1.2m_binmean_2_PHerc_0500P2_HA_0001_masked.zarr/,True,True,5,5,not_reproduced_from_any_published_variant,2,PHerc0500P2/segments/20250716055236-z_dbg_gen_00356_inp_hr/mesh/intermediate/tifxyz_original,tifxyz_original,1,,,,1,0.000531067,,reproduced_at_documented_scale,5,PHerc0500P2/segments/20250716055236-z_dbg_gen_00356_inp_hr/mesh/20250716055236-on-20250820143440-9.362um.tifxyz,transformed,1,0.999907,1.00009,1,0,0,True,reproduced_at_documented_scale,False,True,False
PHerc0500P2/segments/20250825181859--1,PHerc0500P2,2.215um-0.4m-111keV-volume-20250526151718.zarr,PHerc0500P2/segments/20250825181859--1/surface-volumes/2.215um-0.4m-111keV-volume-20250526151718.zarr,zarr,True,layers-zarr,"13880,24760","118,24760,13880",True,0,/volumes/esrf/20250506/2.215um_HEL_TA_0.4m_110keV_scroll-fragment_0500P2_TA_0001_masked.zarr/,True,True,5,5,not_reproduced_from_any_published_variant,2,PHerc0500P2/segments/20250825181859--1/mesh/intermediate/tifxyz_normalized,tifxyz_normalized,1,,,,20,0.00148845,,reproduced_at_documented_scale,5,PHerc0500P2/segments/20250825181859--1/mesh/20250825181859-on-20250526151718-2.215um.tifxyz,transformed,1,0.99998,1.00002,1,0,0,True,reproduced_at_documented_scale,False,True,False
PHerc0500P2/segments/20250825181859--1,PHerc0500P2,4.317um-1.2m-111keV-volume-20250528085330.zarr,PHerc0500P2/segments/20250825181859--1/surface-volumes/4.317um-1.2m-111keV-volume-20250528085330.zarr,zarr,True,layers-zarr,"7120,12720","61,12720,7120",True,0,/volumes//esrf/20250506/4.317um_HA2200_HEL_111keV_1.2m_scroll-fragment-0500P2_D_0001_masked.zarr/,True,True,5,5,reproduced_at_another_scale,2,PHerc0500P2/segments/20250825181859--1/mesh/intermediate/tifxyz_normalized,tifxyz_normalized,1,1.99992,2.00008,2,0,0,,reproduced_at_documented_scale,5,PHerc0500P2/segments/20250825181859--1/mesh/20250825181859-on-20250528085330-4.317um.tifxyz,transformed,1,0.999961,1.00004,1,0,0,True,reproduced_at_documented_scale,False,True,False
PHerc0500P2/segments/20250825181859--1,PHerc0500P2,9.362um-1.2m-113keV-volume-20250820143440.zarr,PHerc0500P2/segments/20250825181859--1/surface-volumes/9.362um-1.2m-113keV-volume-20250820143440.zarr,zarr,True,layers-zarr,"3300,5880","28,5880,3300",True,0,/volumes/esrf/20250717/sam2long-16xdown/SCROLLS_HEL_4.681um_113keV_1.2m_binmean_2_PHerc_0500P2_HA_0001_masked.zarr/,True,True,5,5,not_reproduced_from_any_published_variant,2,PHerc0500P2/segments/20250825181859--1/mesh/intermediate/tifxyz_normalized,tifxyz_normalized,1,,,,8,0.00263701,,reproduced_at_documented_scale,5,PHerc0500P2/segments/20250825181859--1/mesh/20250825181859-on-20250820143440-9.362um.tifxyz,transformed,1,0.999915,1.00009,1,0,0,True,reproduced_at_documented_scale,False,True,False
PHerc0500P2/segments/20250825181907-0,PHerc0500P2,2.215um-0.4m-111keV-volume-20250526151718.zarr,PHerc0500P2/segments/20250825181907-0/surface-volumes/2.215um-0.4m-111keV-volume-20250526151718.zarr,zarr,True,layers-zarr,"14120,24680","118,24680,14120",True,0,/volumes/esrf/20250506/2.215um_HEL_TA_0.4m_110keV_scroll-fragment_0500P2_TA_0001_masked.zarr/,True,True,5,5,not_reproduced_from_any_published_variant,2,PHerc0500P2/segments/20250825181907-0/mesh/intermediate/tifxyz_normalized,tifxyz_normalized,1,,,,28,0.00200578,,reproduced_at_documented_scale,5,PHerc0500P2/segments/20250825181907-0/mesh/20250825181907-on-20250526151718-2.215um.tifxyz,transformed,1,0.99998,1.00002,1,0,0,True,reproduced_at_documented_scale,False,True,False
PHerc0500P2/segments/20250825181907-0,PHerc0500P2,4.317um-1.2m-111keV-volume-20250528085330.zarr,PHerc0500P2/segments/20250825181907-0/surface-volumes/4.317um-1.2m-111keV-volume-20250528085330.zarr,zarr,True,layers-zarr,"7240,12680","61,12680,7240",True,0,/volumes//esrf/20250506/4.317um_HA2200_HEL_111keV_1.2m_scroll-fragment-0500P2_D_0001_masked.zarr/,True,True,5,5,reproduced_at_another_scale,2,PHerc0500P2/segments/20250825181907-0/mesh/intermediate/tifxyz_normalized,tifxyz_normalized,1,1.99992,2.00008,2,0,0,,reproduced_at_documented_scale,5,PHerc0500P2/segments/20250825181907-0/mesh/20250825181907-on-20250528085330-4.317um.tifxyz,transformed,1,0.999961,1.00004,1,0,0,True,reproduced_at_documented_scale,False,True,False
PHerc0500P2/segments/20250825181907-0,PHerc0500P2,9.362um-1.2m-113keV-volume-20250820143440.zarr,PHerc0500P2/segments/20250825181907-0/surface-volumes/9.362um-1.2m-113keV-volume-20250820143440.zarr,zarr,True,layers-zarr,"3360,5860","28,5860,3360",True,0,/volumes/esrf/20250717/sam2long-16xdown/SCROLLS_HEL_4.681um_113keV_1.2m_binmean_2_PHerc_0500P2_HA_0001_masked.zarr/,True,True,5,5,not_reproduced_from_any_published_variant,2,PHerc0500P2/segments/20250825181907-0/mesh/intermediate/tifxyz_normalized,tifxyz_normalized,1,,,,14,0.00420493,,reproduced_at_documented_scale,5,PHerc0500P2/segments/20250825181907-0/mesh/20250825181907-on-20250820143440-9.362um.tifxyz,transformed,1,0.999915,1.00009,1,0,0,True,reproduced_at_documented_scale,False,True,False
PHerc0500P2/segments/20250825181917--2,PHerc0500P2,2.215um-0.4m-111keV-volume-20250526151718.zarr,PHerc0500P2/segments/20250825181917--2/surface-volumes/2.215um-0.4m-111keV-volume-20250526151718.zarr,zarr,True,layers-zarr,"13640,23280","118,23280,13640",True,0,/volumes/esrf/20250506/2.215um_HEL_TA_0.4m_110keV_scroll-fragment_0500P2_TA_0001_masked.zarr/,True,True,5,5,not_reproduced_from_any_published_variant,2,PHerc0500P2/segments/20250825181917--2/mesh/intermediate/tifxyz_normalized,tifxyz_normalized,1,,,,14,0.0010702,,reproduced_at_documented_scale,5,PHerc0500P2/segments/20250825181917--2/mesh/20250825181917-on-20250526151718-2.215um.tifxyz,transformed,1,0.999979,1.00002,1,0,0,True,reproduced_at_documented_scale,False,True,False
PHerc0500P2/segments/20250825181917--2,PHerc0500P2,4.317um-1.2m-111keV-volume-20250528085330.zarr,PHerc0500P2/segments/20250825181917--2/surface-volumes/4.317um-1.2m-111keV-volume-20250528085330.zarr,zarr,True,layers-zarr,"7000,11960","61,11960,7000",True,0,/volumes//esrf/20250506/4.317um_HA2200_HEL_111keV_1.2m_scroll-fragment-0500P2_D_0001_masked.zarr/,True,True,5,5,reproduced_at_another_scale,2,PHerc0500P2/segments/20250825181917--2/mesh/intermediate/tifxyz_normalized,tifxyz_normalized,1,1.99992,2.00008,2,0,0,,reproduced_at_documented_scale,5,PHerc0500P2/segments/20250825181917--2/mesh/20250825181917-on-20250528085330-4.317um.tifxyz,transformed,1,0.999958,1.00004,1,0,0,True,reproduced_at_documented_scale,False,True,False
PHerc0500P2/segments/20250825181917--2,PHerc0500P2,9.362um-1.2m-113keV-volume-20250820143440.zarr,PHerc0500P2/segments/20250825181917--2/surface-volumes/9.362um-1.2m-113keV-volume-20250820143440.zarr,zarr,True,layers-zarr,"3240,5520","28,5520,3240",True,0,/volumes/esrf/20250717/sam2long-16xdown/SCROLLS_HEL_4.681um_113keV_1.2m_binmean_2_PHerc_0500P2_HA_0001_masked.zarr/,True,True,5,5,not_reproduced_from_any_published_variant,2,PHerc0500P2/segments/20250825181917--2/mesh/intermediate/tifxyz_normalized,tifxyz_normalized,1,,,,9,0.00285714,,reproduced_at_documented_scale,5,PHerc0500P2/segments/20250825181917--2/mesh/20250825181917-on-20250820143440-9.362um.tifxyz,transformed,1,0.999909,1.00009,1,0,0,True,reproduced_at_documented_scale,False,True,False
PHerc0500P2/segments/20250825181922-1,PHerc0500P2,2.215um-0.4m-111keV-volume-20250526151718.zarr,PHerc0500P2/segments/20250825181922-1/surface-volumes/2.215um-0.4m-111keV-volume-20250526151718.zarr,zarr,True,layers-zarr,"14260,24840","118,24840,14260",True,0,/volumes/esrf/20250506/2.215um_HEL_TA_0.4m_110keV_scroll-fragment_0500P2_TA_0001_masked.zarr/,True,True,5,5,not_reproduced_from_any_published_variant,2,PHerc0500P2/segments/20250825181922-1/mesh/intermediate/tifxyz_normalized,tifxyz_normalized,1,,,,10,0.000708359,,reproduced_at_documented_scale,5,PHerc0500P2/segments/20250825181922-1/mesh/20250825181922-on-20250526151718-2.215um.tifxyz,transformed,1,0.99998,1.00002,1,0,0,True,reproduced_at_documented_scale,False,True,False
PHerc0500P2/segments/20250825181922-1,PHerc0500P2,4.317um-1.2m-111keV-volume-20250528085330.zarr,PHerc0500P2/segments/20250825181922-1/surface-volumes/4.317um-1.2m-111keV-volume-20250528085330.zarr,zarr,True,layers-zarr,"7320,12760","61,12760,7320",True,0,/volumes//esrf/20250506/4.317um_HA2200_HEL_111keV_1.2m_scroll-fragment-0500P2_D_0001_masked.zarr/,True,True,5,5,reproduced_at_another_scale,2,PHerc0500P2/segments/20250825181922-1/mesh/intermediate/tifxyz_normalized,tifxyz_normalized,1,1.99992,2.00008,2,0,0,,reproduced_at_documented_scale,5,PHerc0500P2/segments/20250825181922-1/mesh/20250825181922-on-20250528085330-4.317um.tifxyz,transformed,1,0.999961,1.00004,1,0,0,True,reproduced_at_documented_scale,False,True,False
PHerc0500P2/segments/20250825181922-1,PHerc0500P2,9.362um-1.2m-113keV-volume-20250820143440.zarr,PHerc0500P2/segments/20250825181922-1/surface-volumes/9.362um-1.2m-113keV-volume-20250820143440.zarr,zarr,True,layers-zarr,"3380,5900","28,5900,3380",True,0,/volumes/esrf/20250717/sam2long-16xdown/SCROLLS_HEL_4.681um_113keV_1.2m_binmean_2_PHerc_0500P2_HA_0001_masked.zarr/,True,True,5,5,not_reproduced_from_any_published_variant,2,PHerc0500P2/segments/20250825181922-1/mesh/intermediate/tifxyz_normalized,tifxyz_normalized,1,,,,4,0.00137263,,reproduced_at_documented_scale,5,PHerc0500P2/segments/20250825181922-1/mesh/20250825181922-on-20250820143440-9.362um.tifxyz,transformed,1,0.999915,1.00008,1,0,0,True,reproduced_at_documented_scale,False,True,False
PHerc0500P2/segments/20250825181928-2,PHerc0500P2,2.215um-0.4m-111keV-volume-20250526151718.zarr,PHerc0500P2/segments/20250825181928-2/surface-volumes/2.215um-0.4m-111keV-volume-20250526151718.zarr,zarr,True,layers-zarr,"12940,23200","118,23200,12940",True,0,/volumes/esrf/20250506/2.215um_HEL_TA_0.4m_110keV_scroll-fragment_0500P2_TA_0001_masked.zarr/,True,True,5,5,not_reproduced_from_any_published_variant,2,PHerc0500P2/segments/20250825181928-2/mesh/intermediate/tifxyz_normalized,tifxyz_normalized,1,,,,16,0.00127752,,reproduced_at_documented_scale,5,PHerc0500P2/segments/20250825181928-2/mesh/20250825181928-on-20250526151718-2.215um.tifxyz,transformed,1,0.999978,1.00002,1,0,0,True,reproduced_at_documented_scale,False,True,False
PHerc0500P2/segments/20250825181928-2,PHerc0500P2,4.317um-1.2m-111keV-volume-20250528085330.zarr,PHerc0500P2/segments/20250825181928-2/surface-volumes/4.317um-1.2m-111keV-volume-20250528085330.zarr,zarr,True,layers-zarr,"6640,11920","61,11920,6640",True,0,/volumes//esrf/20250506/4.317um_HA2200_HEL_111keV_1.2m_scroll-fragment-0500P2_D_0001_masked.zarr/,True,True,5,5,reproduced_at_another_scale,2,PHerc0500P2/segments/20250825181928-2/mesh/intermediate/tifxyz_normalized,tifxyz_normalized,1,1.99992,2.00008,2,0,0,,reproduced_at_documented_scale,5,PHerc0500P2/segments/20250825181928-2/mesh/20250825181928-on-20250528085330-4.317um.tifxyz,transformed,1,0.999958,1.00004,1,0,0,True,reproduced_at_documented_scale,False,True,False
PHerc0500P2/segments/20250825181928-2,PHerc0500P2,9.362um-1.2m-113keV-volume-20250820143440.zarr,PHerc0500P2/segments/20250825181928-2/surface-volumes/9.362um-1.2m-113keV-volume-20250820143440.zarr,zarr,True,layers-zarr,"3080,5500","28,5500,3080",True,0,/volumes/esrf/20250717/sam2long-16xdown/SCROLLS_HEL_4.681um_113keV_1.2m_binmean_2_PHerc_0500P2_HA_0001_masked.zarr/,True,True,5,5,not_reproduced_from_any_published_variant,2,PHerc0500P2/segments/20250825181928-2/mesh/intermediate/tifxyz_normalized,tifxyz_normalized,1,,,,16,0.0053012,,reproduced_at_documented_scale,5,PHerc0500P2/segments/20250825181928-2/mesh/20250825181928-on-20250820143440-9.362um.tifxyz,transformed,1,0.999909,1.00009,1,0,0,True,reproduced_at_documented_scale,False,True,False
PHerc0500P2/segments/20250825181934-3,PHerc0500P2,2.215um-0.4m-111keV-volume-20250526151718.zarr,PHerc0500P2/segments/20250825181934-3/surface-volumes/2.215um-0.4m-111keV-volume-20250526151718.zarr,zarr,True,layers-zarr,"12860,23440","118,23440,12860",True,0,/volumes/esrf/20250506/2.215um_HEL_TA_0.4m_110keV_scroll-fragment_0500P2_TA_0001_masked.zarr/,True,True,5,5,not_reproduced_from_any_published_variant,2,PHerc0500P2/segments/20250825181934-3/mesh/intermediate/tifxyz_normalized,tifxyz_normalized,1,,,,11,0.0008429,,reproduced_at_documented_scale,5,PHerc0500P2/segments/20250825181934-3/mesh/20250825181934-on-20250526151718-2.215um.tifxyz,transformed,1,0.999979,1.00002,1,0,0,True,reproduced_at_documented_scale,False,True,False
PHerc0500P2/segments/20250825181934-3,PHerc0500P2,4.317um-1.2m-111keV-volume-20250528085330.zarr,PHerc0500P2/segments/20250825181934-3/surface-volumes/4.317um-1.2m-111keV-volume-20250528085330.zarr,zarr,True,layers-zarr,"6600,12040","61,12040,6600",True,0,/volumes//esrf/20250506/4.317um_HA2200_HEL_111keV_1.2m_scroll-fragment-0500P2_D_0001_masked.zarr/,True,True,5,5,reproduced_at_another_scale,2,PHerc0500P2/segments/20250825181934-3/mesh/intermediate/tifxyz_normalized,tifxyz_normalized,1,1.99992,2.00008,2,0,0,,reproduced_at_documented_scale,5,PHerc0500P2/segments/20250825181934-3/mesh/20250825181934-on-20250528085330-4.317um.tifxyz,transformed,1,0.999958,1.00004,1,0,0,True,reproduced_at_documented_scale,False,True,False
PHerc0500P2/segments/20250825181934-3,PHerc0500P2,9.362um-1.2m-113keV-volume-20250820143440.zarr,PHerc0500P2/segments/20250825181934-3/surface-volumes/9.362um-1.2m-113keV-volume-20250820143440.zarr,zarr,True,layers-zarr,"3060,5560","28,5560,3060",True,0,/volumes/esrf/20250717/sam2long-16xdown/SCROLLS_HEL_4.681um_113keV_1.2m_binmean_2_PHerc_0500P2_HA_0001_masked.zarr/,True,True,5,5,not_reproduced_from_any_published_variant,2,PHerc0500P2/segments/20250825181934-3/mesh/intermediate/tifxyz_normalized,tifxyz_normalized,1,,,,12,0.00398954,,reproduced_at_documented_scale,5,PHerc0500P2/segments/20250825181934-3/mesh/20250825181934-on-20250820143440-9.362um.tifxyz,transformed,1,0.99991,1.00009,1,0,0,True,reproduced_at_documented_scale,False,True,False
PHerc0500P2/segments/20250825181939-4,PHerc0500P2,2.215um-0.4m-111keV-volume-20250526151718.zarr,PHerc0500P2/segments/20250825181939-4/surface-volumes/2.215um-0.4m-111keV-volume-20250526151718.zarr,zarr,True,layers-zarr,"13020,23040","118,23040,13020",True,0,/volumes/esrf/20250506/2.215um_HEL_TA_0.4m_110keV_scroll-fragment_0500P2_TA_0001_masked.zarr/,True,True,5,5,not_reproduced_from_any_published_variant,2,PHerc0500P2/segments/20250825181939-4/mesh/intermediate/tifxyz_normalized,tifxyz_normalized,1,,,,21,0.00162176,,reproduced_at_documented_scale,5,PHerc0500P2/segments/20250825181939-4/mesh/20250825181939-on-20250526151718-2.215um.tifxyz,transformed,1,0.999978,1.00002,1,0,0,True,reproduced_at_documented_scale,False,True,False
PHerc0500P2/segments/20250825181939-4,PHerc0500P2,4.317um-1.2m-111keV-volume-20250528085330.zarr,PHerc0500P2/segments/20250825181939-4/surface-volumes/4.317um-1.2m-111keV-volume-20250528085330.zarr,zarr,True,layers-zarr,"6680,11840","61,11840,6680",True,0,/volumes//esrf/20250506/4.317um_HA2200_HEL_111keV_1.2m_scroll-fragment-0500P2_D_0001_masked.zarr/,True,True,5,5,reproduced_at_another_scale,2,PHerc0500P2/segments/20250825181939-4/mesh/intermediate/tifxyz_normalized,tifxyz_normalized,1,1.99992,2.00008,2,0,0,,reproduced_at_documented_scale,5,PHerc0500P2/segments/20250825181939-4/mesh/20250825181939-on-20250528085330-4.317um.tifxyz,transformed,1,0.999958,1.00004,1,0,0,True,reproduced_at_documented_scale,False,True,False
PHerc0500P2/segments/20250825181939-4,PHerc0500P2,9.362um-1.2m-113keV-volume-20250820143440.zarr,PHerc0500P2/segments/20250825181939-4/surface-volumes/9.362um-1.2m-113keV-volume-20250820143440.zarr,zarr,True,layers-zarr,"3100,5480","28,5480,3100",True,0,/volumes/esrf/20250717/sam2long-16xdown/SCROLLS_HEL_4.681um_113keV_1.2m_binmean_2_PHerc_0500P2_HA_0001_masked.zarr/,True,True,5,5,not_reproduced_from_any_published_variant,2,PHerc0500P2/segments/20250825181939-4/mesh/intermediate/tifxyz_normalized,tifxyz_normalized,1,,,,8,0.0026662,,reproduced_at_documented_scale,5,PHerc0500P2/segments/20250825181939-4/mesh/20250825181939-on-20250820143440-9.362um.tifxyz,transformed,1,0.999909,1.00009,1,0,0,True,reproduced_at_documented_scale,False,True,False
PHerc0500P2/segments/20250919184428-0500P2-wrap01_0919,PHerc0500P2,2.215um-0.4m-111keV-volume-20250526151718.zarr,PHerc0500P2/segments/20250919184428-0500P2-wrap01_0919/surface-volumes/2.215um-0.4m-111keV-volume-20250526151718.zarr,zarr,True,layers-zarr,"1400,1160","118,1160,1400",True,0,/volumes/esrf/20250506/2.215um_HEL_TA_0.4m_110keV_scroll-fragment_0500P2_TA_0001_masked.zarr/,True,True,5,5,not_reproduced_from_any_published_variant,2,PHerc0500P2/segments/20250919184428-0500P2-wrap01_0919/mesh/intermediate/tifxyz_normalized,tifxyz_normalized,1,,,,6,0.00574713,,reproduced_at_documented_scale,5,PHerc0500P2/segments/20250919184428-0500P2-wrap01_0919/mesh/20250919184428-on-20250526151718-2.215um.tifxyz,transformed,1,0.999643,1.00036,1,0,0,True,reproduced_at_documented_scale,False,True,False
PHerc0500P2/segments/20250919184428-0500P2-wrap01_0919,PHerc0500P2,4.317um-1.2m-111keV-volume-20250528085330.zarr,PHerc0500P2/segments/20250919184428-0500P2-wrap01_0919/surface-volumes/4.317um-1.2m-111keV-volume-20250528085330.zarr,zarr,True,layers-zarr,"720,600","61,600,720",True,0,/volumes//esrf/20250506/4.317um_HA2200_HEL_111keV_1.2m_scroll-fragment-0500P2_D_0001_masked.zarr/,True,True,5,5,reproduced_at_documented_scale,2,PHerc0500P2/segments/20250919184428-0500P2-wrap01_0919/mesh/intermediate/tifxyz_normalized,tifxyz_normalized,1,0.999306,1.00069,1,0,0,,reproduced_at_documented_scale,5,PHerc0500P2/segments/20250919184428-0500P2-wrap01_0919/mesh/20250919184428-on-20250528085330-4.317um.tifxyz,transformed,1,0.999306,1.00069,1,0,0,True,reproduced_at_documented_scale,True,True,False
PHerc0500P2/segments/20250919184428-0500P2-wrap01_0919,PHerc0500P2,9.362um-1.2m-113keV-volume-20250820143440.zarr,PHerc0500P2/segments/20250919184428-0500P2-wrap01_0919/surface-volumes/9.362um-1.2m-113keV-volume-20250820143440.zarr,zarr,True,layers-zarr,"340,280","28,280,340",True,0,/volumes/esrf/20250717/sam2long-16xdown/SCROLLS_HEL_4.681um_113keV_1.2m_binmean_2_PHerc_0500P2_HA_0001_masked.zarr/,True,True,5,5,not_reproduced_from_any_published_variant,2,PHerc0500P2/segments/20250919184428-0500P2-wrap01_0919/mesh/intermediate/tifxyz_normalized,tifxyz_normalized,1,,,,3,0.0119048,,reproduced_at_documented_scale,5,PHerc0500P2/segments/20250919184428-0500P2-wrap01_0919/mesh/20250919184428-on-20250820143440-9.362um.tifxyz,transformed,1,0.998529,1.00147,1,0,0,True,reproduced_at_documented_scale,False,True,False
PHerc0500P2/segments/20250919184429-0500P2-wrap02_0919,PHerc0500P2,2.215um-0.4m-111keV-volume-20250526151718.zarr,PHerc0500P2/segments/20250919184429-0500P2-wrap02_0919/surface-volumes/2.215um-0.4m-111keV-volume-20250526151718.zarr,zarr,True,layers-zarr,"2340,1720","118,1720,2340",True,0,/volumes/esrf/20250506/2.215um_HEL_TA_0.4m_110keV_scroll-fragment_0500P2_TA_0001_masked.zarr/,True,True,6,6,not_reproduced_from_any_published_variant,2,PHerc0500P2/segments/20250919184429-0500P2-wrap02_0919/mesh/intermediate/tifxyz_normalized,tifxyz_normalized,1,,,,4,0.002331,,reproduced_at_documented_scale,6,PHerc0500P2/segments/20250919184429-0500P2-wrap02_0919/mesh/20250919184429-on-20250526151718-2.215um.tifxyz,transformed,1,0.999786,1.00021,1,0,0,True,reproduced_at_documented_scale,False,True,False
PHerc0500P2/segments/20250919184429-0500P2-wrap02_0919,PHerc0500P2,4.317um-1.2m-111keV-volume-20250528085330.zarr,PHerc0500P2/segments/20250919184429-0500P2-wrap02_0919/surface-volumes/4.317um-1.2m-111keV-volume-20250528085330.zarr,zarr,True,layers-zarr,"1200,880","61,880,1200",True,0,/volumes//esrf/20250506/4.317um_HA2200_HEL_111keV_1.2m_scroll-fragment-0500P2_D_0001_masked.zarr/,True,True,6,6,reproduced_at_documented_scale,2,PHerc0500P2/segments/20250919184429-0500P2-wrap02_0919/mesh/intermediate/tifxyz_normalized,tifxyz_normalized,1,0.999583,1.00042,1,0,0,,reproduced_at_documented_scale,6,PHerc0500P2/segments/20250919184429-0500P2-wrap02_0919/mesh/20250919184429-on-20250528085330-4.317um.tifxyz,transformed,1,0.999583,1.00042,1,0,0,True,reproduced_at_documented_scale,True,True,False
PHerc0500P2/segments/20250919184429-0500P2-wrap02_0919,PHerc0500P2,9.362um-1.2m-113keV-volume-20250820143440.zarr,PHerc0500P2/segments/20250919184429-0500P2-wrap02_0919/surface-volumes/9.362um-1.2m-113keV-volume-20250820143440.zarr,zarr,True,layers-zarr,"560,400","28,400,560",True,0,/volumes/esrf/20250717/sam2long-16xdown/SCROLLS_HEL_4.681um_113keV_1.2m_binmean_2_PHerc_0500P2_HA_0001_masked.zarr/,True,True,6,6,not_reproduced_from_any_published_variant,2,PHerc0500P2/segments/20250919184429-0500P2-wrap02_0919/mesh/intermediate/tifxyz_original,tifxyz_original,1,,,,6,0.016129,,reproduced_at_documented_scale,6,PHerc0500P2/segments/20250919184429-0500P2-wrap02_0919/mesh/20250919184429-on-20250820143440-9.362um.tifxyz,transformed,1,0.999107,1.00089,1,0,0,True,reproduced_at_documented_scale,False,True,False
PHerc0500P2/segments/20250919184430-0500P2-wrap03_0919,PHerc0500P2,2.215um-0.4m-111keV-volume-20250526151718.zarr,PHerc0500P2/segments/20250919184430-0500P2-wrap03_0919/surface-volumes/2.215um-0.4m-111keV-volume-20250526151718.zarr,zarr,True,layers-zarr,"3280,2340","118,2340,3280",True,0,/volumes/esrf/20250506/2.215um_HEL_TA_0.4m_110keV_scroll-fragment_0500P2_TA_0001_masked.zarr/,True,True,5,5,not_reproduced_from_any_published_variant,2,PHerc0500P2/segments/20250919184430-0500P2-wrap03_0919/mesh/intermediate/tifxyz_normalized,tifxyz_normalized,1,,,,3,0.001221,,reproduced_at_documented_scale,5,PHerc0500P2/segments/20250919184430-0500P2-wrap03_0919/mesh/20250919184430-on-20250526151718-2.215um.tifxyz,transformed,1,0.999848,1.00015,1,0,0,True,reproduced_at_documented_scale,False,True,False
PHerc0500P2/segments/20250919184430-0500P2-wrap03_0919,PHerc0500P2,4.317um-1.2m-111keV-volume-20250528085330.zarr,PHerc0500P2/segments/20250919184430-0500P2-wrap03_0919/surface-volumes/4.317um-1.2m-111keV-volume-20250528085330.zarr,zarr,True,layers-zarr,"1680,1200","61,1200,1680",True,0,/volumes//esrf/20250506/4.317um_HA2200_HEL_111keV_1.2m_scroll-fragment-0500P2_D_0001_masked.zarr/,True,True,5,5,reproduced_at_documented_scale,2,PHerc0500P2/segments/20250919184430-0500P2-wrap03_0919/mesh/intermediate/tifxyz_normalized,tifxyz_normalized,1,0.999702,1.0003,1,0,0,,reproduced_at_documented_scale,5,PHerc0500P2/segments/20250919184430-0500P2-wrap03_0919/mesh/20250919184430-on-20250528085330-4.317um.tifxyz,transformed,1,0.999702,1.0003,1,0,0,True,reproduced_at_documented_scale,True,True,False
PHerc0500P2/segments/20250919184430-0500P2-wrap03_0919,PHerc0500P2,9.362um-1.2m-113keV-volume-20250820143440.zarr,PHerc0500P2/segments/20250919184430-0500P2-wrap03_0919/surface-volumes/9.362um-1.2m-113keV-volume-20250820143440.zarr,zarr,True,layers-zarr,"780,560","28,560,780",True,0,/volumes/esrf/20250717/sam2long-16xdown/SCROLLS_HEL_4.681um_113keV_1.2m_binmean_2_PHerc_0500P2_HA_0001_masked.zarr/,True,True,5,5,not_reproduced_from_any_published_variant,2,PHerc0500P2/segments/20250919184430-0500P2-wrap03_0919/mesh/intermediate/tifxyz_normalized,tifxyz_normalized,1,,,,2,0.00512821,,reproduced_at_documented_scale,5,PHerc0500P2/segments/20250919184430-0500P2-wrap03_0919/mesh/20250919184430-on-20250820143440-9.362um.tifxyz,transformed,1,0.999359,1.00064,1,0,0,True,reproduced_at_documented_scale,False,True,False
PHerc0500P2/segments/20250919184431-0500P2-wrap04_0919,PHerc0500P2,2.215um-0.4m-111keV-volume-20250526151718.zarr,PHerc0500P2/segments/20250919184431-0500P2-wrap04_0919/surface-volumes/2.215um-0.4m-111keV-volume-20250526151718.zarr,zarr,True,layers-zarr,"4020,5480","118,5480,4020",True,0,/volumes/esrf/20250506/2.215um_HEL_TA_0.4m_110keV_scroll-fragment_0500P2_TA_0001_masked.zarr/,True,True,5,5,not_reproduced_from_any_published_variant,2,PHerc0500P2/segments/20250919184431-0500P2-wrap04_0919/mesh/intermediate/tifxyz_original,tifxyz_original,1,,,,14,0.00345495,,reproduced_at_documented_scale,5,PHerc0500P2/segments/20250919184431-0500P2-wrap04_0919/mesh/20250919184431-on-20250526151718-2.215um.tifxyz,transformed,1,0.999909,1.00009,1,0,0,True,reproduced_at_documented_scale,False,True,False
PHerc0500P2/segments/20250919184431-0500P2-wrap04_0919,PHerc0500P2,4.317um-1.2m-111keV-volume-20250528085330.zarr,PHerc0500P2/segments/20250919184431-0500P2-wrap04_0919/surface-volumes/4.317um-1.2m-111keV-volume-20250528085330.zarr,zarr,True,layers-zarr,"2060,2820","61,2820,2060",True,0,/volumes//esrf/20250506/4.317um_HA2200_HEL_111keV_1.2m_scroll-fragment-0500P2_D_0001_masked.zarr/,True,True,5,5,reproduced_at_documented_scale,2,PHerc0500P2/segments/20250919184431-0500P2-wrap04_0919/mesh/intermediate/tifxyz_normalized,tifxyz_normalized,1,0.999823,1.00018,1,0,0,,reproduced_at_documented_scale,5,PHerc0500P2/segments/20250919184431-0500P2-wrap04_0919/mesh/20250919184431-on-20250528085330-4.317um.tifxyz,transformed,1,0.999823,1.00018,1,0,0,True,reproduced_at_documented_scale,True,True,False
PHerc0500P2/segments/20250919184431-0500P2-wrap04_0919,PHerc0500P2,9.362um-1.2m-113keV-volume-20250820143440.zarr,PHerc0500P2/segments/20250919184431-0500P2-wrap04_0919/surface-volumes/9.362um-1.2m-113keV-volume-20250820143440.zarr,zarr,True,layers-zarr,"960,1300","28,1300,960",True,0,/volumes/esrf/20250717/sam2long-16xdown/SCROLLS_HEL_4.681um_113keV_1.2m_binmean_2_PHerc_0500P2_HA_0001_masked.zarr/,True,True,5,5,not_reproduced_from_any_published_variant,2,PHerc0500P2/segments/20250919184431-0500P2-wrap04_0919/mesh/intermediate/tifxyz_original,tifxyz_original,1,,,,3,0.00319303,,reproduced_at_documented_scale,5,PHerc0500P2/segments/20250919184431-0500P2-wrap04_0919/mesh/20250919184431-on-20250820143440-9.362um.tifxyz,transformed,1,0.999615,1.00038,1,0,0,True,reproduced_at_documented_scale,False,True,False
PHerc0500P2/segments/20250919184432-0500P2-wrap05_0919,PHerc0500P2,2.215um-0.4m-111keV-volume-20250526151718.zarr,PHerc0500P2/segments/20250919184432-0500P2-wrap05_0919/surface-volumes/2.215um-0.4m-111keV-volume-20250526151718.zarr,zarr,True,layers-zarr,"4760,4160","118,4160,4760",True,0,/volumes/esrf/20250506/2.215um_HEL_TA_0.4m_110keV_scroll-fragment_0500P2_TA_0001_masked.zarr/,True,True,5,5,not_reproduced_from_any_published_variant,2,PHerc0500P2/segments/20250919184432-0500P2-wrap05_0919/mesh/intermediate/tifxyz_normalized,tifxyz_normalized,1,,,,14,0.00354666,,reproduced_at_documented_scale,5,PHerc0500P2/segments/20250919184432-0500P2-wrap05_0919/mesh/20250919184432-on-20250526151718-2.215um.tifxyz,transformed,1,0.999895,1.00011,1,0,0,True,reproduced_at_documented_scale,False,True,False
PHerc0500P2/segments/20250919184432-0500P2-wrap05_0919,PHerc0500P2,4.317um-1.2m-111keV-volume-20250528085330.zarr,PHerc0500P2/segments/20250919184432-0500P2-wrap05_0919/surface-volumes/4.317um-1.2m-111keV-volume-20250528085330.zarr,zarr,True,layers-zarr,"2440,2140","61,2140,2440",True,0,/volumes//esrf/20250506/4.317um_HA2200_HEL_111keV_1.2m_scroll-fragment-0500P2_D_0001_masked.zarr/,True,True,5,5,reproduced_at_documented_scale,2,PHerc0500P2/segments/20250919184432-0500P2-wrap05_0919/mesh/intermediate/tifxyz_normalized,tifxyz_normalized,1,0.999795,1.0002,1,0,0,,reproduced_at_documented_scale,5,PHerc0500P2/segments/20250919184432-0500P2-wrap05_0919/mesh/20250919184432-on-20250528085330-4.317um.tifxyz,transformed,1,0.999795,1.0002,1,0,0,True,reproduced_at_documented_scale,True,True,False
PHerc0500P2/segments/20250919184432-0500P2-wrap05_0919,PHerc0500P2,9.362um-1.2m-113keV-volume-20250820143440.zarr,PHerc0500P2/segments/20250919184432-0500P2-wrap05_0919/surface-volumes/9.362um-1.2m-113keV-volume-20250820143440.zarr,zarr,True,layers-zarr,"1140,980","28,980,1140",True,0,/volumes/esrf/20250717/sam2long-16xdown/SCROLLS_HEL_4.681um_113keV_1.2m_binmean_2_PHerc_0500P2_HA_0001_masked.zarr/,True,True,5,5,not_reproduced_from_any_published_variant,2,PHerc0500P2/segments/20250919184432-0500P2-wrap05_0919/mesh/intermediate/tifxyz_normalized,tifxyz_normalized,1,,,,19,0.0202409,,reproduced_at_documented_scale,5,PHerc0500P2/segments/20250919184432-0500P2-wrap05_0919/mesh/20250919184432-on-20250820143440-9.362um.tifxyz,transformed,1,0.999561,1.00044,1,0,0,True,reproduced_at_documented_scale,False,True,False
PHerc0500P2/segments/20250919184433-0500P2-wrap06_0919,PHerc0500P2,2.215um-0.4m-111keV-volume-20250526151718.zarr,PHerc0500P2/segments/20250919184433-0500P2-wrap06_0919/surface-volumes/2.215um-0.4m-111keV-volume-20250526151718.zarr,zarr,True,layers-zarr,"3900,3940","118,3940,3900",True,0,/volumes/esrf/20250506/2.215um_HEL_TA_0.4m_110keV_scroll-fragment_0500P2_TA_0001_masked.zarr/,True,True,5,5,reproduced_at_another_scale,2,PHerc0500P2/segments/20250919184433-0500P2-wrap06_0919/mesh/intermediate/tifxyz_normalized,tifxyz_normalized,1,1.95025,1.95025,,0,0.000253872,,reproduced_at_documented_scale,5,PHerc0500P2/segments/20250919184433-0500P2-wrap06_0919/mesh/20250919184433-on-20250526151718-2.215um.tifxyz,transformed,1,0.999873,1.00013,1,0,0,True,reproduced_at_documented_scale,False,True,False
PHerc0500P2/segments/20250919184433-0500P2-wrap06_0919,PHerc0500P2,4.317um-1.2m-111keV-volume-20250528085330.zarr,PHerc0500P2/segments/20250919184433-0500P2-wrap06_0919/surface-volumes/4.317um-1.2m-111keV-volume-20250528085330.zarr,zarr,True,layers-zarr,"2000,2020","61,2020,2000",True,0,/volumes//esrf/20250506/4.317um_HA2200_HEL_111keV_1.2m_scroll-fragment-0500P2_D_0001_masked.zarr/,True,True,5,5,reproduced_at_documented_scale,2,PHerc0500P2/segments/20250919184433-0500P2-wrap06_0919/mesh/intermediate/tifxyz_normalized,tifxyz_normalized,1,0.999752,1.00025,1,0,0,,reproduced_at_documented_scale,5,PHerc0500P2/segments/20250919184433-0500P2-wrap06_0919/mesh/20250919184433-on-20250528085330-4.317um.tifxyz,transformed,1,0.999752,1.00025,1,0,0,True,reproduced_at_documented_scale,True,True,False
PHerc0500P2/segments/20250919184433-0500P2-wrap06_0919,PHerc0500P2,9.362um-1.2m-113keV-volume-20250820143440.zarr,PHerc0500P2/segments/20250919184433-0500P2-wrap06_0919/surface-volumes/9.362um-1.2m-113keV-volume-20250820143440.zarr,zarr,True,layers-zarr,"920,940","28,940,920",True,0,/volumes/esrf/20250717/sam2long-16xdown/SCROLLS_HEL_4.681um_113keV_1.2m_binmean_2_PHerc_0500P2_HA_0001_masked.zarr/,True,True,5,5,not_reproduced_from_any_published_variant,2,PHerc0500P2/segments/20250919184433-0500P2-wrap06_0919/mesh/intermediate/tifxyz_normalized,tifxyz_normalized,1,,,,10,0.0116229,,reproduced_at_documented_scale,5,PHerc0500P2/segments/20250919184433-0500P2-wrap06_0919/mesh/20250919184433-on-20250820143440-9.362um.tifxyz,transformed,1,0.999468,1.00053,1,0,0,True,reproduced_at_documented_scale,False,True,False
PHerc0500P2/segments/20250919184434-0500P2-wrap07_0919,PHerc0500P2,2.215um-0.4m-111keV-volume-20250526151718.zarr,PHerc0500P2/segments/20250919184434-0500P2-wrap07_0919/surface-volumes/2.215um-0.4m-111keV-volume-20250526151718.zarr,zarr,True,layers-zarr,"3700,4160","118,4160,3700",True,0,/volumes/esrf/20250506/2.215um_HEL_TA_0.4m_110keV_scroll-fragment_0500P2_TA_0001_masked.zarr/,True,True,5,5,not_reproduced_from_any_published_variant,2,PHerc0500P2/segments/20250919184434-0500P2-wrap07_0919/mesh/intermediate/tifxyz_normalized,tifxyz_normalized,1,,,,6,0.00177126,,reproduced_at_documented_scale,5,PHerc0500P2/segments/20250919184434-0500P2-wrap07_0919/mesh/20250919184434-on-20250526151718-2.215um.tifxyz,transformed,1,0.99988,1.00012,1,0,0,True,reproduced_at_documented_scale,False,True,False
PHerc0500P2/segments/20250919184434-0500P2-wrap07_0919,PHerc0500P2,4.317um-1.2m-111keV-volume-20250528085330.zarr,PHerc0500P2/segments/20250919184434-0500P2-wrap07_0919/surface-volumes/4.317um-1.2m-111keV-volume-20250528085330.zarr,zarr,True,layers-zarr,"1900,2140","61,2140,1900",True,0,/volumes//esrf/20250506/4.317um_HA2200_HEL_111keV_1.2m_scroll-fragment-0500P2_D_0001_masked.zarr/,True,True,5,5,reproduced_at_documented_scale,2,PHerc0500P2/segments/20250919184434-0500P2-wrap07_0919/mesh/intermediate/tifxyz_normalized,tifxyz_normalized,1,0.999766,1.00023,1,0,0,,reproduced_at_documented_scale,5,PHerc0500P2/segments/20250919184434-0500P2-wrap07_0919/mesh/20250919184434-on-20250528085330-4.317um.tifxyz,transformed,1,0.999766,1.00023,1,0,0,True,reproduced_at_documented_scale,True,True,False
PHerc0500P2/segments/20250919184434-0500P2-wrap07_0919,PHerc0500P2,9.362um-1.2m-113keV-volume-20250820143440.zarr,PHerc0500P2/segments/20250919184434-0500P2-wrap07_0919/surface-volumes/9.362um-1.2m-113keV-volume-20250820143440.zarr,zarr,True,layers-zarr,"880,980","28,980,880",True,0,/volumes/esrf/20250717/sam2long-16xdown/SCROLLS_HEL_4.681um_113keV_1.2m_binmean_2_PHerc_0500P2_HA_0001_masked.zarr/,True,True,5,5,not_reproduced_from_any_published_variant,2,PHerc0500P2/segments/20250919184434-0500P2-wrap07_0919/mesh/intermediate/tifxyz_normalized,tifxyz_normalized,1,,,,9,0.0113856,,reproduced_at_documented_scale,5,PHerc0500P2/segments/20250919184434-0500P2-wrap07_0919/mesh/20250919184434-on-20250820143440-9.362um.tifxyz,transformed,1,0.99949,1.00051,1,0,0,True,reproduced_at_documented_scale,False,True,False
PHerc0500P2/segments/20250919184435-0500P2-wrap08_0919,PHerc0500P2,2.215um-0.4m-111keV-volume-20250526151718.zarr,PHerc0500P2/segments/20250919184435-0500P2-wrap08_0919/surface-volumes/2.215um-0.4m-111keV-volume-20250526151718.zarr,zarr,True,layers-zarr,"3900,4080","118,4080,3900",True,0,/volumes/esrf/20250506/2.215um_HEL_TA_0.4m_110keV_scroll-fragment_0500P2_TA_0001_masked.zarr/,True,True,5,5,not_reproduced_from_any_published_variant,2,PHerc0500P2/segments/20250919184435-0500P2-wrap08_0919/mesh/intermediate/tifxyz_normalized,tifxyz_normalized,1,,,,14,0.00367647,,reproduced_at_documented_scale,5,PHerc0500P2/segments/20250919184435-0500P2-wrap08_0919/mesh/20250919184435-on-20250526151718-2.215um.tifxyz,transformed,1,0.999877,1.00012,1,0,0,True,reproduced_at_documented_scale,False,True,False
PHerc0500P2/segments/20250919184435-0500P2-wrap08_0919,PHerc0500P2,4.317um-1.2m-111keV-volume-20250528085330.zarr,PHerc0500P2/segments/20250919184435-0500P2-wrap08_0919/surface-volumes/4.317um-1.2m-111keV-volume-20250528085330.zarr,zarr,True,layers-zarr,"2000,2100","61,2100,2000",True,0,/volumes//esrf/20250506/4.317um_HA2200_HEL_111keV_1.2m_scroll-fragment-0500P2_D_0001_masked.zarr/,True,True,5,5,reproduced_at_documented_scale,2,PHerc0500P2/segments/20250919184435-0500P2-wrap08_0919/mesh/intermediate/tifxyz_normalized,tifxyz_normalized,1,0.999762,1.00024,1,0,0,,reproduced_at_documented_scale,5,PHerc0500P2/segments/20250919184435-0500P2-wrap08_0919/mesh/20250919184435-on-20250528085330-4.317um.tifxyz,transformed,1,0.999762,1.00024,1,0,0,True,reproduced_at_documented_scale,True,True,False
PHerc0500P2/segments/20250919184435-0500P2-wrap08_0919,PHerc0500P2,9.362um-1.2m-113keV-volume-20250820143440.zarr,PHerc0500P2/segments/20250919184435-0500P2-wrap08_0919/surface-volumes/9.362um-1.2m-113keV-volume-20250820143440.zarr,zarr,True,layers-zarr,"920,960","28,960,920",True,0,/volumes/esrf/20250717/sam2long-16xdown/SCROLLS_HEL_4.681um_113keV_1.2m_binmean_2_PHerc_0500P2_HA_0001_masked.zarr/,True,True,5,5,not_reproduced_from_any_published_variant,2,PHerc0500P2/segments/20250919184435-0500P2-wrap08_0919/mesh/intermediate/tifxyz_normalized,tifxyz_normalized,1,,,,5,0.00625,,reproduced_at_documented_scale,5,PHerc0500P2/segments/20250919184435-0500P2-wrap08_0919/mesh/20250919184435-on-20250820143440-9.362um.tifxyz,transformed,1,0.999479,1.00052,1,0,0,True,reproduced_at_documented_scale,False,True,False
PHerc0500P2/segments/20250919184436-0500P2-wrap09_0919,PHerc0500P2,2.215um-0.4m-111keV-volume-20250526151718.zarr,PHerc0500P2/segments/20250919184436-0500P2-wrap09_0919/surface-volumes/2.215um-0.4m-111keV-volume-20250526151718.zarr,zarr,True,layers-zarr,"2700,4360","118,4360,2700",True,0,/volumes/esrf/20250506/2.215um_HEL_TA_0.4m_110keV_scroll-fragment_0500P2_TA_0001_masked.zarr/,True,True,5,5,not_reproduced_from_any_published_variant,2,PHerc0500P2/segments/20250919184436-0500P2-wrap09_0919/mesh/intermediate/tifxyz_normalized,tifxyz_normalized,1,,,,14,0.00518548,,reproduced_at_documented_scale,5,PHerc0500P2/segments/20250919184436-0500P2-wrap09_0919/mesh/20250919184436-on-20250526151718-2.215um.tifxyz,transformed,1,0.999885,1.00011,1,0,0,True,reproduced_at_documented_scale,False,True,False
PHerc0500P2/segments/20250919184436-0500P2-wrap09_0919,PHerc0500P2,4.317um-1.2m-111keV-volume-20250528085330.zarr,PHerc0500P2/segments/20250919184436-0500P2-wrap09_0919/surface-volumes/4.317um-1.2m-111keV-volume-20250528085330.zarr,zarr,True,layers-zarr,"1380,2240","61,2240,1380",True,0,/volumes//esrf/20250506/4.317um_HA2200_HEL_111keV_1.2m_scroll-fragment-0500P2_D_0001_masked.zarr/,True,True,5,5,reproduced_at_documented_scale,2,PHerc0500P2/segments/20250919184436-0500P2-wrap09_0919/mesh/intermediate/tifxyz_normalized,tifxyz_normalized,1,0.999777,1.00022,1,0,0,,reproduced_at_documented_scale,5,PHerc0500P2/segments/20250919184436-0500P2-wrap09_0919/mesh/20250919184436-on-20250528085330-4.317um.tifxyz,transformed,1,0.999777,1.00022,1,0,0,True,reproduced_at_documented_scale,True,True,False
PHerc0500P2/segments/20250919184436-0500P2-wrap09_0919,PHerc0500P2,9.362um-1.2m-113keV-volume-20250820143440.zarr,PHerc0500P2/segments/20250919184436-0500P2-wrap09_0919/surface-volumes/9.362um-1.2m-113keV-volume-20250820143440.zarr,zarr,True,layers-zarr,"640,1040","28,1040,640",True,0,/volumes/esrf/20250717/sam2long-16xdown/SCROLLS_HEL_4.681um_113keV_1.2m_binmean_2_PHerc_0500P2_HA_0001_masked.zarr/,True,True,5,5,reproduced_at_another_scale,2,PHerc0500P2/segments/20250919184436-0500P2-wrap09_0919/mesh/intermediate/tifxyz_normalized,tifxyz_normalized,1,0.464063,0.46413,,0,0.00111607,,reproduced_at_documented_scale,5,PHerc0500P2/segments/20250919184436-0500P2-wrap09_0919/mesh/20250919184436-on-20250820143440-9.362um.tifxyz,transformed,1,0.999519,1.00048,1,0,0,True,reproduced_at_documented_scale,False,True,False
PHerc0500P2/segments/20250920020222-0500P2-wrap10_0919,PHerc0500P2,2.215um-0.4m-111keV-volume-20250526151718.zarr,PHerc0500P2/segments/20250920020222-0500P2-wrap10_0919/surface-volumes/2.215um-0.4m-111keV-volume-20250526151718.zarr,zarr,True,layers-zarr,"2680,4080","118,4080,2680",True,0,/volumes/esrf/20250506/2.215um_HEL_TA_0.4m_110keV_scroll-fragment_0500P2_TA_0001_masked.zarr/,True,True,5,5,not_reproduced_from_any_published_variant,2,PHerc0500P2/segments/20250920020222-0500P2-wrap10_0919/mesh/intermediate/tifxyz_normalized,tifxyz_normalized,1,,,,1,0.000426439,,reproduced_at_documented_scale,5,PHerc0500P2/segments/20250920020222-0500P2-wrap10_0919/mesh/20250920020222-on-20250526151718-2.215um.tifxyz,transformed,1,0.999877,1.00012,1,0,0,True,reproduced_at_documented_scale,False,True,False
PHerc0500P2/segments/20250920020222-0500P2-wrap10_0919,PHerc0500P2,4.317um-1.2m-111keV-volume-20250528085330.zarr,PHerc0500P2/segments/20250920020222-0500P2-wrap10_0919/surface-volumes/4.317um-1.2m-111keV-volume-20250528085330.zarr,zarr,True,layers-zarr,"1380,2100","61,2100,1380",True,0,/volumes//esrf/20250506/4.317um_HA2200_HEL_111keV_1.2m_scroll-fragment-0500P2_D_0001_masked.zarr/,True,True,5,5,reproduced_at_documented_scale,2,PHerc0500P2/segments/20250920020222-0500P2-wrap10_0919/mesh/intermediate/tifxyz_normalized,tifxyz_normalized,1,0.999762,1.00024,1,0,0,,reproduced_at_documented_scale,5,PHerc0500P2/segments/20250920020222-0500P2-wrap10_0919/mesh/20250920020222-on-20250528085330-4.317um.tifxyz,transformed,1,0.999762,1.00024,1,0,0,True,reproduced_at_documented_scale,True,True,False
PHerc0500P2/segments/20250920020222-0500P2-wrap10_0919,PHerc0500P2,9.362um-1.2m-113keV-volume-20250820143440.zarr,PHerc0500P2/segments/20250920020222-0500P2-wrap10_0919/surface-volumes/9.362um-1.2m-113keV-volume-20250820143440.zarr,zarr,True,layers-zarr,"640,980","28,980,640",True,0,/volumes/esrf/20250717/sam2long-16xdown/SCROLLS_HEL_4.681um_113keV_1.2m_binmean_2_PHerc_0500P2_HA_0001_masked.zarr/,True,True,5,5,not_reproduced_from_any_published_variant,2,PHerc0500P2/segments/20250920020222-0500P2-wrap10_0919/mesh/intermediate/tifxyz_normalized,tifxyz_normalized,1,,,,4,0.00625,,reproduced_at_documented_scale,5,PHerc0500P2/segments/20250920020222-0500P2-wrap10_0919/mesh/20250920020222-on-20250820143440-9.362um.tifxyz,transformed,1,0.99949,1.00051,1,0,0,True,reproduced_at_documented_scale,False,True,False
PHerc0500P2/segments/20250920020223-0500P2-wrap12_0919,PHerc0500P2,2.215um-0.4m-111keV-volume-20250526151718.zarr,PHerc0500P2/segments/20250920020223-0500P2-wrap12_0919/surface-volumes/2.215um-0.4m-111keV-volume-20250526151718.zarr,zarr,True,layers-zarr,"2960,3820","118,3820,2960",True,0,/volumes/esrf/20250506/2.215um_HEL_TA_0.4m_110keV_scroll-fragment_0500P2_TA_0001_masked.zarr/,True,True,5,5,not_reproduced_from_any_published_variant,2,PHerc0500P2/segments/20250920020223-0500P2-wrap12_0919/mesh/intermediate/tifxyz_normalized,tifxyz_normalized,1,,,,2,0.000827358,,reproduced_at_documented_scale,5,PHerc0500P2/segments/20250920020223-0500P2-wrap12_0919/mesh/20250920020223-on-20250526151718-2.215um.tifxyz,transformed,1,0.999869,1.00013,1,0,0,True,reproduced_at_documented_scale,False,True,False
PHerc0500P2/segments/20250920020223-0500P2-wrap12_0919,PHerc0500P2,4.317um-1.2m-111keV-volume-20250528085330.zarr,PHerc0500P2/segments/20250920020223-0500P2-wrap12_0919/surface-volumes/4.317um-1.2m-111keV-volume-20250528085330.zarr,zarr,True,layers-zarr,"1520,1960","61,1960,1520",True,0,/volumes//esrf/20250506/4.317um_HA2200_HEL_111keV_1.2m_scroll-fragment-0500P2_D_0001_masked.zarr/,True,True,5,5,reproduced_at_documented_scale,2,PHerc0500P2/segments/20250920020223-0500P2-wrap12_0919/mesh/intermediate/tifxyz_normalized,tifxyz_normalized,1,0.999745,1.00026,1,0,0,,reproduced_at_documented_scale,5,PHerc0500P2/segments/20250920020223-0500P2-wrap12_0919/mesh/20250920020223-on-20250528085330-4.317um.tifxyz,transformed,1,0.999745,1.00026,1,0,0,True,reproduced_at_documented_scale,True,True,False
PHerc0500P2/segments/20250920020223-0500P2-wrap12_0919,PHerc0500P2,9.362um-1.2m-113keV-volume-20250820143440.zarr,PHerc0500P2/segments/20250920020223-0500P2-wrap12_0919/surface-volumes/9.362um-1.2m-113keV-volume-20250820143440.zarr,zarr,True,layers-zarr,"700,900","28,900,700",True,0,/volumes/esrf/20250717/sam2long-16xdown/SCROLLS_HEL_4.681um_113keV_1.2m_binmean_2_PHerc_0500P2_HA_0001_masked.zarr/,True,True,5,5,not_reproduced_from_any_published_variant,2,PHerc0500P2/segments/20250920020223-0500P2-wrap12_0919/mesh/intermediate/tifxyz_normalized,tifxyz_normalized,1,,,,2,0.00292398,,reproduced_at_documented_scale,5,PHerc0500P2/segments/20250920020223-0500P2-wrap12_0919/mesh/20250920020223-on-20250820143440-9.362um.tifxyz,transformed,1,0.999444,1.00056,1,0,0,True,reproduced_at_documented_scale,False,True,False
PHerc0500P2/segments/20250920020224-0500P2-wrap13_0919,PHerc0500P2,2.215um-0.4m-111keV-volume-20250526151718.zarr,PHerc0500P2/segments/20250920020224-0500P2-wrap13_0919/surface-volumes/2.215um-0.4m-111keV-volume-20250526151718.zarr,zarr,True,layers-zarr,"2880,3700","118,3700,2880",True,0,/volumes/esrf/20250506/2.215um_HEL_TA_0.4m_110keV_scroll-fragment_0500P2_TA_0001_masked.zarr/,True,True,5,5,not_reproduced_from_any_published_variant,2,PHerc0500P2/segments/20250920020224-0500P2-wrap13_0919/mesh/intermediate/tifxyz_normalized,tifxyz_normalized,1,,,,2,0.000730994,,reproduced_at_documented_scale,5,PHerc0500P2/segments/20250920020224-0500P2-wrap13_0919/mesh/20250920020224-on-20250526151718-2.215um.tifxyz,transformed,1,0.999865,1.00014,1,0,0,True,reproduced_at_documented_scale,False,True,False
PHerc0500P2/segments/20250920020224-0500P2-wrap13_0919,PHerc0500P2,4.317um-1.2m-111keV-volume-20250528085330.zarr,PHerc0500P2/segments/20250920020224-0500P2-wrap13_0919/surface-volumes/4.317um-1.2m-111keV-volume-20250528085330.zarr,zarr,True,layers-zarr,"1480,1900","61,1900,1480",True,0,/volumes//esrf/20250506/4.317um_HA2200_HEL_111keV_1.2m_scroll-fragment-0500P2_D_0001_masked.zarr/,True,True,5,5,reproduced_at_documented_scale,2,PHerc0500P2/segments/20250920020224-0500P2-wrap13_0919/mesh/intermediate/tifxyz_normalized,tifxyz_normalized,1,0.999737,1.00026,1,0,0,,reproduced_at_documented_scale,5,PHerc0500P2/segments/20250920020224-0500P2-wrap13_0919/mesh/20250920020224-on-20250528085330-4.317um.tifxyz,transformed,1,0.999737,1.00026,1,0,0,True,reproduced_at_documented_scale,True,True,False
PHerc0500P2/segments/20250920020224-0500P2-wrap13_0919,PHerc0500P2,9.362um-1.2m-113keV-volume-20250820143440.zarr,PHerc0500P2/segments/20250920020224-0500P2-wrap13_0919/surface-volumes/9.362um-1.2m-113keV-volume-20250820143440.zarr,zarr,True,layers-zarr,"680,880","28,880,680",True,0,/volumes/esrf/20250717/sam2long-16xdown/SCROLLS_HEL_4.681um_113keV_1.2m_binmean_2_PHerc_0500P2_HA_0001_masked.zarr/,True,True,5,5,not_reproduced_from_any_published_variant,2,PHerc0500P2/segments/20250920020224-0500P2-wrap13_0919/mesh/intermediate/tifxyz_normalized,tifxyz_normalized,1,,,,5,0.00804954,,reproduced_at_documented_scale,5,PHerc0500P2/segments/20250920020224-0500P2-wrap13_0919/mesh/20250920020224-on-20250820143440-9.362um.tifxyz,transformed,1,0.999432,1.00057,1,0,0,True,reproduced_at_documented_scale,False,True,False
PHerc0500P2/segments/20250922024644-0500P2-wrap11_0919,PHerc0500P2,2.215um-0.4m-111keV-volume-20250526151718.zarr,PHerc0500P2/segments/20250922024644-0500P2-wrap11_0919/surface-volumes/2.215um-0.4m-111keV-volume-20250526151718.zarr,zarr,True,layers-zarr,"4360,3000","118,3000,4360",True,0,/volumes/esrf/20250506/2.215um_HEL_TA_0.4m_110keV_scroll-fragment_0500P2_TA_0001_masked.zarr/,True,True,5,5,not_reproduced_from_any_published_variant,2,PHerc0500P2/segments/20250922024644-0500P2-wrap11_0919/mesh/intermediate/tifxyz_normalized,tifxyz_normalized,1,,,,2,0.000834028,,reproduced_at_documented_scale,5,PHerc0500P2/segments/20250922024644-0500P2-wrap11_0919/mesh/20250922024644-on-20250526151718-2.215um.tifxyz,transformed,1,0.999885,1.00011,1,0,0,True,reproduced_at_documented_scale,False,True,False
PHerc0500P2/segments/20250922024644-0500P2-wrap11_0919,PHerc0500P2,4.317um-1.2m-111keV-volume-20250528085330.zarr,PHerc0500P2/segments/20250922024644-0500P2-wrap11_0919/surface-volumes/4.317um-1.2m-111keV-volume-20250528085330.zarr,zarr,True,layers-zarr,"2240,1540","61,1540,2240",True,0,/volumes//esrf/20250506/4.317um_HA2200_HEL_111keV_1.2m_scroll-fragment-0500P2_D_0001_masked.zarr/,True,True,5,5,reproduced_at_documented_scale,2,PHerc0500P2/segments/20250922024644-0500P2-wrap11_0919/mesh/intermediate/tifxyz_normalized,tifxyz_normalized,1,0.999777,1.00022,1,0,0,,reproduced_at_documented_scale,5,PHerc0500P2/segments/20250922024644-0500P2-wrap11_0919/mesh/20250922024644-on-20250528085330-4.317um.tifxyz,transformed,1,0.999777,1.00022,1,0,0,True,reproduced_at_documented_scale,True,True,False
PHerc0500P2/segments/20250922024644-0500P2-wrap11_0919,PHerc0500P2,9.362um-1.2m-113keV-volume-20250820143440.zarr,PHerc0500P2/segments/20250922024644-0500P2-wrap11_0919/surface-volumes/9.362um-1.2m-113keV-volume-20250820143440.zarr,zarr,True,layers-zarr,"1040,720","28,720,1040",True,0,/volumes/esrf/20250717/sam2long-16xdown/SCROLLS_HEL_4.681um_113keV_1.2m_binmean_2_PHerc_0500P2_HA_0001_masked.zarr/,True,True,5,5,not_reproduced_from_any_published_variant,2,PHerc0500P2/segments/20250922024644-0500P2-wrap11_0919/mesh/intermediate/tifxyz_normalized,tifxyz_normalized,1,,,,5,0.00699301,,reproduced_at_documented_scale,5,PHerc0500P2/segments/20250922024644-0500P2-wrap11_0919/mesh/20250922024644-on-20250820143440-9.362um.tifxyz,transformed,1,0.999519,1.00048,1,0,0,True,reproduced_at_documented_scale,False,True,False
PHerc0800/segments/20251028213516-auto_grown_20251028213516907,PHerc0800,8.64um-1.2m-116keV-volume-20250521135224.zarr,PHerc0800/segments/20251028213516-auto_grown_20251028213516907/surface-volumes/8.64um-1.2m-116keV-volume-20250521135224.zarr,zarr,True,layers-zarr,"2240,2160","31,2160,2240",True,0,/volumes/esrf/20250506/SCROLLS_HEL_4.320um_1.0m_116keV_binmean_2_PHerc0800_TA_B_0001_masked.zarr/,True,True,3,3,reproduced_at_documented_scale,2,PHerc0800/segments/20251028213516-auto_grown_20251028213516907/mesh/intermediate/tifxyz_normalized,tifxyz_normalized,1,0.999777,1.00022,1,0,0,,reproduced_at_documented_scale,3,PHerc0800/segments/20251028213516-auto_grown_20251028213516907/mesh/20251028213516-on-20250521135224-8.64um.tifxyz,transformed,1,0.999777,1.00022,1,0,0,True,reproduced_at_documented_scale,True,True,False
PHerc0800/segments/20251028220042-auto_grown_20251028220042762,PHerc0800,8.64um-1.2m-116keV-volume-20250521135224.zarr,PHerc0800/segments/20251028220042-auto_grown_20251028220042762/surface-volumes/8.64um-1.2m-116keV-volume-20250521135224.zarr,zarr,True,layers-zarr,"2000,2040","31,2040,2000",True,0,/volumes/esrf/20250506/SCROLLS_HEL_4.320um_1.0m_116keV_binmean_2_PHerc0800_TA_B_0001_masked.zarr/,True,True,3,3,reproduced_at_documented_scale,2,PHerc0800/segments/20251028220042-auto_grown_20251028220042762/mesh/intermediate/tifxyz_normalized,tifxyz_normalized,1,0.999755,1.00025,1,0,0,,reproduced_at_documented_scale,3,PHerc0800/segments/20251028220042-auto_grown_20251028220042762/mesh/20251028220042-on-20250521135224-8.64um.tifxyz,transformed,1,0.999755,1.00025,1,0,0,True,reproduced_at_documented_scale,True,True,False
PHerc0800/segments/20251028220955-auto_grown_20251028220955262,PHerc0800,8.64um-1.2m-116keV-volume-20250521135224.zarr,PHerc0800/segments/20251028220955-auto_grown_20251028220955262/surface-volumes/8.64um-1.2m-116keV-volume-20250521135224.zarr,zarr,True,layers-zarr,"2100,2100","31,2100,2100",True,0,/volumes/esrf/20250506/SCROLLS_HEL_4.320um_1.0m_116keV_binmean_2_PHerc0800_TA_B_0001_masked.zarr/,True,True,3,3,reproduced_at_documented_scale,2,PHerc0800/segments/20251028220955-auto_grown_20251028220955262/mesh/intermediate/tifxyz_normalized,tifxyz_normalized,1,0.999762,1.00024,1,0,0,,reproduced_at_documented_scale,3,PHerc0800/segments/20251028220955-auto_grown_20251028220955262/mesh/20251028220955-on-20250521135224-8.64um.tifxyz,transformed,1,0.999762,1.00024,1,0,0,True,reproduced_at_documented_scale,True,True,False
PHerc0800/segments/20251028222030-auto_grown_20251028222030940,PHerc0800,8.64um-1.2m-116keV-volume-20250521135224.zarr,PHerc0800/segments/20251028222030-auto_grown_20251028222030940/surface-volumes/8.64um-1.2m-116keV-volume-20250521135224.zarr,zarr,True,layers-zarr,"2580,2580","31,2580,2580",True,0,/volumes/esrf/20250506/SCROLLS_HEL_4.320um_1.0m_116keV_binmean_2_PHerc0800_TA_B_0001_masked.zarr/,True,True,3,3,reproduced_at_documented_scale,2,PHerc0800/segments/20251028222030-auto_grown_20251028222030940/mesh/intermediate/tifxyz_normalized,tifxyz_normalized,1,0.999806,1.00019,1,0,0,,reproduced_at_documented_scale,3,PHerc0800/segments/20251028222030-auto_grown_20251028222030940/mesh/20251028222030-on-20250521135224-8.64um.tifxyz,transformed,1,0.999806,1.00019,1,0,0,True,reproduced_at_documented_scale,True,True,False
PHerc0800/segments/20251028225813-auto_grown_20251028225813045,PHerc0800,8.64um-1.2m-116keV-volume-20250521135224.zarr,PHerc0800/segments/20251028225813-auto_grown_20251028225813045/surface-volumes/8.64um-1.2m-116keV-volume-20250521135224.zarr,zarr,True,layers-zarr,"2260,2300","31,2300,2260",True,0,/volumes/esrf/20250506/SCROLLS_HEL_4.320um_1.0m_116keV_binmean_2_PHerc0800_TA_B_0001_masked.zarr/,True,True,3,3,reproduced_at_documented_scale,2,PHerc0800/segments/20251028225813-auto_grown_20251028225813045/mesh/intermediate/tifxyz_normalized,tifxyz_normalized,1,0.999783,1.00022,1,0,0,,reproduced_at_documented_scale,3,PHerc0800/segments/20251028225813-auto_grown_20251028225813045/mesh/20251028225813-on-20250521135224-8.64um.tifxyz,transformed,1,0.999783,1.00022,1,0,0,True,reproduced_at_documented_scale,True,True,False
PHerc0800/segments/20251029010146-auto_grown_20251029010146642,PHerc0800,8.64um-1.2m-116keV-volume-20250521135224.zarr,PHerc0800/segments/20251029010146-auto_grown_20251029010146642/surface-volumes/8.64um-1.2m-116keV-volume-20250521135224.zarr,zarr,True,layers-zarr,"980,980","31,980,980",True,0,/volumes/esrf/20250506/SCROLLS_HEL_4.320um_1.0m_116keV_binmean_2_PHerc0800_TA_B_0001_masked.zarr/,True,True,3,3,reproduced_at_documented_scale,2,PHerc0800/segments/20251029010146-auto_grown_20251029010146642/mesh/intermediate/tifxyz_normalized,tifxyz_normalized,1,0.99949,1.00051,1,0,0,,reproduced_at_documented_scale,3,PHerc0800/segments/20251029010146-auto_grown_20251029010146642/mesh/20251029010146-on-20250521135224-8.64um.tifxyz,transformed,1,0.99949,1.00051,1,0,0,True,reproduced_at_documented_scale,True,True,False
PHerc0814/segments/20250925161630-auto_grown_20250925161630635,PHerc0814,1.129um-0.22m-59keV-volume-20260521123630-L1.zarr,PHerc0814/segments/20250925161630-auto_grown_20250925161630635/surface-volumes/1.129um-0.22m-59keV-volume-20260521123630-L1.zarr,zarr,True,layers-zarr,"78620,21350","116,21350,78620",True,1,/volumes/esrf/20260311/1.129um_mosaic_PHerc_0814_masked.zarr/,True,True,5,5,not_reproduced_from_any_published_variant,2,PHerc0814/segments/20250925161630-auto_grown_20250925161630635/mesh/intermediate/tifxyz_normalized,tifxyz_normalized,0.5,,,,1,7.19832e-05,,reproduced_at_documented_scale,5,PHerc0814/segments/20250925161630-auto_grown_20250925161630635/mesh/20250925161630-on-20260521123630-1.129um.tifxyz,transformed,0.5,0.499997,0.500003,0.5,0,0,True,reproduced_at_documented_scale,False,False,False
PHerc0814/segments/20250925161630-auto_grown_20250925161630635,PHerc0814,1.129um-0.22m-59keV-volume-20260521123630.zarr,PHerc0814/segments/20250925161630-auto_grown_20250925161630635/surface-volumes/1.129um-0.22m-59keV-volume-20260521123630.zarr,zarr,True,layers-zarr,"157240,42700","231,42700,157240",True,0,/volumes/esrf/20260311/1.129um_mosaic_PHerc_0814_masked.zarr/,True,True,5,5,not_reproduced_from_any_published_variant,2,PHerc0814/segments/20250925161630-auto_grown_20250925161630635/mesh/intermediate/tifxyz_normalized,tifxyz_normalized,1,,,,3,7.19832e-05,,reproduced_at_documented_scale,5,PHerc0814/segments/20250925161630-auto_grown_20250925161630635/mesh/20250925161630-on-20260521123630-1.129um.tifxyz,transformed,1,0.999997,1,1,0,0,True,reproduced_at_documented_scale,False,True,False
PHerc0814/segments/20250925161630-auto_grown_20250925161630635,PHerc0814,2.399um-0.22m-78keV-volume-20260309142202.zarr,PHerc0814/segments/20250925161630-auto_grown_20250925161630635/surface-volumes/2.399um-0.22m-78keV-volume-20260309142202.zarr,zarr,True,layers-zarr,"73920,20080","109,20080,73920",True,0,/volumes/esrf/20251130/SCROLLS_HEL_2.399um_78keV_0.22m_PHerc_0814_TA2_0001_masked.zarr/,True,True,5,5,not_reproduced_from_any_published_variant,2,PHerc0814/segments/20250925161630-auto_grown_20250925161630635/mesh/intermediate/tifxyz_normalized,tifxyz_normalized,1,,,,5,0.000243297,,reproduced_at_documented_scale,5,PHerc0814/segments/20250925161630-auto_grown_20250925161630635/mesh/20250925161630-on-20260309142202-2.399um.tifxyz,transformed,1,0.999993,1.00001,1,0,0,True,reproduced_at_documented_scale,False,True,False
PHerc0814/segments/20250925161630-auto_grown_20250925161630635,PHerc0814,9.362um-1.2m-113keV-volume-20250804134230.zarr,PHerc0814/segments/20250925161630-auto_grown_20250925161630635/surface-volumes/9.362um-1.2m-113keV-volume-20250804134230.zarr,zarr,True,layers-zarr,"19000,5160","28,5160,19000",True,0,/volumes/esrf/20250717/SCROLLS_HEL_4.681um_113keV_1.2m_binmean_2_PHerc_0814_TA_0001_masked.zarr/,True,True,5,5,reproduced_at_documented_scale,2,PHerc0814/segments/20250925161630-auto_grown_20250925161630635/mesh/intermediate/tifxyz_normalized,tifxyz_normalized,1,0.999974,1.00003,1,0,0,,reproduced_at_documented_scale,5,PHerc0814/segments/20250925161630-auto_grown_20250925161630635/mesh/20250925161630-on-20250804134230-9.362um.tifxyz,transformed,1,0.999974,1.00003,1,0,0,True,reproduced_at_documented_scale,True,True,False
PHerc0814/segments/20250925182632-auto_grown_20250925182632715,PHerc0814,1.129um-0.22m-59keV-volume-20260521123630-L1.zarr,PHerc0814/segments/20250925182632-auto_grown_20250925182632715/surface-volumes/1.129um-0.22m-59keV-volume-20260521123630-L1.zarr,zarr,True,layers-zarr,"89710,19780","116,19780,89710",True,1,/volumes/esrf/20260311/1.129um_mosaic_PHerc_0814_masked.zarr/,True,True,5,5,not_reproduced_from_any_published_variant,2,PHerc0814/segments/20250925182632-auto_grown_20250925182632715/mesh/intermediate/tifxyz_normalized,tifxyz_normalized,0.5,,,,1,3.87114e-05,,reproduced_at_documented_scale,5,PHerc0814/segments/20250925182632-auto_grown_20250925182632715/mesh/20250925182632-on-20260521123630-1.129um.tifxyz,transformed,0.5,0.499997,0.500003,0.5,0,0,True,reproduced_at_documented_scale,False,False,False
PHerc0814/segments/20250925182632-auto_grown_20250925182632715,PHerc0814,1.129um-0.22m-59keV-volume-20260521123630.zarr,PHerc0814/segments/20250925182632-auto_grown_20250925182632715/surface-volumes/1.129um-0.22m-59keV-volume-20260521123630.zarr,zarr,True,layers-zarr,"179420,39560","231,39560,179420",True,0,/volumes/esrf/20260311/1.129um_mosaic_PHerc_0814_masked.zarr/,True,True,5,5,not_reproduced_from_any_published_variant,2,PHerc0814/segments/20250925182632-auto_grown_20250925182632715/mesh/intermediate/tifxyz_normalized,tifxyz_normalized,1,,,,1,3.87114e-05,,reproduced_at_documented_scale,5,PHerc0814/segments/20250925182632-auto_grown_20250925182632715/mesh/20250925182632-on-20260521123630-1.129um.tifxyz,transformed,1,0.999997,1,1,0,0,True,reproduced_at_documented_scale,False,True,False
PHerc0814/segments/20250925182632-auto_grown_20250925182632715,PHerc0814,2.399um-0.22m-78keV-volume-20260309142202.zarr,PHerc0814/segments/20250925182632-auto_grown_20250925182632715/surface-volumes/2.399um-0.22m-78keV-volume-20260309142202.zarr,zarr,True,layers-zarr,"84340,18600","109,18600,84340",True,0,/volumes/esrf/20251130/SCROLLS_HEL_2.399um_78keV_0.22m_PHerc_0814_TA2_0001_masked.zarr/,True,True,5,5,not_reproduced_from_any_published_variant,2,PHerc0814/segments/20250925182632-auto_grown_20250925182632715/mesh/intermediate/tifxyz_normalized,tifxyz_normalized,1,,,,5,0.000254995,,reproduced_at_documented_scale,5,PHerc0814/segments/20250925182632-auto_grown_20250925182632715/mesh/20250925182632-on-20260309142202-2.399um.tifxyz,transformed,1,0.999994,1.00001,1,0,0,True,reproduced_at_documented_scale,False,True,False
PHerc0814/segments/20250925182632-auto_grown_20250925182632715,PHerc0814,9.362um-1.2m-113keV-volume-20250804134230.zarr,PHerc0814/segments/20250925182632-auto_grown_20250925182632715/surface-volumes/9.362um-1.2m-113keV-volume-20250804134230.zarr,zarr,True,layers-zarr,"21680,4780","28,4780,21680",True,0,/volumes/esrf/20250717/SCROLLS_HEL_4.681um_113keV_1.2m_binmean_2_PHerc_0814_TA_0001_masked.zarr/,True,True,5,5,reproduced_at_documented_scale,2,PHerc0814/segments/20250925182632-auto_grown_20250925182632715/mesh/intermediate/tifxyz_normalized,tifxyz_normalized,1,0.999977,1.00002,1,0,0,,reproduced_at_documented_scale,5,PHerc0814/segments/20250925182632-auto_grown_20250925182632715/mesh/20250925182632-on-20250804134230-9.362um.tifxyz,transformed,1,0.999977,1.00002,1,0,0,True,reproduced_at_documented_scale,True,True,False
PHerc0814/segments/20250925204843-auto_grown_20250925204843950,PHerc0814,1.129um-0.22m-59keV-volume-20260521123630-L1.zarr,PHerc0814/segments/20250925204843-auto_grown_20250925204843950/surface-volumes/1.129um-0.22m-59keV-volume-20260521123630-L1.zarr,zarr,True,layers-zarr,"131820,19200","116,19200,131820",True,1,/volumes/esrf/20260311/1.129um_mosaic_PHerc_0814_masked.zarr/,True,True,5,5,not_reproduced_from_any_published_variant,2,PHerc0814/segments/20250925204843-auto_grown_20250925204843950/mesh/intermediate/tifxyz_normalized,tifxyz_normalized,0.5,,,,2,0.000109868,,reproduced_at_documented_scale,5,PHerc0814/segments/20250925204843-auto_grown_20250925204843950/mesh/20250925204843-on-20260521123630-1.129um.tifxyz,transformed,0.5,0.499998,0.500002,0.5,0,0,True,reproduced_at_documented_scale,False,False,False
PHerc0814/segments/20250925204843-auto_grown_20250925204843950,PHerc0814,2.399um-0.22m-78keV-volume-20260309142202.zarr,PHerc0814/segments/20250925204843-auto_grown_20250925204843950/surface-volumes/2.399um-0.22m-78keV-volume-20260309142202.zarr,zarr,True,layers-zarr,"123940,18060","109,18060,123940",True,0,/volumes/esrf/20251130/SCROLLS_HEL_2.399um_78keV_0.22m_PHerc_0814_TA2_0001_masked.zarr/,True,True,5,5,not_reproduced_from_any_published_variant,2,PHerc0814/segments/20250925204843-auto_grown_20250925204843950/mesh/intermediate/tifxyz_normalized,tifxyz_normalized,1,,,,10,0.000539054,,reproduced_at_documented_scale,5,PHerc0814/segments/20250925204843-auto_grown_20250925204843950/mesh/20250925204843-on-20260309142202-2.399um.tifxyz,transformed,1,0.999996,1,1,0,0,True,reproduced_at_documented_scale,False,True,False
PHerc0814/segments/20250925204843-auto_grown_20250925204843950,PHerc0814,9.362um-1.2m-113keV-volume-20250804134230.zarr,PHerc0814/segments/20250925204843-auto_grown_20250925204843950/surface-volumes/9.362um-1.2m-113keV-volume-20250804134230.zarr,zarr,True,layers-zarr,"31860,4640","28,4640,31860",True,0,/volumes/esrf/20250717/SCROLLS_HEL_4.681um_113keV_1.2m_binmean_2_PHerc_0814_TA_0001_masked.zarr/,True,True,5,5,reproduced_at_documented_scale,2,PHerc0814/segments/20250925204843-auto_grown_20250925204843950/mesh/intermediate/tifxyz_normalized,tifxyz_normalized,1,0.999984,1.00002,1,0,0,,reproduced_at_documented_scale,5,PHerc0814/segments/20250925204843-auto_grown_20250925204843950/mesh/20250925204843-on-20250804134230-9.362um.tifxyz,transformed,1,0.999984,1.00002,1,0,0,True,reproduced_at_documented_scale,True,True,False
PHerc0814/segments/20250925212701-auto_grown_20250925212701145,PHerc0814,1.129um-0.22m-59keV-volume-20260521123630-L1.zarr,PHerc0814/segments/20250925212701-auto_grown_20250925212701145/surface-volumes/1.129um-0.22m-59keV-volume-20260521123630-L1.zarr,zarr,True,layers-zarr,"28550,16880","116,16880,28550",True,1,/volumes/esrf/20260311/1.129um_mosaic_PHerc_0814_masked.zarr/,True,True,5,5,not_reproduced_from_any_published_variant,2,PHerc0814/segments/20250925212701-auto_grown_20250925212701145/mesh/intermediate/tifxyz_normalized,tifxyz_normalized,0.5,,,,1,0.000103029,,reproduced_at_documented_scale,5,PHerc0814/segments/20250925212701-auto_grown_20250925212701145/mesh/20250925212701-on-20260521123630-1.129um.tifxyz,transformed,0.5,0.499991,0.500009,0.5,0,0,True,reproduced_at_documented_scale,False,False,False
PHerc0814/segments/20250925212701-auto_grown_20250925212701145,PHerc0814,1.129um-0.22m-59keV-volume-20260521123630.zarr,PHerc0814/segments/20250925212701-auto_grown_20250925212701145/surface-volumes/1.129um-0.22m-59keV-volume-20260521123630.zarr,zarr,True,layers-zarr,"57100,33760","231,33760,57100",True,0,/volumes/esrf/20260311/1.129um_mosaic_PHerc_0814_masked.zarr/,True,True,5,5,not_reproduced_from_any_published_variant,2,PHerc0814/segments/20250925212701-auto_grown_20250925212701145/mesh/intermediate/tifxyz_normalized,tifxyz_normalized,1,,,,3,0.000103029,,reproduced_at_documented_scale,5,PHerc0814/segments/20250925212701-auto_grown_20250925212701145/mesh/20250925212701-on-20260521123630-1.129um.tifxyz,transformed,1,0.999991,1.00001,1,0,0,True,reproduced_at_documented_scale,False,True,False
PHerc0814/segments/20250925212701-auto_grown_20250925212701145,PHerc0814,2.399um-0.22m-78keV-volume-20260309142202.zarr,PHerc0814/segments/20250925212701-auto_grown_20250925212701145/surface-volumes/2.399um-0.22m-78keV-volume-20260309142202.zarr,zarr,True,layers-zarr,"26840,15880","109,15880,26840",True,0,/volumes/esrf/20251130/SCROLLS_HEL_2.399um_78keV_0.22m_PHerc_0814_TA2_0001_masked.zarr/,True,True,5,5,not_reproduced_from_any_published_variant,2,PHerc0814/segments/20250925212701-auto_grown_20250925212701145/mesh/intermediate/tifxyz_normalized,tifxyz_normalized,1,,,,9,0.000591742,,reproduced_at_documented_scale,5,PHerc0814/segments/20250925212701-auto_grown_20250925212701145/mesh/20250925212701-on-20260309142202-2.399um.tifxyz,transformed,1,0.999981,1.00002,1,0,0,True,reproduced_at_documented_scale,False,True,False
PHerc0814/segments/20250925212701-auto_grown_20250925212701145,PHerc0814,9.362um-1.2m-113keV-volume-20250804134230.zarr,PHerc0814/segments/20250925212701-auto_grown_20250925212701145/surface-volumes/9.362um-1.2m-113keV-volume-20250804134230.zarr,zarr,True,layers-zarr,"6900,4080","28,4080,6900",True,0,/volumes/esrf/20250717/SCROLLS_HEL_4.681um_113keV_1.2m_binmean_2_PHerc_0814_TA_0001_masked.zarr/,True,True,5,5,reproduced_at_documented_scale,2,PHerc0814/segments/20250925212701-auto_grown_20250925212701145/mesh/intermediate/tifxyz_normalized,tifxyz_normalized,1,0.999928,1.00007,1,0,0,,reproduced_at_documented_scale,5,PHerc0814/segments/20250925212701-auto_grown_20250925212701145/mesh/20250925212701-on-20250804134230-9.362um.tifxyz,transformed,1,0.999928,1.00007,1,0,0,True,reproduced_at_documented_scale,True,True,False
PHerc0814/segments/20250925222237-auto_grown_20250925222237459,PHerc0814,1.129um-0.22m-59keV-volume-20260521123630-L1.zarr,PHerc0814/segments/20250925222237-auto_grown_20250925222237459/surface-volumes/1.129um-0.22m-59keV-volume-20260521123630-L1.zarr,zarr,True,layers-zarr,"49240,16220","116,16220,49240",True,1,/volumes/esrf/20260311/1.129um_mosaic_PHerc_0814_masked.zarr/,True,True,5,5,reproduced_at_another_scale,2,PHerc0814/segments/20250925222237-auto_grown_20250925222237459/mesh/intermediate/tifxyz_normalized,tifxyz_normalized,0.5,4.13777,4.13786,,0,1.45064e-05,,reproduced_at_documented_scale,5,PHerc0814/segments/20250925222237-auto_grown_20250925222237459/mesh/20250925222237-on-20260521123630-1.129um.tifxyz,transformed,0.5,0.499995,0.500005,0.5,0,0,True,reproduced_at_documented_scale,False,False,False
PHerc0814/segments/20250925222237-auto_grown_20250925222237459,PHerc0814,1.129um-0.22m-59keV-volume-20260521123630.zarr,PHerc0814/segments/20250925222237-auto_grown_20250925222237459/surface-volumes/1.129um-0.22m-59keV-volume-20260521123630.zarr,zarr,True,layers-zarr,"98480,32440","231,32440,98480",True,0,/volumes/esrf/20260311/1.129um_mosaic_PHerc_0814_masked.zarr/,True,True,5,5,reproduced_at_another_scale,2,PHerc0814/segments/20250925222237-auto_grown_20250925222237459/mesh/intermediate/tifxyz_normalized,tifxyz_normalized,1,8.27559,8.27564,,0,1.45064e-05,,reproduced_at_documented_scale,5,PHerc0814/segments/20250925222237-auto_grown_20250925222237459/mesh/20250925222237-on-20260521123630-1.129um.tifxyz,transformed,1,0.999995,1.00001,1,0,0,True,reproduced_at_documented_scale,False,True,False
PHerc0814/segments/20250925222237-auto_grown_20250925222237459,PHerc0814,2.399um-0.22m-78keV-volume-20260309142202.zarr,PHerc0814/segments/20250925222237-auto_grown_20250925222237459/surface-volumes/2.399um-0.22m-78keV-volume-20260309142202.zarr,zarr,True,layers-zarr,"46300,15260","109,15260,46300",True,0,/volumes/esrf/20251130/SCROLLS_HEL_2.399um_78keV_0.22m_PHerc_0814_TA2_0001_masked.zarr/,True,True,5,5,not_reproduced_from_any_published_variant,2,PHerc0814/segments/20250925222237-auto_grown_20250925222237459/mesh/intermediate/tifxyz_normalized,tifxyz_normalized,1,,,,8,0.000539957,,reproduced_at_documented_scale,5,PHerc0814/segments/20250925222237-auto_grown_20250925222237459/mesh/20250925222237-on-20260309142202-2.399um.tifxyz,transformed,1,0.999989,1.00001,1,0,0,True,reproduced_at_documented_scale,False,True,False
PHerc0814/segments/20250925222237-auto_grown_20250925222237459,PHerc0814,9.362um-1.2m-113keV-volume-20250804134230.zarr,PHerc0814/segments/20250925222237-auto_grown_20250925222237459/surface-volumes/9.362um-1.2m-113keV-volume-20250804134230.zarr,zarr,True,layers-zarr,"11900,3920","28,3920,11900",True,0,/volumes/esrf/20250717/SCROLLS_HEL_4.681um_113keV_1.2m_binmean_2_PHerc_0814_TA_0001_masked.zarr/,True,True,5,5,reproduced_at_documented_scale,2,PHerc0814/segments/20250925222237-auto_grown_20250925222237459/mesh/intermediate/tifxyz_normalized,tifxyz_normalized,1,0.999958,1.00004,1,0,0,,reproduced_at_documented_scale,5,PHerc0814/segments/20250925222237-auto_grown_20250925222237459/mesh/20250925222237-on-20250804134230-9.362um.tifxyz,transformed,1,0.999958,1.00004,1,0,0,True,reproduced_at_documented_scale,True,True,False
PHerc0814/segments/20250926051122-auto_grown_20250926051122829,PHerc0814,1.129um-0.22m-59keV-volume-20260521123630-L1.zarr,PHerc0814/segments/20250926051122-auto_grown_20250926051122829/surface-volumes/1.129um-0.22m-59keV-volume-20260521123630-L1.zarr,zarr,True,layers-zarr,"214250,22350","116,22350,214250",True,1,/volumes/esrf/20260311/1.129um_mosaic_PHerc_0814_masked.zarr/,True,True,5,5,not_reproduced_from_any_published_variant,2,PHerc0814/segments/20250926051122-auto_grown_20250926051122829/mesh/intermediate/tifxyz_normalized,tifxyz_normalized,0.5,,,,6,0.000287826,,reproduced_at_documented_scale,5,PHerc0814/segments/20250926051122-auto_grown_20250926051122829/mesh/20250926051122-on-20260521123630-1.129um.tifxyz,transformed,0.5,0.499999,0.500001,0.5,0,0,True,reproduced_at_documented_scale,False,False,False
PHerc0814/segments/20250926051122-auto_grown_20250926051122829,PHerc0814,2.399um-0.22m-78keV-volume-20260309142202.zarr,PHerc0814/segments/20250926051122-auto_grown_20250926051122829/surface-volumes/2.399um-0.22m-78keV-volume-20260309142202.zarr,zarr,True,layers-zarr,"201420,21020","109,21020,201420",True,0,/volumes/esrf/20251130/SCROLLS_HEL_2.399um_78keV_0.22m_PHerc_0814_TA2_0001_masked.zarr/,True,True,5,5,not_reproduced_from_any_published_variant,2,PHerc0814/segments/20250926051122-auto_grown_20250926051122829/mesh/intermediate/tifxyz_normalized,tifxyz_normalized,1,,,,14,0.000687342,,reproduced_at_documented_scale,5,PHerc0814/segments/20250926051122-auto_grown_20250926051122829/mesh/20250926051122-on-20260309142202-2.399um.tifxyz,transformed,1,0.999998,1,1,0,0,True,reproduced_at_documented_scale,False,True,False
PHerc0814/segments/20250926051122-auto_grown_20250926051122829,PHerc0814,9.362um-1.2m-113keV-volume-20250804134230.zarr,PHerc0814/segments/20250926051122-auto_grown_20250926051122829/surface-volumes/9.362um-1.2m-113keV-volume-20250804134230.zarr,zarr,True,layers-zarr,"51780,5400","28,5400,51780",True,0,/volumes/esrf/20250717/SCROLLS_HEL_4.681um_113keV_1.2m_binmean_2_PHerc_0814_TA_0001_masked.zarr/,True,True,5,5,reproduced_at_documented_scale,2,PHerc0814/segments/20250926051122-auto_grown_20250926051122829/mesh/intermediate/tifxyz_normalized,tifxyz_normalized,1,0.99999,1.00001,1,0,0,,reproduced_at_documented_scale,5,PHerc0814/segments/20250926051122-auto_grown_20250926051122829/mesh/20250926051122-on-20250804134230-9.362um.tifxyz,transformed,1,0.99999,1.00001,1,0,0,True,reproduced_at_documented_scale,True,True,False
PHerc0814/segments/20250926165636-auto_trace_20250926165636789,PHerc0814,1.129um-0.22m-59keV-volume-20260521123630-L1.zarr,PHerc0814/segments/20250926165636-auto_trace_20250926165636789/surface-volumes/1.129um-0.22m-59keV-volume-20260521123630-L1.zarr,zarr,True,layers-zarr,"112630,19940","116,19940,112630",True,1,/volumes/esrf/20260311/1.129um_mosaic_PHerc_0814_masked.zarr/,True,True,5,5,not_reproduced_from_any_published_variant,2,PHerc0814/segments/20250926165636-auto_trace_20250926165636789/mesh/intermediate/tifxyz_normalized,tifxyz_normalized,0.5,,,,4,0.000202297,,reproduced_at_documented_scale,5,PHerc0814/segments/20250926165636-auto_trace_20250926165636789/mesh/20250926165636-on-20260521123630-1.129um.tifxyz,transformed,0.5,0.499998,0.500002,0.5,0,0,True,reproduced_at_documented_scale,False,False,False
PHerc0814/segments/20250926165636-auto_trace_20250926165636789,PHerc0814,2.399um-0.22m-78keV-volume-20260309142202.zarr,PHerc0814/segments/20250926165636-auto_trace_20250926165636789/surface-volumes/2.399um-0.22m-78keV-volume-20260309142202.zarr,zarr,True,layers-zarr,"105880,18760","109,18760,105880",True,0,/volumes/esrf/20251130/SCROLLS_HEL_2.399um_78keV_0.22m_PHerc_0814_TA2_0001_masked.zarr/,True,True,5,5,not_reproduced_from_any_published_variant,2,PHerc0814/segments/20250926165636-auto_trace_20250926165636789/mesh/intermediate/tifxyz_normalized,tifxyz_normalized,1,,,,11,0.000598815,,reproduced_at_documented_scale,5,PHerc0814/segments/20250926165636-auto_trace_20250926165636789/mesh/20250926165636-on-20260309142202-2.399um.tifxyz,transformed,1,0.999995,1,1,0,0,True,reproduced_at_documented_scale,False,True,False
PHerc0814/segments/20250926165636-auto_trace_20250926165636789,PHerc0814,9.362um-1.2m-113keV-volume-20250804134230.zarr,PHerc0814/segments/20250926165636-auto_trace_20250926165636789/surface-volumes/9.362um-1.2m-113keV-volume-20250804134230.zarr,zarr,True,layers-zarr,"27220,4820","28,4820,27220",True,0,/volumes/esrf/20250717/SCROLLS_HEL_4.681um_113keV_1.2m_binmean_2_PHerc_0814_TA_0001_masked.zarr/,True,True,5,5,reproduced_at_documented_scale,2,PHerc0814/segments/20250926165636-auto_trace_20250926165636789/mesh/intermediate/tifxyz_normalized,tifxyz_normalized,1,0.999982,1.00002,1,0,0,,reproduced_at_documented_scale,5,PHerc0814/segments/20250926165636-auto_trace_20250926165636789/mesh/20250926165636-on-20250804134230-9.362um.tifxyz,transformed,1,0.999982,1.00002,1,0,0,True,reproduced_at_documented_scale,True,True,False
PHerc0814/segments/20250926203608-auto_grown_20250926203608932,PHerc0814,1.129um-0.22m-59keV-volume-20260521123630-L1.zarr,PHerc0814/segments/20250926203608-auto_grown_20250926203608932/surface-volumes/1.129um-0.22m-59keV-volume-20260521123630-L1.zarr,zarr,True,layers-zarr,"101200,19120","116,19120,101200",True,1,/volumes/esrf/20260311/1.129um_mosaic_PHerc_0814_masked.zarr/,True,True,5,5,not_reproduced_from_any_published_variant,2,PHerc0814/segments/20250926203608-auto_grown_20250926203608932/mesh/intermediate/tifxyz_normalized,tifxyz_normalized,0.5,,,,5,0.000280615,,reproduced_at_documented_scale,5,PHerc0814/segments/20250926203608-auto_grown_20250926203608932/mesh/20250926203608-on-20260521123630-1.129um.tifxyz,transformed,0.5,0.499998,0.500002,0.5,0,0,True,reproduced_at_documented_scale,False,False,False
PHerc0814/segments/20250926203608-auto_grown_20250926203608932,PHerc0814,1.129um-0.22m-59keV-volume-20260521123630.zarr,PHerc0814/segments/20250926203608-auto_grown_20250926203608932/surface-volumes/1.129um-0.22m-59keV-volume-20260521123630.zarr,zarr,True,layers-zarr,"202400,38240","231,38240,202400",True,0,/volumes/esrf/20260311/1.129um_mosaic_PHerc_0814_masked.zarr/,True,True,5,5,not_reproduced_from_any_published_variant,2,PHerc0814/segments/20250926203608-auto_grown_20250926203608932/mesh/intermediate/tifxyz_normalized,tifxyz_normalized,1,,,,11,0.000280615,,reproduced_at_documented_scale,5,PHerc0814/segments/20250926203608-auto_grown_20250926203608932/mesh/20250926203608-on-20260521123630-1.129um.tifxyz,transformed,1,0.999998,1,1,0,0,True,reproduced_at_documented_scale,False,True,False
PHerc0814/segments/20250926203608-auto_grown_20250926203608932,PHerc0814,2.399um-0.22m-78keV-volume-20260309142202.zarr,PHerc0814/segments/20250926203608-auto_grown_20250926203608932/surface-volumes/2.399um-0.22m-78keV-volume-20260309142202.zarr,zarr,True,layers-zarr,"95140,17980","109,17980,95140",True,0,/volumes/esrf/20251130/SCROLLS_HEL_2.399um_78keV_0.22m_PHerc_0814_TA2_0001_masked.zarr/,True,True,5,5,not_reproduced_from_any_published_variant,2,PHerc0814/segments/20250926203608-auto_grown_20250926203608932/mesh/intermediate/tifxyz_normalized,tifxyz_normalized,1,,,,10,0.000555117,,reproduced_at_documented_scale,5,PHerc0814/segments/20250926203608-auto_grown_20250926203608932/mesh/20250926203608-on-20260309142202-2.399um.tifxyz,transformed,1,0.999995,1.00001,1,0,0,True,reproduced_at_documented_scale,False,True,False
PHerc0814/segments/20250926203608-auto_grown_20250926203608932,PHerc0814,9.362um-1.2m-113keV-volume-20250804134230.zarr,PHerc0814/segments/20250926203608-auto_grown_20250926203608932/surface-volumes/9.362um-1.2m-113keV-volume-20250804134230.zarr,zarr,True,layers-zarr,"24460,4620","28,4620,24460",True,0,/volumes/esrf/20250717/SCROLLS_HEL_4.681um_113keV_1.2m_binmean_2_PHerc_0814_TA_0001_masked.zarr/,True,True,5,5,reproduced_at_documented_scale,2,PHerc0814/segments/20250926203608-auto_grown_20250926203608932/mesh/intermediate/tifxyz_normalized,tifxyz_normalized,1,0.99998,1.00002,1,0,0,,reproduced_at_documented_scale,5,PHerc0814/segments/20250926203608-auto_grown_20250926203608932/mesh/20250926203608-on-20250804134230-9.362um.tifxyz,transformed,1,0.99998,1.00002,1,0,0,True,reproduced_at_documented_scale,True,True,False
PHerc0814/segments/20250928235953-auto_grown_20250928235953722,PHerc0814,1.129um-0.22m-59keV-volume-20260521123630-L1.zarr,PHerc0814/segments/20250928235953-auto_grown_20250928235953722/surface-volumes/1.129um-0.22m-59keV-volume-20260521123630-L1.zarr,zarr,True,layers-zarr,"218310,20860","116,20860,218310",True,1,/volumes/esrf/20260311/1.129um_mosaic_PHerc_0814_masked.zarr/,True,True,5,5,not_reproduced_from_any_published_variant,2,PHerc0814/segments/20250928235953-auto_grown_20250928235953722/mesh/intermediate/tifxyz_normalized,tifxyz_normalized,0.5,,,,5,0.000264659,,reproduced_at_documented_scale,5,PHerc0814/segments/20250928235953-auto_grown_20250928235953722/mesh/20250928235953-on-20260521123630-1.129um.tifxyz,transformed,0.5,0.499999,0.500001,0.5,0,0,True,reproduced_at_documented_scale,False,False,False
PHerc0814/segments/20250928235953-auto_grown_20250928235953722,PHerc0814,2.399um-0.22m-78keV-volume-20260309142202.zarr,PHerc0814/segments/20250928235953-auto_grown_20250928235953722/surface-volumes/2.399um-0.22m-78keV-volume-20260309142202.zarr,zarr,True,layers-zarr,"205240,19620","109,19620,205240",True,0,/volumes/esrf/20251130/SCROLLS_HEL_2.399um_78keV_0.22m_PHerc_0814_TA2_0001_masked.zarr/,True,True,5,5,not_reproduced_from_any_published_variant,2,PHerc0814/segments/20250928235953-auto_grown_20250928235953722/mesh/intermediate/tifxyz_normalized,tifxyz_normalized,1,,,,14,0.000716931,,reproduced_at_documented_scale,5,PHerc0814/segments/20250928235953-auto_grown_20250928235953722/mesh/20250928235953-on-20260309142202-2.399um.tifxyz,transformed,1,0.999998,1,1,0,0,True,reproduced_at_documented_scale,False,True,False
PHerc0814/segments/20250928235953-auto_grown_20250928235953722,PHerc0814,9.362um-1.2m-113keV-volume-20250804134230.zarr,PHerc0814/segments/20250928235953-auto_grown_20250928235953722/surface-volumes/9.362um-1.2m-113keV-volume-20250804134230.zarr,zarr,True,layers-zarr,"52760,5040","28,5040,52760",True,0,/volumes/esrf/20250717/SCROLLS_HEL_4.681um_113keV_1.2m_binmean_2_PHerc_0814_TA_0001_masked.zarr/,True,True,5,5,reproduced_at_documented_scale,2,PHerc0814/segments/20250928235953-auto_grown_20250928235953722/mesh/intermediate/tifxyz_normalized,tifxyz_normalized,1,0.999991,1.00001,1,0,0,,reproduced_at_documented_scale,5,PHerc0814/segments/20250928235953-auto_grown_20250928235953722/mesh/20250928235953-on-20250804134230-9.362um.tifxyz,transformed,1,0.999991,1.00001,1,0,0,True,reproduced_at_documented_scale,True,True,False
PHerc0814/segments/20250928235954-auto_grown_20250928235953722_copy,PHerc0814,1.129um-0.22m-59keV-volume-20260521123630-L1.zarr,PHerc0814/segments/20250928235954-auto_grown_20250928235953722_copy/surface-volumes/1.129um-0.22m-59keV-volume-20260521123630-L1.zarr,zarr,True,layers-zarr,"3700,2490","116,2490,3700",True,1,/volumes/esrf/20260311/1.129um_mosaic_PHerc_0814_masked.zarr/,True,True,5,5,not_reproduced_from_any_published_variant,2,PHerc0814/segments/20250928235954-auto_grown_20250928235953722_copy/mesh/intermediate/tifxyz_normalized,tifxyz_normalized,0.5,,,,2,0.000831601,,reproduced_at_documented_scale,5,PHerc0814/segments/20250928235954-auto_grown_20250928235953722_copy/mesh/20250928235954-on-20260521123630-1.129um.tifxyz,transformed,0.5,0.499932,0.500068,0.5,0,0,True,reproduced_at_documented_scale,False,False,False
PHerc0814/segments/20250928235954-auto_grown_20250928235953722_copy,PHerc0814,2.399um-0.22m-78keV-volume-20260309142202.zarr,PHerc0814/segments/20250928235954-auto_grown_20250928235953722_copy/surface-volumes/2.399um-0.22m-78keV-volume-20260309142202.zarr,zarr,True,layers-zarr,"3480,2340","109,2340,3480",True,0,/volumes/esrf/20251130/SCROLLS_HEL_2.399um_78keV_0.22m_PHerc_0814_TA2_0001_masked.zarr/,True,True,5,5,reproduced_at_documented_scale,2,PHerc0814/segments/20250928235954-auto_grown_20250928235953722_copy/mesh/intermediate/tifxyz_normalized,tifxyz_normalized,1,0.999856,1.00014,1,0,0,,reproduced_at_documented_scale,5,PHerc0814/segments/20250928235954-auto_grown_20250928235953722_copy/mesh/20250928235954-on-20260309142202-2.399um.tifxyz,transformed,1,0.999856,1.00014,1,0,0,True,reproduced_at_documented_scale,True,True,False
PHerc0814/segments/20250928235954-auto_grown_20250928235953722_copy,PHerc0814,9.362um-1.2m-113keV-volume-20250804134230.zarr,PHerc0814/segments/20250928235954-auto_grown_20250928235953722_copy/surface-volumes/9.362um-1.2m-113keV-volume-20250804134230.zarr,zarr,True,layers-zarr,"900,600","28,600,900",True,0,/volumes/esrf/20250717/SCROLLS_HEL_4.681um_113keV_1.2m_binmean_2_PHerc_0814_TA_0001_masked.zarr/,True,True,5,5,not_reproduced_from_any_published_variant,2,PHerc0814/segments/20250928235954-auto_grown_20250928235953722_copy/mesh/intermediate/tifxyz_normalized,tifxyz_normalized,1,,,,5,0.00862069,,reproduced_at_documented_scale,5,PHerc0814/segments/20250928235954-auto_grown_20250928235953722_copy/mesh/20250928235954-on-20250804134230-9.362um.tifxyz,transformed,1,0.999444,1.00056,1,0,0,True,reproduced_at_documented_scale,False,True,False
PHerc0814/segments/20250929040153-auto_grown_20250929040153260,PHerc0814,1.129um-0.22m-59keV-volume-20260521123630-L1.zarr,PHerc0814/segments/20250929040153-auto_grown_20250929040153260/surface-volumes/1.129um-0.22m-59keV-volume-20260521123630-L1.zarr,zarr,True,layers-zarr,"46510,13900","116,13900,46510",True,1,/volumes/esrf/20260311/1.129um_mosaic_PHerc_0814_masked.zarr/,True,True,5,5,not_reproduced_from_any_published_variant,2,PHerc0814/segments/20250929040153-auto_grown_20250929040153260/mesh/intermediate/tifxyz_normalized,tifxyz_normalized,0.5,,,,3,0.000240662,,reproduced_at_documented_scale,5,PHerc0814/segments/20250929040153-auto_grown_20250929040153260/mesh/20250929040153-on-20260521123630-1.129um.tifxyz,transformed,0.5,0.499995,0.500005,0.5,0,0,True,reproduced_at_documented_scale,False,False,False
PHerc0814/segments/20250929040153-auto_grown_20250929040153260,PHerc0814,1.129um-0.22m-59keV-volume-20260521123630.zarr,PHerc0814/segments/20250929040153-auto_grown_20250929040153260/surface-volumes/1.129um-0.22m-59keV-volume-20260521123630.zarr,zarr,True,layers-zarr,"93020,27800","231,27800,93020",True,0,/volumes/esrf/20260311/1.129um_mosaic_PHerc_0814_masked.zarr/,True,True,5,5,not_reproduced_from_any_published_variant,2,PHerc0814/segments/20250929040153-auto_grown_20250929040153260/mesh/intermediate/tifxyz_normalized,tifxyz_normalized,1,,,,7,0.000240662,,reproduced_at_documented_scale,5,PHerc0814/segments/20250929040153-auto_grown_20250929040153260/mesh/20250929040153-on-20260521123630-1.129um.tifxyz,transformed,1,0.999995,1.00001,1,0,0,True,reproduced_at_documented_scale,False,True,False
PHerc0814/segments/20250929040153-auto_grown_20250929040153260,PHerc0814,2.399um-0.22m-78keV-volume-20260309142202.zarr,PHerc0814/segments/20250929040153-auto_grown_20250929040153260/surface-volumes/2.399um-0.22m-78keV-volume-20260309142202.zarr,zarr,True,layers-zarr,"43720,13080","109,13080,43720",True,0,/volumes/esrf/20251130/SCROLLS_HEL_2.399um_78keV_0.22m_PHerc_0814_TA2_0001_masked.zarr/,True,True,5,5,not_reproduced_from_any_published_variant,2,PHerc0814/segments/20250929040153-auto_grown_20250929040153260/mesh/intermediate/tifxyz_normalized,tifxyz_normalized,1,,,,11,0.000816887,,reproduced_at_documented_scale,5,PHerc0814/segments/20250929040153-auto_grown_20250929040153260/mesh/20250929040153-on-20260309142202-2.399um.tifxyz,transformed,1,0.999989,1.00001,1,0,0,True,reproduced_at_documented_scale,False,True,False
PHerc0814/segments/20250929040153-auto_grown_20250929040153260,PHerc0814,9.362um-1.2m-113keV-volume-20250804134230.zarr,PHerc0814/segments/20250929040153-auto_grown_20250929040153260/surface-volumes/9.362um-1.2m-113keV-volume-20250804134230.zarr,zarr,True,layers-zarr,"11240,3360","28,3360,11240",True,0,/volumes/esrf/20250717/SCROLLS_HEL_4.681um_113keV_1.2m_binmean_2_PHerc_0814_TA_0001_masked.zarr/,True,True,5,5,reproduced_at_documented_scale,2,PHerc0814/segments/20250929040153-auto_grown_20250929040153260/mesh/intermediate/tifxyz_normalized,tifxyz_normalized,1,0.999956,1.00004,1,0,0,,reproduced_at_documented_scale,5,PHerc0814/segments/20250929040153-auto_grown_20250929040153260/mesh/20250929040153-on-20250804134230-9.362um.tifxyz,transformed,1,0.999956,1.00004,1,0,0,True,reproduced_at_documented_scale,True,True,False
PHerc0814/segments/20250930083742-auto_grown_20250930083742882,PHerc0814,1.129um-0.22m-59keV-volume-20260521123630-L1.zarr,PHerc0814/segments/20250930083742-auto_grown_20250930083742882/surface-volumes/1.129um-0.22m-59keV-volume-20260521123630-L1.zarr,zarr,True,layers-zarr,"84990,20940","116,20940,84990",True,1,/volumes/esrf/20260311/1.129um_mosaic_PHerc_0814_masked.zarr/,True,True,5,5,not_reproduced_from_any_published_variant,2,PHerc0814/segments/20250930083742-auto_grown_20250930083742882/mesh/intermediate/tifxyz_normalized,tifxyz_normalized,0.5,,,,3,0.000135333,,reproduced_at_documented_scale,5,PHerc0814/segments/20250930083742-auto_grown_20250930083742882/mesh/20250930083742-on-20260521123630-1.129um.tifxyz,transformed,0.5,0.499997,0.500003,0.5,0,0,True,reproduced_at_documented_scale,False,False,False
PHerc0814/segments/20250930083742-auto_grown_20250930083742882,PHerc0814,1.129um-0.22m-59keV-volume-20260521123630.zarr,PHerc0814/segments/20250930083742-auto_grown_20250930083742882/surface-volumes/1.129um-0.22m-59keV-volume-20260521123630.zarr,zarr,True,layers-zarr,"169980,41880","231,41880,169980",True,0,/volumes/esrf/20260311/1.129um_mosaic_PHerc_0814_masked.zarr/,True,True,5,5,not_reproduced_from_any_published_variant,2,PHerc0814/segments/20250930083742-auto_grown_20250930083742882/mesh/intermediate/tifxyz_normalized,tifxyz_normalized,1,,,,6,0.000135333,,reproduced_at_documented_scale,5,PHerc0814/segments/20250930083742-auto_grown_20250930083742882/mesh/20250930083742-on-20260521123630-1.129um.tifxyz,transformed,1,0.999997,1,1,0,0,True,reproduced_at_documented_scale,False,True,False
PHerc0814/segments/20250930083742-auto_grown_20250930083742882,PHerc0814,2.399um-0.22m-78keV-volume-20260309142202.zarr,PHerc0814/segments/20250930083742-auto_grown_20250930083742882/surface-volumes/2.399um-0.22m-78keV-volume-20260309142202.zarr,zarr,True,layers-zarr,"79900,19680","109,19680,79900",True,0,/volumes/esrf/20251130/SCROLLS_HEL_2.399um_78keV_0.22m_PHerc_0814_TA2_0001_masked.zarr/,True,True,5,5,not_reproduced_from_any_published_variant,2,PHerc0814/segments/20250930083742-auto_grown_20250930083742882/mesh/intermediate/tifxyz_normalized,tifxyz_normalized,1,,,,3,0.000165254,,reproduced_at_documented_scale,5,PHerc0814/segments/20250930083742-auto_grown_20250930083742882/mesh/20250930083742-on-20260309142202-2.399um.tifxyz,transformed,1,0.999994,1.00001,1,0,0,True,reproduced_at_documented_scale,False,True,False
PHerc0814/segments/20250930083742-auto_grown_20250930083742882,PHerc0814,9.362um-1.2m-113keV-volume-20250804134230.zarr,PHerc0814/segments/20250930083742-auto_grown_20250930083742882/surface-volumes/9.362um-1.2m-113keV-volume-20250804134230.zarr,zarr,True,layers-zarr,"20540,5060","28,5060,20540",True,0,/volumes/esrf/20250717/SCROLLS_HEL_4.681um_113keV_1.2m_binmean_2_PHerc_0814_TA_0001_masked.zarr/,True,True,5,5,reproduced_at_documented_scale,2,PHerc0814/segments/20250930083742-auto_grown_20250930083742882/mesh/intermediate/tifxyz_normalized,tifxyz_normalized,1,0.999976,1.00002,1,0,0,,reproduced_at_documented_scale,5,PHerc0814/segments/20250930083742-auto_grown_20250930083742882/mesh/20250930083742-on-20250804134230-9.362um.tifxyz,transformed,1,0.999976,1.00002,1,0,0,True,reproduced_at_documented_scale,True,True,False
PHerc0814/segments/20251001060526-auto_grown_20251001060526760,PHerc0814,1.129um-0.22m-59keV-volume-20260521123630-L1.zarr,PHerc0814/segments/20251001060526-auto_grown_20251001060526760/surface-volumes/1.129um-0.22m-59keV-volume-20260521123630-L1.zarr,zarr,True,layers-zarr,"102120,19530","116,19530,102120",True,1,/volumes/esrf/20260311/1.129um_mosaic_PHerc_0814_masked.zarr/,True,True,5,5,reproduced_at_another_scale,2,PHerc0814/segments/20251001060526-auto_grown_20251001060526760/mesh/intermediate/tifxyz_normalized,tifxyz_normalized,0.5,4.13774,4.13778,,0,1.24481e-05,,reproduced_at_documented_scale,5,PHerc0814/segments/20251001060526-auto_grown_20251001060526760/mesh/20251001060526-on-20260521123630-1.129um.tifxyz,transformed,0.5,0.499998,0.500002,0.5,0,0,True,reproduced_at_documented_scale,False,False,False
PHerc0814/segments/20251001060526-auto_grown_20251001060526760,PHerc0814,1.129um-0.22m-59keV-volume-20260521123630.zarr,PHerc0814/segments/20251001060526-auto_grown_20251001060526760/surface-volumes/1.129um-0.22m-59keV-volume-20260521123630.zarr,zarr,True,layers-zarr,"204240,39060","231,39060,204240",True,0,/volumes/esrf/20260311/1.129um_mosaic_PHerc_0814_masked.zarr/,True,True,5,5,reproduced_at_another_scale,2,PHerc0814/segments/20251001060526-auto_grown_20251001060526760/mesh/intermediate/tifxyz_normalized,tifxyz_normalized,1,8.27551,8.27553,,0,1.24481e-05,,reproduced_at_documented_scale,5,PHerc0814/segments/20251001060526-auto_grown_20251001060526760/mesh/20251001060526-on-20260521123630-1.129um.tifxyz,transformed,1,0.999998,1,1,0,0,True,reproduced_at_documented_scale,False,True,False
PHerc0814/segments/20251001060526-auto_grown_20251001060526760,PHerc0814,2.399um-0.22m-78keV-volume-20260309142202.zarr,PHerc0814/segments/20251001060526-auto_grown_20251001060526760/surface-volumes/2.399um-0.22m-78keV-volume-20260309142202.zarr,zarr,True,layers-zarr,"96000,18360","109,18360,96000",True,0,/volumes/esrf/20251130/SCROLLS_HEL_2.399um_78keV_0.22m_PHerc_0814_TA2_0001_masked.zarr/,True,True,5,5,reproduced_at_another_scale,2,PHerc0814/segments/20251001060526-auto_grown_20251001060526760/mesh/intermediate/tifxyz_normalized,tifxyz_normalized,1,3.88977,3.88981,,0,1.05932e-05,,reproduced_at_documented_scale,5,PHerc0814/segments/20251001060526-auto_grown_20251001060526760/mesh/20251001060526-on-20260309142202-2.399um.tifxyz,transformed,1,0.999995,1.00001,1,0,0,True,reproduced_at_documented_scale,False,True,False
PHerc0814/segments/20251001060526-auto_grown_20251001060526760,PHerc0814,9.362um-1.2m-113keV-volume-20250804134230.zarr,PHerc0814/segments/20251001060526-auto_grown_20251001060526760/surface-volumes/9.362um-1.2m-113keV-volume-20250804134230.zarr,zarr,True,layers-zarr,"24680,4720","28,4720,24680",True,0,/volumes/esrf/20250717/SCROLLS_HEL_4.681um_113keV_1.2m_binmean_2_PHerc_0814_TA_0001_masked.zarr/,True,True,5,5,reproduced_at_documented_scale,2,PHerc0814/segments/20251001060526-auto_grown_20251001060526760/mesh/intermediate/tifxyz_normalized,tifxyz_normalized,1,0.99998,1.00002,1,0,0,,reproduced_at_documented_scale,5,PHerc0814/segments/20251001060526-auto_grown_20251001060526760/mesh/20251001060526-on-20250804134230-9.362um.tifxyz,transformed,1,0.99998,1.00002,1,0,0,True,reproduced_at_documented_scale,True,True,False
PHerc0814/segments/20260225160055-auto_grown_20260225160055913,PHerc0814,1.129um-0.22m-59keV-volume-20260521123630-L1.zarr,PHerc0814/segments/20260225160055-auto_grown_20260225160055913/surface-volumes/1.129um-0.22m-59keV-volume-20260521123630-L1.zarr,zarr,True,layers-zarr,"2700,2720","116,2720,2700",True,1,/volumes/esrf/20260311/1.129um_mosaic_PHerc_0814_masked.zarr/,True,True,5,5,not_reproduced_from_any_published_variant,2,PHerc0814/segments/20260225160055-auto_grown_20260225160055913/mesh/intermediate/tifxyz_normalized,tifxyz_normalized,0.5,,,,1,0.000463177,,reproduced_at_documented_scale,5,PHerc0814/segments/20260225160055-auto_grown_20260225160055913/mesh/20260225160055-on-20260521123630-1.129um.tifxyz,transformed,0.5,0.499908,0.500092,0.5,0,0,True,reproduced_at_documented_scale,False,False,False
PHerc0814/segments/20260225160055-auto_grown_20260225160055913,PHerc0814,2.399um-0.22m-78keV-volume-20260309142202.zarr,PHerc0814/segments/20260225160055-auto_grown_20260225160055913/surface-volumes/2.399um-0.22m-78keV-volume-20260309142202.zarr,zarr,True,layers-zarr,"2540,2560","109,2560,2540",True,0,/volumes/esrf/20251130/SCROLLS_HEL_2.399um_78keV_0.22m_PHerc_0814_TA2_0001_masked.zarr/,True,True,5,5,reproduced_at_documented_scale,2,PHerc0814/segments/20260225160055-auto_grown_20260225160055913/mesh/intermediate/tifxyz_normalized,tifxyz_normalized,1,0.999805,1.0002,1,0,0,,reproduced_at_documented_scale,5,PHerc0814/segments/20260225160055-auto_grown_20260225160055913/mesh/20260225160055-on-20260309142202-2.399um.tifxyz,transformed,1,0.999805,1.0002,1,0,0,True,reproduced_at_documented_scale,True,True,False
PHerc0814/segments/20260225160055-auto_grown_20260225160055913,PHerc0814,9.362um-1.2m-113keV-volume-20250804134230.zarr,PHerc0814/segments/20260225160055-auto_grown_20260225160055913/surface-volumes/9.362um-1.2m-113keV-volume-20250804134230.zarr,zarr,True,layers-zarr,"660,660","28,660,660",True,0,/volumes/esrf/20250717/SCROLLS_HEL_4.681um_113keV_1.2m_binmean_2_PHerc_0814_TA_0001_masked.zarr/,True,True,5,5,reproduced_at_another_scale,2,PHerc0814/segments/20260225160055-auto_grown_20260225160055913/mesh/intermediate/tifxyz_flattened,tifxyz_flattened,1,0.339948,0.340464,,0,0,,reproduced_at_documented_scale,5,PHerc0814/segments/20260225160055-auto_grown_20260225160055913/mesh/20260225160055-on-20250804134230-9.362um.tifxyz,transformed,1,0.999242,1.00076,1,0,0,True,reproduced_at_documented_scale,False,True,False
PHerc0814/segments/20260226000000-46527_2um_try2,PHerc0814,1.129um-0.22m-59keV-volume-20260521123630-L1.zarr,PHerc0814/segments/20260226000000-46527_2um_try2/surface-volumes/1.129um-0.22m-59keV-volume-20260521123630-L1.zarr,zarr,True,layers-zarr,"14700,9060","116,9060,14700",True,1,/volumes/esrf/20260311/1.129um_mosaic_PHerc_0814_masked.zarr/,True,True,5,5,not_reproduced_from_any_published_variant,2,PHerc0814/segments/20260226000000-46527_2um_try2/mesh/intermediate/tifxyz_normalized,tifxyz_normalized,0.5,,,,2,0.000277935,,reproduced_at_documented_scale,5,PHerc0814/segments/20260226000000-46527_2um_try2/mesh/20260226000000-on-20260521123630-1.129um.tifxyz,transformed,0.5,0.499983,0.500017,0.5,0,0,True,reproduced_at_documented_scale,False,False,False
PHerc0814/segments/20260226000000-46527_2um_try2,PHerc0814,2.399um-0.22m-78keV-volume-20260309142202.zarr,PHerc0814/segments/20260226000000-46527_2um_try2/surface-volumes/2.399um-0.22m-78keV-volume-20260309142202.zarr,zarr,True,layers-zarr,"13820,8520","109,8520,13820",True,0,/volumes/esrf/20251130/SCROLLS_HEL_2.399um_78keV_0.22m_PHerc_0814_TA2_0001_masked.zarr/,True,True,5,5,reproduced_at_documented_scale,2,PHerc0814/segments/20260226000000-46527_2um_try2/mesh/intermediate/tifxyz_normalized,tifxyz_normalized,1,0.999964,1.00004,1,0,0,,reproduced_at_documented_scale,5,PHerc0814/segments/20260226000000-46527_2um_try2/mesh/20260226000000-on-20260309142202-2.399um.tifxyz,transformed,1,0.999964,1.00004,1,0,0,True,reproduced_at_documented_scale,True,True,False
PHerc0814/segments/20260226000000-46527_2um_try2,PHerc0814,9.362um-1.2m-113keV-volume-20250804134230.zarr,PHerc0814/segments/20260226000000-46527_2um_try2/surface-volumes/9.362um-1.2m-113keV-volume-20250804134230.zarr,zarr,True,layers-zarr,"3560,2180","28,2180,3560",True,0,/volumes/esrf/20250717/SCROLLS_HEL_4.681um_113keV_1.2m_binmean_2_PHerc_0814_TA_0001_masked.zarr/,True,True,5,5,not_reproduced_from_any_published_variant,2,PHerc0814/segments/20260226000000-46527_2um_try2/mesh/intermediate/tifxyz_normalized,tifxyz_normalized,1,,,,14,0.00675792,,reproduced_at_documented_scale,5,PHerc0814/segments/20260226000000-46527_2um_try2/mesh/20260226000000-on-20250804134230-9.362um.tifxyz,transformed,1,0.99986,1.00014,1,0,0,True,reproduced_at_documented_scale,False,True,False
PHerc0814/segments/20260226110425-auto_grown_20260226110425097_abf,PHerc0814,1.129um-0.22m-59keV-volume-20260521123630-L1.zarr,PHerc0814/segments/20260226110425-auto_grown_20260226110425097_abf/surface-volumes/1.129um-0.22m-59keV-volume-20260521123630-L1.zarr,zarr,True,layers-zarr,"3960,2450","116,2450,3960",True,1,/volumes/esrf/20260311/1.129um_mosaic_PHerc_0814_masked.zarr/,True,True,5,5,not_reproduced_from_any_published_variant,2,PHerc0814/segments/20260226110425-auto_grown_20260226110425097_abf/mesh/intermediate/tifxyz_normalized,tifxyz_normalized,0.5,,,,1,0.000658762,,reproduced_at_documented_scale,5,PHerc0814/segments/20260226110425-auto_grown_20260226110425097_abf/mesh/20260226110425-on-20260521123630-1.129um.tifxyz,transformed,0.5,0.499937,0.500063,0.5,0,0,True,reproduced_at_documented_scale,False,False,False
PHerc0814/segments/20260226110425-auto_grown_20260226110425097_abf,PHerc0814,2.399um-0.22m-78keV-volume-20260309142202.zarr,PHerc0814/segments/20260226110425-auto_grown_20260226110425097_abf/surface-volumes/2.399um-0.22m-78keV-volume-20260309142202.zarr,zarr,True,layers-zarr,"3720,2300","109,2300,3720",True,0,/volumes/esrf/20251130/SCROLLS_HEL_2.399um_78keV_0.22m_PHerc_0814_TA2_0001_masked.zarr/,True,True,5,5,reproduced_at_documented_scale,2,PHerc0814/segments/20260226110425-auto_grown_20260226110425097_abf/mesh/intermediate/tifxyz_normalized,tifxyz_normalized,1,0.999866,1.00013,1,0,0,,reproduced_at_documented_scale,5,PHerc0814/segments/20260226110425-auto_grown_20260226110425097_abf/mesh/20260226110425-on-20260309142202-2.399um.tifxyz,transformed,1,0.999866,1.00013,1,0,0,True,reproduced_at_documented_scale,True,True,False
PHerc0814/segments/20260226110425-auto_grown_20260226110425097_abf,PHerc0814,9.362um-1.2m-113keV-volume-20250804134230.zarr,PHerc0814/segments/20260226110425-auto_grown_20260226110425097_abf/surface-volumes/9.362um-1.2m-113keV-volume-20250804134230.zarr,zarr,True,layers-zarr,"960,600","28,600,960",True,0,/volumes/esrf/20250717/SCROLLS_HEL_4.681um_113keV_1.2m_binmean_2_PHerc_0814_TA_0001_masked.zarr/,True,True,5,5,not_reproduced_from_any_published_variant,2,PHerc0814/segments/20260226110425-auto_grown_20260226110425097_abf/mesh/intermediate/tifxyz_normalized,tifxyz_normalized,1,,,,6,0.0108696,,reproduced_at_documented_scale,5,PHerc0814/segments/20260226110425-auto_grown_20260226110425097_abf/mesh/20260226110425-on-20250804134230-9.362um.tifxyz,transformed,1,0.999479,1.00052,1,0,0,True,reproduced_at_documented_scale,False,True,False
PHerc0814/segments/20260226113324-auto_grown_20260226113324624_abf,PHerc0814,1.129um-0.22m-59keV-volume-20260521123630-L1.zarr,PHerc0814/segments/20260226113324-auto_grown_20260226113324624_abf/surface-volumes/1.129um-0.22m-59keV-volume-20260521123630-L1.zarr,zarr,True,layers-zarr,"4080,2470","116,2470,4080",True,1,/volumes/esrf/20260311/1.129um_mosaic_PHerc_0814_masked.zarr/,True,True,5,5,not_reproduced_from_any_published_variant,2,PHerc0814/segments/20260226113324-auto_grown_20260226113324624_abf/mesh/intermediate/tifxyz_normalized,tifxyz_normalized,0.5,,,,5,0.0020284,,reproduced_at_documented_scale,5,PHerc0814/segments/20260226113324-auto_grown_20260226113324624_abf/mesh/20260226113324-on-20260521123630-1.129um.tifxyz,transformed,0.5,0.499939,0.500061,0.5,0,0,True,reproduced_at_documented_scale,False,False,False
PHerc0814/segments/20260226113324-auto_grown_20260226113324624_abf,PHerc0814,2.399um-0.22m-78keV-volume-20260309142202.zarr,PHerc0814/segments/20260226113324-auto_grown_20260226113324624_abf/surface-volumes/2.399um-0.22m-78keV-volume-20260309142202.zarr,zarr,True,layers-zarr,"3840,2320","109,2320,3840",True,0,/volumes/esrf/20251130/SCROLLS_HEL_2.399um_78keV_0.22m_PHerc_0814_TA2_0001_masked.zarr/,True,True,5,5,reproduced_at_documented_scale,2,PHerc0814/segments/20260226113324-auto_grown_20260226113324624_abf/mesh/intermediate/tifxyz_normalized,tifxyz_normalized,1,0.99987,1.00013,1,0,0,,reproduced_at_documented_scale,5,PHerc0814/segments/20260226113324-auto_grown_20260226113324624_abf/mesh/20260226113324-on-20260309142202-2.399um.tifxyz,transformed,1,0.99987,1.00013,1,0,0,True,reproduced_at_documented_scale,True,True,False
PHerc0814/segments/20260226113324-auto_grown_20260226113324624_abf,PHerc0814,9.362um-1.2m-113keV-volume-20250804134230.zarr,PHerc0814/segments/20260226113324-auto_grown_20260226113324624_abf/surface-volumes/9.362um-1.2m-113keV-volume-20250804134230.zarr,zarr,True,layers-zarr,"980,600","28,600,980",True,0,/volumes/esrf/20250717/SCROLLS_HEL_4.681um_113keV_1.2m_binmean_2_PHerc_0814_TA_0001_masked.zarr/,True,True,5,5,not_reproduced_from_any_published_variant,2,PHerc0814/segments/20260226113324-auto_grown_20260226113324624_abf/mesh/intermediate/tifxyz_normalized,tifxyz_normalized,1,,,,8,0.0133709,,reproduced_at_documented_scale,5,PHerc0814/segments/20260226113324-auto_grown_20260226113324624_abf/mesh/20260226113324-on-20250804134230-9.362um.tifxyz,transformed,1,0.99949,1.00051,1,0,0,True,reproduced_at_documented_scale,False,True,False
PHerc0814/segments/20260226121302-auto_grown_20260226121302716_abf,PHerc0814,1.129um-0.22m-59keV-volume-20260521123630-L1.zarr,PHerc0814/segments/20260226121302-auto_grown_20260226121302716_abf/surface-volumes/1.129um-0.22m-59keV-volume-20260521123630-L1.zarr,zarr,True,layers-zarr,"4080,2510","116,2510,4080",True,1,/volumes/esrf/20260311/1.129um_mosaic_PHerc_0814_masked.zarr/,True,True,5,5,not_reproduced_from_any_published_variant,2,PHerc0814/segments/20260226121302-auto_grown_20260226121302716_abf/mesh/intermediate/tifxyz_normalized,tifxyz_normalized,0.5,,,,2,0.000997009,,reproduced_at_documented_scale,5,PHerc0814/segments/20260226121302-auto_grown_20260226121302716_abf/mesh/20260226121302-on-20260521123630-1.129um.tifxyz,transformed,0.5,0.499939,0.500061,0.5,0,0,True,reproduced_at_documented_scale,False,False,False
PHerc0814/segments/20260226121302-auto_grown_20260226121302716_abf,PHerc0814,2.399um-0.22m-78keV-volume-20260309142202.zarr,PHerc0814/segments/20260226121302-auto_grown_20260226121302716_abf/surface-volumes/2.399um-0.22m-78keV-volume-20260309142202.zarr,zarr,True,layers-zarr,"3840,2360","109,2360,3840",True,0,/volumes/esrf/20251130/SCROLLS_HEL_2.399um_78keV_0.22m_PHerc_0814_TA2_0001_masked.zarr/,True,True,5,5,reproduced_at_documented_scale,2,PHerc0814/segments/20260226121302-auto_grown_20260226121302716_abf/mesh/intermediate/tifxyz_normalized,tifxyz_normalized,1,0.99987,1.00013,1,0,0,,reproduced_at_documented_scale,5,PHerc0814/segments/20260226121302-auto_grown_20260226121302716_abf/mesh/20260226121302-on-20260309142202-2.399um.tifxyz,transformed,1,0.99987,1.00013,1,0,0,True,reproduced_at_documented_scale,True,True,False
PHerc0814/segments/20260226121302-auto_grown_20260226121302716_abf,PHerc0814,9.362um-1.2m-113keV-volume-20250804134230.zarr,PHerc0814/segments/20260226121302-auto_grown_20260226121302716_abf/surface-volumes/9.362um-1.2m-113keV-volume-20250804134230.zarr,zarr,True,layers-zarr,"980,600","28,600,980",True,0,/volumes/esrf/20250717/SCROLLS_HEL_4.681um_113keV_1.2m_binmean_2_PHerc_0814_TA_0001_masked.zarr/,True,True,5,5,not_reproduced_from_any_published_variant,2,PHerc0814/segments/20260226121302-auto_grown_20260226121302716_abf/mesh/intermediate/tifxyz_normalized,tifxyz_normalized,1,,,,2,0.00381944,,reproduced_at_documented_scale,5,PHerc0814/segments/20260226121302-auto_grown_20260226121302716_abf/mesh/20260226121302-on-20250804134230-9.362um.tifxyz,transformed,1,0.99949,1.00051,1,0,0,True,reproduced_at_documented_scale,False,True,False
PHerc0814/segments/20260226123353-auto_grown_20260226123353106,PHerc0814,1.129um-0.22m-59keV-volume-20260521123630-L1.zarr,PHerc0814/segments/20260226123353-auto_grown_20260226123353106/surface-volumes/1.129um-0.22m-59keV-volume-20260521123630-L1.zarr,zarr,True,layers-zarr,"4620,1940","116,1940,4620",True,1,/volumes/esrf/20260311/1.129um_mosaic_PHerc_0814_masked.zarr/,True,True,5,5,not_reproduced_from_any_published_variant,2,PHerc0814/segments/20260226123353-auto_grown_20260226123353106/mesh/intermediate/tifxyz_normalized,tifxyz_normalized,0.5,,,,2,0.001332,,reproduced_at_documented_scale,5,PHerc0814/segments/20260226123353-auto_grown_20260226123353106/mesh/20260226123353-on-20260521123630-1.129um.tifxyz,transformed,0.5,0.499946,0.500054,0.5,0,0,True,reproduced_at_documented_scale,False,False,False
PHerc0814/segments/20260226123353-auto_grown_20260226123353106,PHerc0814,2.399um-0.22m-78keV-volume-20260309142202.zarr,PHerc0814/segments/20260226123353-auto_grown_20260226123353106/surface-volumes/2.399um-0.22m-78keV-volume-20260309142202.zarr,zarr,True,layers-zarr,"4340,1820","109,1820,4340",True,0,/volumes/esrf/20251130/SCROLLS_HEL_2.399um_78keV_0.22m_PHerc_0814_TA2_0001_masked.zarr/,True,True,5,5,reproduced_at_documented_scale,2,PHerc0814/segments/20260226123353-auto_grown_20260226123353106/mesh/intermediate/tifxyz_normalized,tifxyz_normalized,1,0.999885,1.00012,1,0,0,,reproduced_at_documented_scale,5,PHerc0814/segments/20260226123353-auto_grown_20260226123353106/mesh/20260226123353-on-20260309142202-2.399um.tifxyz,transformed,1,0.999885,1.00012,1,0,0,True,reproduced_at_documented_scale,True,True,False
PHerc0814/segments/20260226123353-auto_grown_20260226123353106,PHerc0814,9.362um-1.2m-113keV-volume-20250804134230.zarr,PHerc0814/segments/20260226123353-auto_grown_20260226123353106/surface-volumes/9.362um-1.2m-113keV-volume-20250804134230.zarr,zarr,True,layers-zarr,"1120,460","28,460,1120",True,0,/volumes/esrf/20250717/SCROLLS_HEL_4.681um_113keV_1.2m_binmean_2_PHerc_0814_TA_0001_masked.zarr/,True,True,5,5,not_reproduced_from_any_published_variant,2,PHerc0814/segments/20260226123353-auto_grown_20260226123353106/mesh/intermediate/tifxyz_normalized,tifxyz_normalized,1,,,,9,0.0210379,,reproduced_at_documented_scale,5,PHerc0814/segments/20260226123353-auto_grown_20260226123353106/mesh/20260226123353-on-20250804134230-9.362um.tifxyz,transformed,1,0.999554,1.00045,1,0,0,True,reproduced_at_documented_scale,False,True,False
PHerc0841/segments/20260220213127-w00,PHerc0841,2.403um-0.22m-77keV-volume-20260319124803.zarr,PHerc0841/segments/20260220213127-w00/surface-volumes/2.403um-0.22m-77keV-volume-20260319124803.zarr,zarr,True,layers-zarr,"18560,16460","109,16460,18560",True,0,/volumes/esrf/20250717/2026-rewindowed/SCROLLS_HEL_2.403um_77keV_0.22m_PHerc_0841_B_TA3_0001_masked.zarr/,True,True,4,4,not_reproduced_from_any_published_variant,2,PHerc0841/segments/20260220213127-w00/mesh/intermediate/tifxyz_normalized,tifxyz_normalized,1,,,,5,0.000337065,,reproduced_at_documented_scale,4,PHerc0841/segments/20260220213127-w00/mesh/20260220213127-on-20260319124803-2.403um.tifxyz,transformed,1,0.999973,1.00003,1,0,0,True,reproduced_at_documented_scale,False,True,False
PHerc0841/segments/20260220213127-w00,PHerc0841,9.366um-1.2m-113keV-volume-20250821151531.zarr,PHerc0841/segments/20260220213127-w00/surface-volumes/9.366um-1.2m-113keV-volume-20250821151531.zarr,zarr,True,layers-zarr,"4760,4220","28,4220,4760",True,0,/volumes/esrf/20250717/sam2long-16xdown/SCROLLS_HEL_4.683um_113keV_1.2m_binmean_2_PHerc_0841_TA_0001_masked.zarr/,True,True,4,4,reproduced_at_documented_scale,2,PHerc0841/segments/20260220213127-w00/mesh/intermediate/tifxyz_normalized,tifxyz_normalized,1,0.999895,1.00011,1,0,0,,reproduced_at_documented_scale,4,PHerc0841/segments/20260220213127-w00/mesh/20260220213127-on-20250821151531-9.366um.tifxyz,transformed,1,0.999895,1.00011,1,0,0,True,reproduced_at_documented_scale,True,True,False
PHerc0841/segments/20260220214732-auto_grown_20260220144552896,PHerc0841,2.403um-0.22m-77keV-volume-20260319124803.zarr,PHerc0841/segments/20260220214732-auto_grown_20260220144552896/surface-volumes/2.403um-0.22m-77keV-volume-20260319124803.zarr,zarr,True,layers-zarr,"18400,18080","109,18080,18400",True,0,/volumes/esrf/20250717/2026-rewindowed/SCROLLS_HEL_2.403um_77keV_0.22m_PHerc_0841_B_TA3_0001_masked.zarr/,True,True,4,4,not_reproduced_from_any_published_variant,2,PHerc0841/segments/20260220214732-auto_grown_20260220144552896/mesh/intermediate/tifxyz_normalized,tifxyz_normalized,1,,,,8,0.000449978,,reproduced_at_documented_scale,4,PHerc0841/segments/20260220214732-auto_grown_20260220144552896/mesh/20260220214732-on-20260319124803-2.403um.tifxyz,transformed,1,0.999973,1.00003,1,0,0,True,reproduced_at_documented_scale,False,True,False
PHerc0841/segments/20260220214732-auto_grown_20260220144552896,PHerc0841,9.366um-1.2m-113keV-volume-20250821151531.zarr,PHerc0841/segments/20260220214732-auto_grown_20260220144552896/surface-volumes/9.366um-1.2m-113keV-volume-20250821151531.zarr,zarr,True,layers-zarr,"4720,4640","28,4640,4720",True,0,/volumes/esrf/20250717/sam2long-16xdown/SCROLLS_HEL_4.683um_113keV_1.2m_binmean_2_PHerc_0841_TA_0001_masked.zarr/,True,True,4,4,reproduced_at_documented_scale,2,PHerc0841/segments/20260220214732-auto_grown_20260220144552896/mesh/intermediate/tifxyz_normalized,tifxyz_normalized,1,0.999894,1.00011,1,0,0,,reproduced_at_documented_scale,4,PHerc0841/segments/20260220214732-auto_grown_20260220144552896/mesh/20260220214732-on-20250821151531-9.366um.tifxyz,transformed,1,0.999894,1.00011,1,0,0,True,reproduced_at_documented_scale,True,True,False
PHerc0841/segments/20260221022814-auto_grown_20260220174252405,PHerc0841,2.403um-0.22m-77keV-volume-20260319124803.zarr,PHerc0841/segments/20260221022814-auto_grown_20260220174252405/surface-volumes/2.403um-0.22m-77keV-volume-20260319124803.zarr,zarr,True,layers-zarr,"19100,14660","109,14660,19100",True,0,/volumes/esrf/20250717/2026-rewindowed/SCROLLS_HEL_2.403um_77keV_0.22m_PHerc_0841_B_TA3_0001_masked.zarr/,True,True,4,4,not_reproduced_from_any_published_variant,2,PHerc0841/segments/20260221022814-auto_grown_20260220174252405/mesh/intermediate/tifxyz_normalized,tifxyz_normalized,1,,,,3,0.000250641,,reproduced_at_documented_scale,4,PHerc0841/segments/20260221022814-auto_grown_20260220174252405/mesh/20260221022814-on-20260319124803-2.403um.tifxyz,transformed,1,0.999974,1.00003,1,0,0,True,reproduced_at_documented_scale,False,True,False
PHerc0841/segments/20260221022814-auto_grown_20260220174252405,PHerc0841,9.366um-1.2m-113keV-volume-20250821151531.zarr,PHerc0841/segments/20260221022814-auto_grown_20260220174252405/surface-volumes/9.366um-1.2m-113keV-volume-20250821151531.zarr,zarr,True,layers-zarr,"4900,3760","28,3760,4900",True,0,/volumes/esrf/20250717/sam2long-16xdown/SCROLLS_HEL_4.683um_113keV_1.2m_binmean_2_PHerc_0841_TA_0001_masked.zarr/,True,True,4,4,reproduced_at_documented_scale,2,PHerc0841/segments/20260221022814-auto_grown_20260220174252405/mesh/intermediate/tifxyz_normalized,tifxyz_normalized,1,0.999898,1.0001,1,0,0,,reproduced_at_documented_scale,4,PHerc0841/segments/20260221022814-auto_grown_20260220174252405/mesh/20260221022814-on-20250821151531-9.366um.tifxyz,transformed,1,0.999898,1.0001,1,0,0,True,reproduced_at_documented_scale,True,True,False
PHerc1447/segments/20250502180708-auto_grown_20250502160708188,PHerc1447,8.64um-1.2m-116keV-volume-20250521151220.zarr,PHerc1447/segments/20250502180708-auto_grown_20250502160708188/surface-volumes/8.64um-1.2m-116keV-volume-20250521151220.zarr,zarr,True,layers-zarr,"3540,2660","31,2660,3540",True,0,/volumes/esrf/20250506/SCROLLS_TA_HEL_4.320um_1.0m_116keV_binmean_2_PHerc1447_C_TA_0001_masked.zarr/,True,True,3,3,reproduced_at_documented_scale,2,PHerc1447/segments/20250502180708-auto_grown_20250502160708188/mesh/intermediate/tifxyz_normalized,tifxyz_normalized,1,0.999859,1.00014,1,0,0,,reproduced_at_documented_scale,3,PHerc1447/segments/20250502180708-auto_grown_20250502160708188/mesh/20250502180708-on-20250521151220-8.64um.tifxyz,transformed,1,0.999859,1.00014,1,0,0,True,reproduced_at_documented_scale,True,True,False
PHerc1447/segments/20250502180748-auto_grown_20250502160748721,PHerc1447,8.64um-1.2m-116keV-volume-20250521151220.zarr,PHerc1447/segments/20250502180748-auto_grown_20250502160748721/surface-volumes/8.64um-1.2m-116keV-volume-20250521151220.zarr,zarr,True,layers-zarr,"2240,4120","31,4120,2240",True,0,/volumes/esrf/20250506/SCROLLS_TA_HEL_4.320um_1.0m_116keV_binmean_2_PHerc1447_C_TA_0001_masked.zarr/,True,True,3,3,reproduced_at_documented_scale,2,PHerc1447/segments/20250502180748-auto_grown_20250502160748721/mesh/intermediate/tifxyz_normalized,tifxyz_normalized,1,0.999879,1.00012,1,0,0,,reproduced_at_documented_scale,3,PHerc1447/segments/20250502180748-auto_grown_20250502160748721/mesh/20250502180748-on-20250521151220-8.64um.tifxyz,transformed,1,0.999879,1.00012,1,0,0,True,reproduced_at_documented_scale,True,True,False
PHerc1447/segments/20250502182142-auto_grown_20250502161324419,PHerc1447,8.64um-1.2m-116keV-volume-20250521151220.zarr,PHerc1447/segments/20250502182142-auto_grown_20250502161324419/surface-volumes/8.64um-1.2m-116keV-volume-20250521151220.zarr,zarr,True,layers-zarr,"2560,3760","31,3760,2560",True,0,/volumes/esrf/20250506/SCROLLS_TA_HEL_4.320um_1.0m_116keV_binmean_2_PHerc1447_C_TA_0001_masked.zarr/,True,True,3,3,reproduced_at_documented_scale,2,PHerc1447/segments/20250502182142-auto_grown_20250502161324419/mesh/intermediate/tifxyz_normalized,tifxyz_normalized,1,0.999867,1.00013,1,0,0,,reproduced_at_documented_scale,3,PHerc1447/segments/20250502182142-auto_grown_20250502161324419/mesh/20250502182142-on-20250521151220-8.64um.tifxyz,transformed,1,0.999867,1.00013,1,0,0,True,reproduced_at_documented_scale,True,True,False
PHerc1447/segments/20250502182456-auto_grown_20250502161202782,PHerc1447,8.64um-1.2m-116keV-volume-20250521151220.zarr,PHerc1447/segments/20250502182456-auto_grown_20250502161202782/surface-volumes/8.64um-1.2m-116keV-volume-20250521151220.zarr,zarr,True,layers-zarr,"3240,4720","31,4720,3240",True,0,/volumes/esrf/20250506/SCROLLS_TA_HEL_4.320um_1.0m_116keV_binmean_2_PHerc1447_C_TA_0001_masked.zarr/,True,True,3,3,reproduced_at_documented_scale,2,PHerc1447/segments/20250502182456-auto_grown_20250502161202782/mesh/intermediate/tifxyz_normalized,tifxyz_normalized,1,0.999894,1.00011,1,0,0,,reproduced_at_documented_scale,3,PHerc1447/segments/20250502182456-auto_grown_20250502161202782/mesh/20250502182456-on-20250521151220-8.64um.tifxyz,transformed,1,0.999894,1.00011,1,0,0,True,reproduced_at_documented_scale,True,True,False
PHerc1447/segments/20250502183138-auto_grown_20250502162038685,PHerc1447,8.64um-1.2m-116keV-volume-20250521151220.zarr,PHerc1447/segments/20250502183138-auto_grown_20250502162038685/surface-volumes/8.64um-1.2m-116keV-volume-20250521151220.zarr,zarr,True,layers-zarr,"2120,3220","31,3220,2120",True,0,/volumes/esrf/20250506/SCROLLS_TA_HEL_4.320um_1.0m_116keV_binmean_2_PHerc1447_C_TA_0001_masked.zarr/,True,True,3,3,reproduced_at_documented_scale,2,PHerc1447/segments/20250502183138-auto_grown_20250502162038685/mesh/intermediate/tifxyz_normalized,tifxyz_normalized,1,0.999845,1.00016,1,0,0,,reproduced_at_documented_scale,3,PHerc1447/segments/20250502183138-auto_grown_20250502162038685/mesh/20250502183138-on-20250521151220-8.64um.tifxyz,transformed,1,0.999845,1.00016,1,0,0,True,reproduced_at_documented_scale,True,True,False
PHerc1447/segments/20250502183421-auto_grown_20250502161744358,PHerc1447,8.64um-1.2m-116keV-volume-20250521151220.zarr,PHerc1447/segments/20250502183421-auto_grown_20250502161744358/surface-volumes/8.64um-1.2m-116keV-volume-20250521151220.zarr,zarr,True,layers-zarr,"3860,3820","31,3820,3860",True,0,/volumes/esrf/20250506/SCROLLS_TA_HEL_4.320um_1.0m_116keV_binmean_2_PHerc1447_C_TA_0001_masked.zarr/,True,True,3,3,reproduced_at_documented_scale,2,PHerc1447/segments/20250502183421-auto_grown_20250502161744358/mesh/intermediate/tifxyz_normalized,tifxyz_normalized,1,0.99987,1.00013,1,0,0,,reproduced_at_documented_scale,3,PHerc1447/segments/20250502183421-auto_grown_20250502161744358/mesh/20250502183421-on-20250521151220-8.64um.tifxyz,transformed,1,0.99987,1.00013,1,0,0,True,reproduced_at_documented_scale,True,True,False
PHerc1447/segments/20250502184201-auto_grown_20250502163549332,PHerc1447,8.64um-1.2m-116keV-volume-20250521151220.zarr,PHerc1447/segments/20250502184201-auto_grown_20250502163549332/surface-volumes/8.64um-1.2m-116keV-volume-20250521151220.zarr,zarr,True,layers-zarr,"2220,3580","31,3580,2220",True,0,/volumes/esrf/20250506/SCROLLS_TA_HEL_4.320um_1.0m_116keV_binmean_2_PHerc1447_C_TA_0001_masked.zarr/,True,True,3,3,reproduced_at_documented_scale,2,PHerc1447/segments/20250502184201-auto_grown_20250502163549332/mesh/intermediate/tifxyz_normalized,tifxyz_normalized,1,0.99986,1.00014,1,0,0,,reproduced_at_documented_scale,3,PHerc1447/segments/20250502184201-auto_grown_20250502163549332/mesh/20250502184201-on-20250521151220-8.64um.tifxyz,transformed,1,0.99986,1.00014,1,0,0,True,reproduced_at_documented_scale,True,True,False
PHerc1447/segments/20250502184658-auto_grown_20250502163923577,PHerc1447,8.64um-1.2m-116keV-volume-20250521151220.zarr,PHerc1447/segments/20250502184658-auto_grown_20250502163923577/surface-volumes/8.64um-1.2m-116keV-volume-20250521151220.zarr,zarr,True,layers-zarr,"2860,4220","31,4220,2860",True,0,/volumes/esrf/20250506/SCROLLS_TA_HEL_4.320um_1.0m_116keV_binmean_2_PHerc1447_C_TA_0001_masked.zarr/,True,True,3,3,reproduced_at_documented_scale,2,PHerc1447/segments/20250502184658-auto_grown_20250502163923577/mesh/intermediate/tifxyz_normalized,tifxyz_normalized,1,0.999882,1.00012,1,0,0,,reproduced_at_documented_scale,3,PHerc1447/segments/20250502184658-auto_grown_20250502163923577/mesh/20250502184658-on-20250521151220-8.64um.tifxyz,transformed,1,0.999882,1.00012,1,0,0,True,reproduced_at_documented_scale,True,True,False
PHerc1447/segments/20250502184845-auto_grown_20250502164121265,PHerc1447,8.64um-1.2m-116keV-volume-20250521151220.zarr,PHerc1447/segments/20250502184845-auto_grown_20250502164121265/surface-volumes/8.64um-1.2m-116keV-volume-20250521151220.zarr,zarr,True,layers-zarr,"2200,4620","31,4620,2200",True,0,/volumes/esrf/20250506/SCROLLS_TA_HEL_4.320um_1.0m_116keV_binmean_2_PHerc1447_C_TA_0001_masked.zarr/,True,True,3,3,reproduced_at_documented_scale,2,PHerc1447/segments/20250502184845-auto_grown_20250502164121265/mesh/intermediate/tifxyz_normalized,tifxyz_normalized,1,0.999892,1.00011,1,0,0,,reproduced_at_documented_scale,3,PHerc1447/segments/20250502184845-auto_grown_20250502164121265/mesh/20250502184845-on-20250521151220-8.64um.tifxyz,transformed,1,0.999892,1.00011,1,0,0,True,reproduced_at_documented_scale,True,True,False
PHerc1447/segments/20250502185519-auto_grown_20250502164303733,PHerc1447,8.64um-1.2m-116keV-volume-20250521151220.zarr,PHerc1447/segments/20250502185519-auto_grown_20250502164303733/surface-volumes/8.64um-1.2m-116keV-volume-20250521151220.zarr,zarr,True,layers-zarr,"2660,3200","31,3200,2660",True,0,/volumes/esrf/20250506/SCROLLS_TA_HEL_4.320um_1.0m_116keV_binmean_2_PHerc1447_C_TA_0001_masked.zarr/,True,True,3,3,reproduced_at_documented_scale,2,PHerc1447/segments/20250502185519-auto_grown_20250502164303733/mesh/intermediate/tifxyz_normalized,tifxyz_normalized,1,0.999844,1.00016,1,0,0,,reproduced_at_documented_scale,3,PHerc1447/segments/20250502185519-auto_grown_20250502164303733/mesh/20250502185519-on-20250521151220-8.64um.tifxyz,transformed,1,0.999844,1.00016,1,0,0,True,reproduced_at_documented_scale,True,True,False
PHerc1447/segments/20250502205333-auto_grown_20250502181030065,PHerc1447,8.64um-1.2m-116keV-volume-20250521151220.zarr,PHerc1447/segments/20250502205333-auto_grown_20250502181030065/surface-volumes/8.64um-1.2m-116keV-volume-20250521151220.zarr,zarr,True,layers-zarr,"2580,3760","31,3760,2580",True,0,/volumes/esrf/20250506/SCROLLS_TA_HEL_4.320um_1.0m_116keV_binmean_2_PHerc1447_C_TA_0001_masked.zarr/,True,True,3,3,reproduced_at_documented_scale,2,PHerc1447/segments/20250502205333-auto_grown_20250502181030065/mesh/intermediate/tifxyz_normalized,tifxyz_normalized,1,0.999867,1.00013,1,0,0,,reproduced_at_documented_scale,3,PHerc1447/segments/20250502205333-auto_grown_20250502181030065/mesh/20250502205333-on-20250521151220-8.64um.tifxyz,transformed,1,0.999867,1.00013,1,0,0,True,reproduced_at_documented_scale,True,True,False
PHerc1447/segments/20250702235910-auto_grown_20250702235910292,PHerc1447,8.64um-1.2m-116keV-volume-20250521151220.tifs,PHerc1447/segments/20250702235910-auto_grown_20250702235910292/surface-volumes/8.64um-1.2m-116keV-volume-20250521151220.tifs,tif-stack,True,layers-tif,,,,,,False,False,0,4,,,,,,,,,,,,,,,,,,,,,,,no_published_canvas,,,
PHerc1447/segments/20250702235910-auto_grown_20250702235910292,PHerc1447,8.64um-1.2m-116keV-volume-20250521151220.zarr,PHerc1447/segments/20250702235910-auto_grown_20250702235910292/surface-volumes/8.64um-1.2m-116keV-volume-20250521151220.zarr,zarr,True,layers-zarr,"3240,2980","31,2980,3240",True,0,/volumes/esrf/20250506/SCROLLS_TA_HEL_4.320um_1.0m_116keV_binmean_2_PHerc1447_C_TA_0001_masked.zarr/,True,True,4,4,reproduced_at_documented_scale,3,PHerc1447/segments/20250702235910-auto_grown_20250702235910292/mesh/tifxyz,legacy-tifxyz,1,0.999846,1.00015,1,0,0,,reproduced_at_documented_scale,4,PHerc1447/segments/20250702235910-auto_grown_20250702235910292/mesh/20250702235910-on-20250521151220-8.64um.tifxyz,transformed,1,0.999846,1.00015,1,0,0,True,reproduced_at_documented_scale,True,True,False
PHerc1447/segments/20250703025628-auto_grown_20250703025628283,PHerc1447,8.64um-1.2m-116keV-volume-20250521151220.tifs,PHerc1447/segments/20250703025628-auto_grown_20250703025628283/surface-volumes/8.64um-1.2m-116keV-volume-20250521151220.tifs,tif-stack,True,layers-tif,,,,,,False,False,0,4,,,,,,,,,,,,,,,,,,,,,,,no_published_canvas,,,
PHerc1447/segments/20250703025628-auto_grown_20250703025628283,PHerc1447,8.64um-1.2m-116keV-volume-20250521151220.zarr,PHerc1447/segments/20250703025628-auto_grown_20250703025628283/surface-volumes/8.64um-1.2m-116keV-volume-20250521151220.zarr,zarr,True,layers-zarr,"4260,4100","31,4100,4260",True,0,/volumes/esrf/20250506/SCROLLS_TA_HEL_4.320um_1.0m_116keV_binmean_2_PHerc1447_C_TA_0001_masked.zarr/,True,True,4,4,reproduced_at_documented_scale,3,PHerc1447/segments/20250703025628-auto_grown_20250703025628283/mesh/tifxyz,legacy-tifxyz,1,0.999883,1.00012,1,0,0,,reproduced_at_documented_scale,4,PHerc1447/segments/20250703025628-auto_grown_20250703025628283/mesh/20250703025628-on-20250521151220-8.64um.tifxyz,transformed,1,0.999883,1.00012,1,0,0,True,reproduced_at_documented_scale,True,True,False
PHerc1447/segments/20250703034159-auto_grown_20250703034159599,PHerc1447,8.64um-1.2m-116keV-volume-20250521151220.tifs,PHerc1447/segments/20250703034159-auto_grown_20250703034159599/surface-volumes/8.64um-1.2m-116keV-volume-20250521151220.tifs,tif-stack,True,layers-tif,,,,,,False,False,0,4,,,,,,,,,,,,,,,,,,,,,,,no_published_canvas,,,
PHerc1447/segments/20250703034159-auto_grown_20250703034159599,PHerc1447,8.64um-1.2m-116keV-volume-20250521151220.zarr,PHerc1447/segments/20250703034159-auto_grown_20250703034159599/surface-volumes/8.64um-1.2m-116keV-volume-20250521151220.zarr,zarr,True,layers-zarr,"5220,3620","31,3620,5220",True,0,/volumes/esrf/20250506/SCROLLS_TA_HEL_4.320um_1.0m_116keV_binmean_2_PHerc1447_C_TA_0001_masked.zarr/,True,True,4,4,reproduced_at_documented_scale,3,PHerc1447/segments/20250703034159-auto_grown_20250703034159599/mesh/tifxyz,legacy-tifxyz,1,0.999904,1.0001,1,0,0,,reproduced_at_documented_scale,4,PHerc1447/segments/20250703034159-auto_grown_20250703034159599/mesh/20250703034159-on-20250521151220-8.64um.tifxyz,transformed,1,0.999904,1.0001,1,0,0,True,reproduced_at_documented_scale,True,True,False
PHerc1447/segments/20251105093211-z_dbg_gen_00320,PHerc1447,8.64um-1.2m-116keV-volume-20250521151220.tifs,PHerc1447/segments/20251105093211-z_dbg_gen_00320/surface-volumes/8.64um-1.2m-116keV-volume-20250521151220.tifs,tif-stack,True,layers-tif,,,,,,False,False,0,4,,,,,,,,,,,,,,,,,,,,,,,no_published_canvas,,,
PHerc1447/segments/20251105093211-z_dbg_gen_00320,PHerc1447,8.64um-1.2m-116keV-volume-20250521151220.zarr,PHerc1447/segments/20251105093211-z_dbg_gen_00320/surface-volumes/8.64um-1.2m-116keV-volume-20250521151220.zarr,zarr,True,layers-zarr,"8220,13640","31,13640,8220",True,0,/volumes/esrf/20250506/SCROLLS_TA_HEL_4.320um_1.0m_116keV_binmean_2_PHerc1447_C_TA_0001_masked.zarr/,True,True,4,4,reproduced_at_documented_scale,3,PHerc1447/segments/20251105093211-z_dbg_gen_00320/mesh/tifxyz,legacy-tifxyz,1,0.999963,1.00004,1,0,0,,reproduced_at_documented_scale,4,PHerc1447/segments/20251105093211-z_dbg_gen_00320/mesh/20251105093211-on-20250521151220-8.64um.tifxyz,transformed,1,0.999963,1.00004,1,0,0,True,reproduced_at_documented_scale,True,True,False
PHerc1667/segments/20240304141531-w013_20240304141531_flatboi,PHerc1667,1.129um-0.22m-59keV-volume-20260323082859-L1.zarr,PHerc1667/segments/20240304141531-w013_20240304141531_flatboi/surface-volumes/1.129um-0.22m-59keV-volume-20260323082859-L1.zarr,zarr,True,layers-zarr,"84010,44490","116,44490,84010",True,1,/volumes/esrf/20260311/1.129um_mosaic_PHerc_1667_ROI__masked.zarr/,True,True,6,6,not_reproduced_from_any_published_variant,2,PHerc1667/segments/20240304141531-w013_20240304141531_flatboi/mesh/intermediate/tifxyz_flattened,tifxyz_flattened,0.5,,,,159,0.00358804,,reproduced_at_documented_scale,6,PHerc1667/segments/20240304141531-w013_20240304141531_flatboi/mesh/20240304141531-on-20260323082859-1.129um.tifxyz,transformed,0.5,0.499997,0.500003,0.5,0,0,True,reproduced_at_documented_scale,False,False,False
PHerc1667/segments/20240304141531-w013_20240304141531_flatboi,PHerc1667,2.399um-0.22m-78keV-volume-20251217075048.zarr,PHerc1667/segments/20240304141531-w013_20240304141531_flatboi/surface-volumes/2.399um-0.22m-78keV-volume-20251217075048.zarr,zarr,True,layers-zarr,"79600,41600","109,41600,79600",True,0,/volumes/esrf/20251130/SCROLLS_HEL_2.399um_78keV_0.22m_PHerc_1667_TA_0001_masked.zarr/,True,True,6,6,not_reproduced_from_any_published_variant,2,PHerc1667/segments/20240304141531-w013_20240304141531_flatboi/mesh/intermediate/tifxyz_normalized,tifxyz_normalized,1,,,,132,0.00318628,,reproduced_at_documented_scale,6,PHerc1667/segments/20240304141531-w013_20240304141531_flatboi/mesh/20240304141531-on-20251217075048-2.399um.tifxyz,transformed,1,0.999994,1.00001,1,0,0,True,reproduced_at_documented_scale,False,True,False
PHerc1667/segments/20240304144031-w018_20240304144031_flatboi,PHerc1667,1.129um-0.22m-59keV-volume-20260323082859-L1.zarr,PHerc1667/segments/20240304144031-w018_20240304144031_flatboi/surface-volumes/1.129um-0.22m-59keV-volume-20260323082859-L1.zarr,zarr,True,layers-zarr,"103550,45310","116,45310,103550",True,1,/volumes/esrf/20260311/1.129um_mosaic_PHerc_1667_ROI__masked.zarr/,True,True,6,6,not_reproduced_from_any_published_variant,2,PHerc1667/segments/20240304144031-w018_20240304144031_flatboi/mesh/intermediate/tifxyz_flattened,tifxyz_flattened,0.5,,,,636,0.0142357,,reproduced_at_documented_scale,6,PHerc1667/segments/20240304144031-w018_20240304144031_flatboi/mesh/20240304144031-on-20260323082859-1.129um.tifxyz,transformed,0.5,0.499998,0.500002,0.5,0,0,True,reproduced_at_documented_scale,False,False,False
PHerc1667/segments/20240304144031-w018_20240304144031_flatboi,PHerc1667,2.399um-0.22m-78keV-volume-20251217075048.zarr,PHerc1667/segments/20240304144031-w018_20240304144031_flatboi/surface-volumes/2.399um-0.22m-78keV-volume-20251217075048.zarr,zarr,True,layers-zarr,"98100,42380","109,42380,98100",True,0,/volumes/esrf/20251130/SCROLLS_HEL_2.399um_78keV_0.22m_PHerc_1667_TA_0001_masked.zarr/,True,True,6,6,not_reproduced_from_any_published_variant,2,PHerc1667/segments/20240304144031-w018_20240304144031_flatboi/mesh/intermediate/tifxyz_flattened,tifxyz_flattened,1,,,,57,0.00135224,,reproduced_at_documented_scale,6,PHerc1667/segments/20240304144031-w018_20240304144031_flatboi/mesh/20240304144031-on-20251217075048-2.399um.tifxyz,transformed,1,0.999995,1.00001,1,0,0,True,reproduced_at_documented_scale,False,True,False
PHerc1667/segments/20240304161941-w023_20240304161941_flatboi,PHerc1667,1.129um-0.22m-59keV-volume-20260323082859-L1.zarr,PHerc1667/segments/20240304161941-w023_20240304161941_flatboi/surface-volumes/1.129um-0.22m-59keV-volume-20260323082859-L1.zarr,zarr,True,layers-zarr,"108030,44760","116,44760,108030",True,1,/volumes/esrf/20260311/1.129um_mosaic_PHerc_1667_ROI__masked.zarr/,True,True,6,6,not_reproduced_from_any_published_variant,2,PHerc1667/segments/20240304161941-w023_20240304161941_flatboi/mesh/intermediate/tifxyz_flattened,tifxyz_flattened,0.5,,,,638,0.0144595,,reproduced_at_documented_scale,6,PHerc1667/segments/20240304161941-w023_20240304161941_flatboi/mesh/20240304161941-on-20260323082859-1.129um.tifxyz,transformed,0.5,0.499998,0.500002,0.5,0,0,True,reproduced_at_documented_scale,False,False,False
PHerc1667/segments/20240304161941-w023_20240304161941_flatboi,PHerc1667,2.399um-0.22m-78keV-volume-20251217075048.zarr,PHerc1667/segments/20240304161941-w023_20240304161941_flatboi/surface-volumes/2.399um-0.22m-78keV-volume-20251217075048.zarr,zarr,True,layers-zarr,"102360,41860","109,41860,102360",True,0,/volumes/esrf/20251130/SCROLLS_HEL_2.399um_78keV_0.22m_PHerc_1667_TA_0001_masked.zarr/,True,True,6,6,not_reproduced_from_any_published_variant,2,PHerc1667/segments/20240304161941-w023_20240304161941_flatboi/mesh/intermediate/tifxyz_flattened,tifxyz_flattened,1,,,,54,0.0012856,,reproduced_at_documented_scale,6,PHerc1667/segments/20240304161941-w023_20240304161941_flatboi/mesh/20240304161941-on-20251217075048-2.399um.tifxyz,transformed,1,0.999995,1,1,0,0,True,reproduced_at_documented_scale,False,True,False
PHerc1667/segments/20251206103305-w012_20251206103305555_flatboi,PHerc1667,1.129um-0.22m-59keV-volume-20260323082859-L1.zarr,PHerc1667/segments/20251206103305-w012_20251206103305555_flatboi/surface-volumes/1.129um-0.22m-59keV-volume-20260323082859-L1.zarr,zarr,True,layers-zarr,"16560,42120","116,42120,16560",True,1,/volumes/esrf/20260311/1.129um_mosaic_PHerc_1667_ROI__masked.zarr/,True,True,6,6,not_reproduced_from_any_published_variant,2,PHerc1667/segments/20251206103305-w012_20251206103305555_flatboi/mesh/intermediate/tifxyz_normalized,tifxyz_normalized,0.5,,,,288,0.0173913,,reproduced_at_documented_scale,6,PHerc1667/segments/20251206103305-w012_20251206103305555_flatboi/mesh/20251206103305-on-20260323082859-1.129um.tifxyz,transformed,0.5,0.499994,0.500006,0.5,0,0,True,reproduced_at_documented_scale,False,False,False
PHerc1667/segments/20251206103305-w012_20251206103305555_flatboi,PHerc1667,1.129um-0.22m-59keV-volume-20260323082859.zarr,PHerc1667/segments/20251206103305-w012_20251206103305555_flatboi/surface-volumes/1.129um-0.22m-59keV-volume-20260323082859.zarr,zarr,True,layers-zarr,"33120,84240","231,84240,33120",True,0,/volumes/esrf/20260311/1.129um_mosaic_PHerc_1667_ROI__masked.zarr/,True,True,6,6,not_reproduced_from_any_published_variant,2,PHerc1667/segments/20251206103305-w012_20251206103305555_flatboi/mesh/intermediate/tifxyz_normalized,tifxyz_normalized,1,,,,576,0.0173913,,reproduced_at_documented_scale,6,PHerc1667/segments/20251206103305-w012_20251206103305555_flatboi/mesh/20251206103305-on-20260323082859-1.129um.tifxyz,transformed,1,0.999994,1.00001,1,0,0,True,reproduced_at_documented_scale,False,True,False
PHerc1667/segments/20251206103305-w012_20251206103305555_flatboi,PHerc1667,2.399um-0.22m-78keV-volume-20251217075048.zarr,PHerc1667/segments/20251206103305-w012_20251206103305555_flatboi/surface-volumes/2.399um-0.22m-78keV-volume-20251217075048.zarr,zarr,True,layers-zarr,"15700,39380","109,39380,15700",True,0,/volumes/esrf/20251130/SCROLLS_HEL_2.399um_78keV_0.22m_PHerc_1667_TA_0001_masked.zarr/,True,True,6,6,not_reproduced_from_any_published_variant,2,PHerc1667/segments/20251206103305-w012_20251206103305555_flatboi/mesh/intermediate/tifxyz_normalized,tifxyz_normalized,1,,,,52,0.0033121,,reproduced_at_documented_scale,6,PHerc1667/segments/20251206103305-w012_20251206103305555_flatboi/mesh/20251206103305-on-20251217075048-2.399um.tifxyz,transformed,1,0.999987,1.00001,1,0,0,True,reproduced_at_documented_scale,False,True,False
PHerc1667/segments/20251208130119-w028_20251208130119156_flatboi,PHerc1667,1.129um-0.22m-59keV-volume-20260323082859-L1.zarr,PHerc1667/segments/20251208130119-w028_20251208130119156_flatboi/surface-volumes/1.129um-0.22m-59keV-volume-20260323082859-L1.zarr,zarr,True,layers-zarr,"32010,40010","116,40010,32010",True,1,/volumes/esrf/20260311/1.129um_mosaic_PHerc_1667_ROI__masked.zarr/,True,True,6,6,not_reproduced_from_any_published_variant,2,PHerc1667/segments/20251208130119-w028_20251208130119156_flatboi/mesh/intermediate/tifxyz_flattened,tifxyz_flattened,0.5,,,,372,0.0116352,,reproduced_at_documented_scale,6,PHerc1667/segments/20251208130119-w028_20251208130119156_flatboi/mesh/20251208130119-on-20260323082859-1.129um.tifxyz,transformed,0.5,0.499994,0.500006,0.5,0,0,True,reproduced_at_documented_scale,False,False,False
PHerc1667/segments/20251208130119-w028_20251208130119156_flatboi,PHerc1667,2.399um-0.22m-78keV-volume-20251217075048.zarr,PHerc1667/segments/20251208130119-w028_20251208130119156_flatboi/surface-volumes/2.399um-0.22m-78keV-volume-20251217075048.zarr,zarr,True,layers-zarr,"30340,37420","109,37420,30340",True,0,/volumes/esrf/20251130/SCROLLS_HEL_2.399um_78keV_0.22m_PHerc_1667_TA_0001_masked.zarr/,True,True,6,6,not_reproduced_from_any_published_variant,2,PHerc1667/segments/20251208130119-w028_20251208130119156_flatboi/mesh/intermediate/tifxyz_flattened,tifxyz_flattened,1,,,,53,0.00177624,,reproduced_at_documented_scale,6,PHerc1667/segments/20251208130119-w028_20251208130119156_flatboi/mesh/20251208130119-on-20251217075048-2.399um.tifxyz,transformed,1,0.999987,1.00001,1,0,0,True,reproduced_at_documented_scale,False,True,False
PHerc1667/segments/20251212185248-w029_20251212185248662_flatboi,PHerc1667,1.129um-0.22m-59keV-volume-20260323082859-L1.zarr,PHerc1667/segments/20251212185248-w029_20251212185248662_flatboi/surface-volumes/1.129um-0.22m-59keV-volume-20260323082859-L1.zarr,zarr,True,layers-zarr,"33050,40630","116,40630,33050",True,1,/volumes/esrf/20260311/1.129um_mosaic_PHerc_1667_ROI__masked.zarr/,True,True,6,6,not_reproduced_from_any_published_variant,2,PHerc1667/segments/20251212185248-w029_20251212185248662_flatboi/mesh/intermediate/tifxyz_flattened,tifxyz_flattened,0.5,,,,438,0.0132693,,reproduced_at_documented_scale,6,PHerc1667/segments/20251212185248-w029_20251212185248662_flatboi/mesh/20251212185248-on-20260323082859-1.129um.tifxyz,transformed,0.5,0.499994,0.500006,0.5,0,0,True,reproduced_at_documented_scale,False,False,False
PHerc1667/segments/20251212185248-w029_20251212185248662_flatboi,PHerc1667,2.399um-0.22m-78keV-volume-20251217075048.zarr,PHerc1667/segments/20251212185248-w029_20251212185248662_flatboi/surface-volumes/2.399um-0.22m-78keV-volume-20251217075048.zarr,zarr,True,layers-zarr,"31320,38000","109,38000,31320",True,0,/volumes/esrf/20251130/SCROLLS_HEL_2.399um_78keV_0.22m_PHerc_1667_TA_0001_masked.zarr/,True,True,6,6,reproduced_at_another_scale,2,PHerc1667/segments/20251212185248-w029_20251212185248662_flatboi/mesh/intermediate/tifxyz_flattened,tifxyz_flattened,1,3.24228,3.24229,,0,2.6153e-05,,reproduced_at_documented_scale,6,PHerc1667/segments/20251212185248-w029_20251212185248662_flatboi/mesh/20251212185248-on-20251217075048-2.399um.tifxyz,transformed,1,0.999987,1.00001,1,0,0,True,reproduced_at_documented_scale,False,True,False
PHerc1667/segments/20251220020000-w030_2025122002_flatboi,PHerc1667,1.129um-0.22m-59keV-volume-20260323082859-L1.zarr,PHerc1667/segments/20251220020000-w030_2025122002_flatboi/surface-volumes/1.129um-0.22m-59keV-volume-20260323082859-L1.zarr,zarr,True,layers-zarr,"33460,40430","116,40430,33460",True,1,/volumes/esrf/20260311/1.129um_mosaic_PHerc_1667_ROI__masked.zarr/,True,True,6,6,not_reproduced_from_any_published_variant,2,PHerc1667/segments/20251220020000-w030_2025122002_flatboi/mesh/intermediate/tifxyz_flattened,tifxyz_flattened,0.5,,,,139,0.00417441,,reproduced_at_documented_scale,6,PHerc1667/segments/20251220020000-w030_2025122002_flatboi/mesh/20251220020000-on-20260323082859-1.129um.tifxyz,transformed,0.5,0.499994,0.500006,0.5,0,0,True,reproduced_at_documented_scale,False,False,False
PHerc1667/segments/20251220020000-w030_2025122002_flatboi,PHerc1667,2.399um-0.22m-78keV-volume-20251217075048.zarr,PHerc1667/segments/20251220020000-w030_2025122002_flatboi/surface-volumes/2.399um-0.22m-78keV-volume-20251217075048.zarr,zarr,True,layers-zarr,"31720,37800","109,37800,31720",True,0,/volumes/esrf/20251130/SCROLLS_HEL_2.399um_78keV_0.22m_PHerc_1667_TA_0001_masked.zarr/,True,True,6,6,not_reproduced_from_any_published_variant,2,PHerc1667/segments/20251220020000-w030_2025122002_flatboi/mesh/intermediate/tifxyz_normalized,tifxyz_normalized,1,,,,108,0.00340873,,reproduced_at_documented_scale,6,PHerc1667/segments/20251220020000-w030_2025122002_flatboi/mesh/20251220020000-on-20251217075048-2.399um.tifxyz,transformed,1,0.999987,1.00001,1,0,0,True,reproduced_at_documented_scale,False,True,False
PHerc1667/segments/20251223230000-w031_2025122323_flatboi,PHerc1667,1.129um-0.22m-59keV-volume-20260323082859-L1.zarr,PHerc1667/segments/20251223230000-w031_2025122323_flatboi/surface-volumes/1.129um-0.22m-59keV-volume-20260323082859-L1.zarr,zarr,True,layers-zarr,"33950,40070","116,40070,33950",True,1,/volumes/esrf/20260311/1.129um_mosaic_PHerc_1667_ROI__masked.zarr/,True,True,6,6,not_reproduced_from_any_published_variant,2,PHerc1667/segments/20251223230000-w031_2025122323_flatboi/mesh/intermediate/tifxyz_normalized,tifxyz_normalized,0.5,,,,576,0.016971,,reproduced_at_documented_scale,6,PHerc1667/segments/20251223230000-w031_2025122323_flatboi/mesh/20251223230000-on-20260323082859-1.129um.tifxyz,transformed,0.5,0.499994,0.500006,0.5,0,0,True,reproduced_at_documented_scale,False,False,False
PHerc1667/segments/20251223230000-w031_2025122323_flatboi,PHerc1667,2.399um-0.22m-78keV-volume-20251217075048.zarr,PHerc1667/segments/20251223230000-w031_2025122323_flatboi/surface-volumes/2.399um-0.22m-78keV-volume-20251217075048.zarr,zarr,True,layers-zarr,"32180,37480","109,37480,32180",True,0,/volumes/esrf/20251130/SCROLLS_HEL_2.399um_78keV_0.22m_PHerc_1667_TA_0001_masked.zarr/,True,True,6,6,not_reproduced_from_any_published_variant,2,PHerc1667/segments/20251223230000-w031_2025122323_flatboi/mesh/intermediate/tifxyz_normalized,tifxyz_normalized,1,,,,114,0.00355814,,reproduced_at_documented_scale,6,PHerc1667/segments/20251223230000-w031_2025122323_flatboi/mesh/20251223230000-on-20251217075048-2.399um.tifxyz,transformed,1,0.999987,1.00001,1,0,0,True,reproduced_at_documented_scale,False,True,False
PHerc1667/segments/20260105050000-w032_2026010505_flatboi,PHerc1667,1.129um-0.22m-59keV-volume-20260323082859-L1.zarr,PHerc1667/segments/20260105050000-w032_2026010505_flatboi/surface-volumes/1.129um-0.22m-59keV-volume-20260323082859-L1.zarr,zarr,True,layers-zarr,"34630,40700","116,40700,34630",True,1,/volumes/esrf/20260311/1.129um_mosaic_PHerc_1667_ROI__masked.zarr/,True,True,6,6,not_reproduced_from_any_published_variant,2,PHerc1667/segments/20260105050000-w032_2026010505_flatboi/mesh/intermediate/tifxyz_normalized,tifxyz_normalized,0.5,,,,596,0.0172264,,reproduced_at_documented_scale,6,PHerc1667/segments/20260105050000-w032_2026010505_flatboi/mesh/20260105050000-on-20260323082859-1.129um.tifxyz,transformed,0.5,0.499994,0.500006,0.5,0,0,True,reproduced_at_documented_scale,False,False,False
PHerc1667/segments/20260105050000-w032_2026010505_flatboi,PHerc1667,2.399um-0.22m-78keV-volume-20251217075048.zarr,PHerc1667/segments/20260105050000-w032_2026010505_flatboi/surface-volumes/2.399um-0.22m-78keV-volume-20251217075048.zarr,zarr,True,layers-zarr,"32820,38060","109,38060,32820",True,0,/volumes/esrf/20251130/SCROLLS_HEL_2.399um_78keV_0.22m_PHerc_1667_TA_0001_masked.zarr/,True,True,6,6,not_reproduced_from_any_published_variant,2,PHerc1667/segments/20260105050000-w032_2026010505_flatboi/mesh/intermediate/tifxyz_normalized,tifxyz_normalized,1,,,,121,0.00370464,,reproduced_at_documented_scale,6,PHerc1667/segments/20260105050000-w032_2026010505_flatboi/mesh/20260105050000-on-20251217075048-2.399um.tifxyz,transformed,1,0.999987,1.00001,1,0,0,True,reproduced_at_documented_scale,False,True,False
PHerc1667/segments/20260108140509-w011_20260108140509268_flatboi,PHerc1667,1.129um-0.22m-59keV-volume-20260323082859-L1.zarr,PHerc1667/segments/20260108140509-w011_20260108140509268_flatboi/surface-volumes/1.129um-0.22m-59keV-volume-20260323082859-L1.zarr,zarr,True,layers-zarr,"15520,42240","116,42240,15520",True,1,/volumes/esrf/20260311/1.129um_mosaic_PHerc_1667_ROI__masked.zarr/,True,True,6,6,not_reproduced_from_any_published_variant,2,PHerc1667/segments/20260108140509-w011_20260108140509268_flatboi/mesh/intermediate/tifxyz_normalized,tifxyz_normalized,0.5,,,,267,0.0172278,,reproduced_at_documented_scale,6,PHerc1667/segments/20260108140509-w011_20260108140509268_flatboi/mesh/20260108140509-on-20260323082859-1.129um.tifxyz,transformed,0.5,0.499994,0.500006,0.5,0,0,True,reproduced_at_documented_scale,False,False,False
PHerc1667/segments/20260108140509-w011_20260108140509268_flatboi,PHerc1667,1.129um-0.22m-59keV-volume-20260323082859.zarr,PHerc1667/segments/20260108140509-w011_20260108140509268_flatboi/surface-volumes/1.129um-0.22m-59keV-volume-20260323082859.zarr,zarr,True,layers-zarr,"31040,84480","231,84480,31040",True,0,/volumes/esrf/20260311/1.129um_mosaic_PHerc_1667_ROI__masked.zarr/,True,True,6,6,not_reproduced_from_any_published_variant,2,PHerc1667/segments/20260108140509-w011_20260108140509268_flatboi/mesh/intermediate/tifxyz_normalized,tifxyz_normalized,1,,,,535,0.0172278,,reproduced_at_documented_scale,6,PHerc1667/segments/20260108140509-w011_20260108140509268_flatboi/mesh/20260108140509-on-20260323082859-1.129um.tifxyz,transformed,1,0.999994,1.00001,1,0,0,True,reproduced_at_documented_scale,False,True,False
PHerc1667/segments/20260108140509-w011_20260108140509268_flatboi,PHerc1667,2.399um-0.22m-78keV-volume-20251217075048.zarr,PHerc1667/segments/20260108140509-w011_20260108140509268_flatboi/surface-volumes/2.399um-0.22m-78keV-volume-20251217075048.zarr,zarr,True,layers-zarr,"14720,39500","109,39500,14720",True,0,/volumes/esrf/20251130/SCROLLS_HEL_2.399um_78keV_0.22m_PHerc_1667_TA_0001_masked.zarr/,True,True,6,6,not_reproduced_from_any_published_variant,2,PHerc1667/segments/20260108140509-w011_20260108140509268_flatboi/mesh/intermediate/tifxyz_normalized,tifxyz_normalized,1,,,,43,0.00294083,,reproduced_at_documented_scale,6,PHerc1667/segments/20260108140509-w011_20260108140509268_flatboi/mesh/20260108140509-on-20251217075048-2.399um.tifxyz,transformed,1,0.999987,1.00001,1,0,0,True,reproduced_at_documented_scale,False,True,False
PHerc1667/segments/20260110010000-w033_2026011001_flatboi,PHerc1667,1.129um-0.22m-59keV-volume-20260323082859-L1.zarr,PHerc1667/segments/20260110010000-w033_2026011001_flatboi/surface-volumes/1.129um-0.22m-59keV-volume-20260323082859-L1.zarr,zarr,True,layers-zarr,"33320,38600","116,38600,33320",True,1,/volumes/esrf/20260311/1.129um_mosaic_PHerc_1667_ROI__masked.zarr/,True,True,6,6,not_reproduced_from_any_published_variant,2,PHerc1667/segments/20260110010000-w033_2026011001_flatboi/mesh/intermediate/tifxyz_normalized,tifxyz_normalized,0.5,,,,577,0.0173415,,reproduced_at_documented_scale,6,PHerc1667/segments/20260110010000-w033_2026011001_flatboi/mesh/20260110010000-on-20260323082859-1.129um.tifxyz,transformed,0.5,0.499994,0.500006,0.5,0,0,True,reproduced_at_documented_scale,False,False,False
PHerc1667/segments/20260110010000-w033_2026011001_flatboi,PHerc1667,2.399um-0.22m-78keV-volume-20251217075048.zarr,PHerc1667/segments/20260110010000-w033_2026011001_flatboi/surface-volumes/2.399um-0.22m-78keV-volume-20251217075048.zarr,zarr,True,layers-zarr,"31580,36100","109,36100,31580",True,0,/volumes/esrf/20251130/SCROLLS_HEL_2.399um_78keV_0.22m_PHerc_1667_TA_0001_masked.zarr/,True,True,6,6,not_reproduced_from_any_published_variant,2,PHerc1667/segments/20260110010000-w033_2026011001_flatboi/mesh/intermediate/tifxyz_normalized,tifxyz_normalized,1,,,,122,0.00387472,,reproduced_at_documented_scale,6,PHerc1667/segments/20260110010000-w033_2026011001_flatboi/mesh/20260110010000-on-20251217075048-2.399um.tifxyz,transformed,1,0.999986,1.00001,1,0,0,True,reproduced_at_documented_scale,False,True,False
PHerc1667/segments/20260115160000-w034_2026011516_flatboi,PHerc1667,1.129um-0.22m-59keV-volume-20260323082859-L1.zarr,PHerc1667/segments/20260115160000-w034_2026011516_flatboi/surface-volumes/1.129um-0.22m-59keV-volume-20260323082859-L1.zarr,zarr,True,layers-zarr,"34210,38380","116,38380,34210",True,1,/volumes/esrf/20260311/1.129um_mosaic_PHerc_1667_ROI__masked.zarr/,True,True,6,6,not_reproduced_from_any_published_variant,2,PHerc1667/segments/20260115160000-w034_2026011516_flatboi/mesh/intermediate/tifxyz_normalized,tifxyz_normalized,0.5,,,,591,0.0172934,,reproduced_at_documented_scale,6,PHerc1667/segments/20260115160000-w034_2026011516_flatboi/mesh/20260115160000-on-20260323082859-1.129um.tifxyz,transformed,0.5,0.499993,0.500007,0.5,0,0,True,reproduced_at_documented_scale,False,False,False
PHerc1667/segments/20260115160000-w034_2026011516_flatboi,PHerc1667,2.399um-0.22m-78keV-volume-20251217075048.zarr,PHerc1667/segments/20260115160000-w034_2026011516_flatboi/surface-volumes/2.399um-0.22m-78keV-volume-20251217075048.zarr,zarr,True,layers-zarr,"32440,35900","109,35900,32440",True,0,/volumes/esrf/20251130/SCROLLS_HEL_2.399um_78keV_0.22m_PHerc_1667_TA_0001_masked.zarr/,True,True,6,6,not_reproduced_from_any_published_variant,2,PHerc1667/segments/20260115160000-w034_2026011516_flatboi/mesh/intermediate/tifxyz_normalized,tifxyz_normalized,1,,,,112,0.00347823,,reproduced_at_documented_scale,6,PHerc1667/segments/20260115160000-w034_2026011516_flatboi/mesh/20260115160000-on-20251217075048-2.399um.tifxyz,transformed,1,0.999986,1.00001,1,0,0,True,reproduced_at_documented_scale,False,True,False
PHerc1667/segments/20260116230000-w035_2026011623_flatboi,PHerc1667,1.129um-0.22m-59keV-volume-20260323082859-L1.zarr,PHerc1667/segments/20260116230000-w035_2026011623_flatboi/surface-volumes/1.129um-0.22m-59keV-volume-20260323082859-L1.zarr,zarr,True,layers-zarr,"34360,39210","116,39210,34360",True,1,/volumes/esrf/20260311/1.129um_mosaic_PHerc_1667_ROI__masked.zarr/,True,True,6,6,not_reproduced_from_any_published_variant,2,PHerc1667/segments/20260116230000-w035_2026011623_flatboi/mesh/intermediate/tifxyz_normalized,tifxyz_normalized,0.5,,,,571,0.016626,,reproduced_at_documented_scale,6,PHerc1667/segments/20260116230000-w035_2026011623_flatboi/mesh/20260116230000-on-20260323082859-1.129um.tifxyz,transformed,0.5,0.499994,0.500006,0.5,0,0,True,reproduced_at_documented_scale,False,False,False
PHerc1667/segments/20260116230000-w035_2026011623_flatboi,PHerc1667,2.399um-0.22m-78keV-volume-20251217075048.zarr,PHerc1667/segments/20260116230000-w035_2026011623_flatboi/surface-volumes/2.399um-0.22m-78keV-volume-20251217075048.zarr,zarr,True,layers-zarr,"32560,36680","109,36680,32560",True,0,/volumes/esrf/20251130/SCROLLS_HEL_2.399um_78keV_0.22m_PHerc_1667_TA_0001_masked.zarr/,True,True,6,6,not_reproduced_from_any_published_variant,2,PHerc1667/segments/20260116230000-w035_2026011623_flatboi/mesh/intermediate/tifxyz_normalized,tifxyz_normalized,1,,,,117,0.00360419,,reproduced_at_documented_scale,6,PHerc1667/segments/20260116230000-w035_2026011623_flatboi/mesh/20260116230000-on-20251217075048-2.399um.tifxyz,transformed,1,0.999986,1.00001,1,0,0,True,reproduced_at_documented_scale,False,True,False
PHerc1667/segments/20260119120000-w036_2026011912_flatboi,PHerc1667,1.129um-0.22m-59keV-volume-20260323082859-L1.zarr,PHerc1667/segments/20260119120000-w036_2026011912_flatboi/surface-volumes/1.129um-0.22m-59keV-volume-20260323082859-L1.zarr,zarr,True,layers-zarr,"34970,42670","116,42670,34970",True,1,/volumes/esrf/20260311/1.129um_mosaic_PHerc_1667_ROI__masked.zarr/,True,True,6,6,not_reproduced_from_any_published_variant,2,PHerc1667/segments/20260119120000-w036_2026011912_flatboi/mesh/intermediate/tifxyz_normalized,tifxyz_normalized,0.5,,,,611,0.0174929,,reproduced_at_documented_scale,6,PHerc1667/segments/20260119120000-w036_2026011912_flatboi/mesh/20260119120000-on-20260323082859-1.129um.tifxyz,transformed,0.5,0.499994,0.500006,0.5,0,0,True,reproduced_at_documented_scale,False,False,False
PHerc1667/segments/20260119120000-w036_2026011912_flatboi,PHerc1667,1.129um-0.22m-59keV-volume-20260323082859.zarr,PHerc1667/segments/20260119120000-w036_2026011912_flatboi/surface-volumes/1.129um-0.22m-59keV-volume-20260323082859.zarr,zarr,True,layers-zarr,"69940,85340","231,85340,69940",True,0,/volumes/esrf/20260311/1.129um_mosaic_PHerc_1667_ROI__masked.zarr/,True,True,6,6,not_reproduced_from_any_published_variant,2,PHerc1667/segments/20260119120000-w036_2026011912_flatboi/mesh/intermediate/tifxyz_normalized,tifxyz_normalized,1,,,,1223,0.0174929,,reproduced_at_documented_scale,6,PHerc1667/segments/20260119120000-w036_2026011912_flatboi/mesh/20260119120000-on-20260323082859-1.129um.tifxyz,transformed,1,0.999994,1.00001,1,0,0,True,reproduced_at_documented_scale,False,True,False
PHerc1667/segments/20260119120000-w036_2026011912_flatboi,PHerc1667,2.399um-0.22m-78keV-volume-20251217075048.zarr,PHerc1667/segments/20260119120000-w036_2026011912_flatboi/surface-volumes/2.399um-0.22m-78keV-volume-20251217075048.zarr,zarr,True,layers-zarr,"33160,39900","109,39900,33160",True,0,/volumes/esrf/20251130/SCROLLS_HEL_2.399um_78keV_0.22m_PHerc_1667_TA_0001_masked.zarr/,True,True,6,6,not_reproduced_from_any_published_variant,2,PHerc1667/segments/20260119120000-w036_2026011912_flatboi/mesh/intermediate/tifxyz_normalized,tifxyz_normalized,1,,,,111,0.00337379,,reproduced_at_documented_scale,6,PHerc1667/segments/20260119120000-w036_2026011912_flatboi/mesh/20260119120000-on-20251217075048-2.399um.tifxyz,transformed,1,0.999987,1.00001,1,0,0,True,reproduced_at_documented_scale,False,True,False
PHerc1667/segments/20260123230000-w037_2026012323_flatboi,PHerc1667,1.129um-0.22m-59keV-volume-20260323082859-L1.zarr,PHerc1667/segments/20260123230000-w037_2026012323_flatboi/surface-volumes/1.129um-0.22m-59keV-volume-20260323082859-L1.zarr,zarr,True,layers-zarr,"33530,36650","116,36650,33530",True,1,/volumes/esrf/20260311/1.129um_mosaic_PHerc_1667_ROI__masked.zarr/,True,True,6,6,not_reproduced_from_any_published_variant,2,PHerc1667/segments/20260123230000-w037_2026012323_flatboi/mesh/intermediate/tifxyz_normalized,tifxyz_normalized,0.5,,,,592,0.0176682,,reproduced_at_documented_scale,6,PHerc1667/segments/20260123230000-w037_2026012323_flatboi/mesh/20260123230000-on-20260323082859-1.129um.tifxyz,transformed,0.5,0.499993,0.500007,0.5,0,0,True,reproduced_at_documented_scale,False,False,False
PHerc1667/segments/20260123230000-w037_2026012323_flatboi,PHerc1667,1.129um-0.22m-59keV-volume-20260323082859.zarr,PHerc1667/segments/20260123230000-w037_2026012323_flatboi/surface-volumes/1.129um-0.22m-59keV-volume-20260323082859.zarr,zarr,True,layers-zarr,"67060,73300","231,73300,67060",True,0,/volumes/esrf/20260311/1.129um_mosaic_PHerc_1667_ROI__masked.zarr/,True,True,6,6,not_reproduced_from_any_published_variant,2,PHerc1667/segments/20260123230000-w037_2026012323_flatboi/mesh/intermediate/tifxyz_normalized,tifxyz_normalized,1,,,,1184,0.0176682,,reproduced_at_documented_scale,6,PHerc1667/segments/20260123230000-w037_2026012323_flatboi/mesh/20260123230000-on-20260323082859-1.129um.tifxyz,transformed,1,0.999993,1.00001,1,0,0,True,reproduced_at_documented_scale,False,True,False
PHerc1667/segments/20260123230000-w037_2026012323_flatboi,PHerc1667,2.399um-0.22m-78keV-volume-20251217075048.zarr,PHerc1667/segments/20260123230000-w037_2026012323_flatboi/surface-volumes/2.399um-0.22m-78keV-volume-20251217075048.zarr,zarr,True,layers-zarr,"31780,34260","109,34260,31780",True,0,/volumes/esrf/20251130/SCROLLS_HEL_2.399um_78keV_0.22m_PHerc_1667_TA_0001_masked.zarr/,True,True,6,6,not_reproduced_from_any_published_variant,2,PHerc1667/segments/20260123230000-w037_2026012323_flatboi/mesh/intermediate/tifxyz_normalized,tifxyz_normalized,1,,,,117,0.00368916,,reproduced_at_documented_scale,6,PHerc1667/segments/20260123230000-w037_2026012323_flatboi/mesh/20260123230000-on-20251217075048-2.399um.tifxyz,transformed,1,0.999985,1.00001,1,0,0,True,reproduced_at_documented_scale,False,True,False
PHerc1667/segments/20260128140000-w038_2026012814_flatboi,PHerc1667,1.129um-0.22m-59keV-volume-20260323082859-L1.zarr,PHerc1667/segments/20260128140000-w038_2026012814_flatboi/surface-volumes/1.129um-0.22m-59keV-volume-20260323082859-L1.zarr,zarr,True,layers-zarr,"34720,37610","116,37610,34720",True,1,/volumes/esrf/20260311/1.129um_mosaic_PHerc_1667_ROI__masked.zarr/,True,True,6,6,not_reproduced_from_any_published_variant,2,PHerc1667/segments/20260128140000-w038_2026012814_flatboi/mesh/intermediate/tifxyz_normalized,tifxyz_normalized,0.5,,,,574,0.0165455,,reproduced_at_documented_scale,6,PHerc1667/segments/20260128140000-w038_2026012814_flatboi/mesh/20260128140000-on-20260323082859-1.129um.tifxyz,transformed,0.5,0.499993,0.500007,0.5,0,0,True,reproduced_at_documented_scale,False,False,False
PHerc1667/segments/20260128140000-w038_2026012814_flatboi,PHerc1667,1.129um-0.22m-59keV-volume-20260323082859.zarr,PHerc1667/segments/20260128140000-w038_2026012814_flatboi/surface-volumes/1.129um-0.22m-59keV-volume-20260323082859.zarr,zarr,True,layers-zarr,"69440,75220","231,75220,69440",True,0,/volumes/esrf/20260311/1.129um_mosaic_PHerc_1667_ROI__masked.zarr/,True,True,6,6,not_reproduced_from_any_published_variant,2,PHerc1667/segments/20260128140000-w038_2026012814_flatboi/mesh/intermediate/tifxyz_normalized,tifxyz_normalized,1,,,,1148,0.0165455,,reproduced_at_documented_scale,6,PHerc1667/segments/20260128140000-w038_2026012814_flatboi/mesh/20260128140000-on-20260323082859-1.129um.tifxyz,transformed,1,0.999993,1.00001,1,0,0,True,reproduced_at_documented_scale,False,True,False
PHerc1667/segments/20260128140000-w038_2026012814_flatboi,PHerc1667,2.399um-0.22m-78keV-volume-20251217075048.zarr,PHerc1667/segments/20260128140000-w038_2026012814_flatboi/surface-volumes/2.399um-0.22m-78keV-volume-20251217075048.zarr,zarr,True,layers-zarr,"32900,35180","109,35180,32900",True,0,/volumes/esrf/20251130/SCROLLS_HEL_2.399um_78keV_0.22m_PHerc_1667_TA_0001_masked.zarr/,True,True,6,6,not_reproduced_from_any_published_variant,2,PHerc1667/segments/20260128140000-w038_2026012814_flatboi/mesh/intermediate/tifxyz_normalized,tifxyz_normalized,1,,,,114,0.00346709,,reproduced_at_documented_scale,6,PHerc1667/segments/20260128140000-w038_2026012814_flatboi/mesh/20260128140000-on-20251217075048-2.399um.tifxyz,transformed,1,0.999986,1.00001,1,0,0,True,reproduced_at_documented_scale,False,True,False
PHerc1667/segments/20260130150000-w039_2026013015_flatboi,PHerc1667,1.129um-0.22m-59keV-volume-20260323082859-L1.zarr,PHerc1667/segments/20260130150000-w039_2026013015_flatboi/surface-volumes/1.129um-0.22m-59keV-volume-20260323082859-L1.zarr,zarr,True,layers-zarr,"35120,38580","116,38580,35120",True,1,/volumes/esrf/20260311/1.129um_mosaic_PHerc_1667_ROI__masked.zarr/,True,True,6,6,not_reproduced_from_any_published_variant,2,PHerc1667/segments/20260130150000-w039_2026013015_flatboi/mesh/intermediate/tifxyz_normalized,tifxyz_normalized,0.5,,,,584,0.0166297,,reproduced_at_documented_scale,6,PHerc1667/segments/20260130150000-w039_2026013015_flatboi/mesh/20260130150000-on-20260323082859-1.129um.tifxyz,transformed,0.5,0.499994,0.500006,0.5,0,0,True,reproduced_at_documented_scale,False,False,False
PHerc1667/segments/20260130150000-w039_2026013015_flatboi,PHerc1667,1.129um-0.22m-59keV-volume-20260323082859.zarr,PHerc1667/segments/20260130150000-w039_2026013015_flatboi/surface-volumes/1.129um-0.22m-59keV-volume-20260323082859.zarr,zarr,True,layers-zarr,"70240,77160","231,77160,70240",True,0,/volumes/esrf/20260311/1.129um_mosaic_PHerc_1667_ROI__masked.zarr/,True,True,6,6,not_reproduced_from_any_published_variant,2,PHerc1667/segments/20260130150000-w039_2026013015_flatboi/mesh/intermediate/tifxyz_normalized,tifxyz_normalized,1,,,,1168,0.0166297,,reproduced_at_documented_scale,6,PHerc1667/segments/20260130150000-w039_2026013015_flatboi/mesh/20260130150000-on-20260323082859-1.129um.tifxyz,transformed,1,0.999994,1.00001,1,0,0,True,reproduced_at_documented_scale,False,True,False
PHerc1667/segments/20260130150000-w039_2026013015_flatboi,PHerc1667,2.399um-0.22m-78keV-volume-20251217075048.zarr,PHerc1667/segments/20260130150000-w039_2026013015_flatboi/surface-volumes/2.399um-0.22m-78keV-volume-20251217075048.zarr,zarr,True,layers-zarr,"33280,36100","109,36100,33280",True,0,/volumes/esrf/20251130/SCROLLS_HEL_2.399um_78keV_0.22m_PHerc_1667_TA_0001_masked.zarr/,True,True,6,6,not_reproduced_from_any_published_variant,2,PHerc1667/segments/20260130150000-w039_2026013015_flatboi/mesh/intermediate/tifxyz_normalized,tifxyz_normalized,1,,,,128,0.00387347,,reproduced_at_documented_scale,6,PHerc1667/segments/20260130150000-w039_2026013015_flatboi/mesh/20260130150000-on-20251217075048-2.399um.tifxyz,transformed,1,0.999986,1.00001,1,0,0,True,reproduced_at_documented_scale,False,True,False
PHerc1667/segments/20260203210000-w040_2026020321_flatboi,PHerc1667,1.129um-0.22m-59keV-volume-20260323082859-L1.zarr,PHerc1667/segments/20260203210000-w040_2026020321_flatboi/surface-volumes/1.129um-0.22m-59keV-volume-20260323082859-L1.zarr,zarr,True,layers-zarr,"33270,37560","116,37560,33270",True,1,/volumes/esrf/20260311/1.129um_mosaic_PHerc_1667_ROI__masked.zarr/,True,True,6,6,not_reproduced_from_any_published_variant,2,PHerc1667/segments/20260203210000-w040_2026020321_flatboi/mesh/intermediate/tifxyz_normalized,tifxyz_normalized,0.5,,,,569,0.0171056,,reproduced_at_documented_scale,6,PHerc1667/segments/20260203210000-w040_2026020321_flatboi/mesh/20260203210000-on-20260323082859-1.129um.tifxyz,transformed,0.5,0.499993,0.500007,0.5,0,0,True,reproduced_at_documented_scale,False,False,False
PHerc1667/segments/20260203210000-w040_2026020321_flatboi,PHerc1667,1.129um-0.22m-59keV-volume-20260323082859.zarr,PHerc1667/segments/20260203210000-w040_2026020321_flatboi/surface-volumes/1.129um-0.22m-59keV-volume-20260323082859.zarr,zarr,True,layers-zarr,"66540,75120","231,75120,66540",True,0,/volumes/esrf/20260311/1.129um_mosaic_PHerc_1667_ROI__masked.zarr/,True,True,6,6,not_reproduced_from_any_published_variant,2,PHerc1667/segments/20260203210000-w040_2026020321_flatboi/mesh/intermediate/tifxyz_normalized,tifxyz_normalized,1,,,,1138,0.0171056,,reproduced_at_documented_scale,6,PHerc1667/segments/20260203210000-w040_2026020321_flatboi/mesh/20260203210000-on-20260323082859-1.129um.tifxyz,transformed,1,0.999993,1.00001,1,0,0,True,reproduced_at_documented_scale,False,True,False
PHerc1667/segments/20260203210000-w040_2026020321_flatboi,PHerc1667,2.399um-0.22m-78keV-volume-20251217075048.zarr,PHerc1667/segments/20260203210000-w040_2026020321_flatboi/surface-volumes/2.399um-0.22m-78keV-volume-20251217075048.zarr,zarr,True,layers-zarr,"31520,35120","109,35120,31520",True,0,/volumes/esrf/20251130/SCROLLS_HEL_2.399um_78keV_0.22m_PHerc_1667_TA_0001_masked.zarr/,True,True,6,6,not_reproduced_from_any_published_variant,2,PHerc1667/segments/20260203210000-w040_2026020321_flatboi/mesh/intermediate/tifxyz_normalized,tifxyz_normalized,1,,,,120,0.0038332,,reproduced_at_documented_scale,6,PHerc1667/segments/20260203210000-w040_2026020321_flatboi/mesh/20260203210000-on-20251217075048-2.399um.tifxyz,transformed,1,0.999986,1.00001,1,0,0,True,reproduced_at_documented_scale,False,True,False
PHerc1667/segments/20260205070000-w041_2026020507_flatboi,PHerc1667,1.129um-0.22m-59keV-volume-20260323082859-L1.zarr,PHerc1667/segments/20260205070000-w041_2026020507_flatboi/surface-volumes/1.129um-0.22m-59keV-volume-20260323082859-L1.zarr,zarr,True,layers-zarr,"32240,36580","116,36580,32240",True,1,/volumes/esrf/20260311/1.129um_mosaic_PHerc_1667_ROI__masked.zarr/,True,True,6,6,not_reproduced_from_any_published_variant,2,PHerc1667/segments/20260205070000-w041_2026020507_flatboi/mesh/intermediate/tifxyz_normalized,tifxyz_normalized,0.5,,,,548,0.0170161,,reproduced_at_documented_scale,6,PHerc1667/segments/20260205070000-w041_2026020507_flatboi/mesh/20260205070000-on-20260323082859-1.129um.tifxyz,transformed,0.5,0.499993,0.500007,0.5,0,0,True,reproduced_at_documented_scale,False,False,False
PHerc1667/segments/20260205070000-w041_2026020507_flatboi,PHerc1667,1.129um-0.22m-59keV-volume-20260323082859.zarr,PHerc1667/segments/20260205070000-w041_2026020507_flatboi/surface-volumes/1.129um-0.22m-59keV-volume-20260323082859.zarr,zarr,True,layers-zarr,"64480,73160","231,73160,64480",True,0,/volumes/esrf/20260311/1.129um_mosaic_PHerc_1667_ROI__masked.zarr/,True,True,6,6,not_reproduced_from_any_published_variant,2,PHerc1667/segments/20260205070000-w041_2026020507_flatboi/mesh/intermediate/tifxyz_normalized,tifxyz_normalized,1,,,,1097,0.0170161,,reproduced_at_documented_scale,6,PHerc1667/segments/20260205070000-w041_2026020507_flatboi/mesh/20260205070000-on-20260323082859-1.129um.tifxyz,transformed,1,0.999993,1.00001,1,0,0,True,reproduced_at_documented_scale,False,True,False
PHerc1667/segments/20260205070000-w041_2026020507_flatboi,PHerc1667,2.399um-0.22m-78keV-volume-20251217075048.zarr,PHerc1667/segments/20260205070000-w041_2026020507_flatboi/surface-volumes/2.399um-0.22m-78keV-volume-20251217075048.zarr,zarr,True,layers-zarr,"30540,34200","109,34200,30540",True,0,/volumes/esrf/20251130/SCROLLS_HEL_2.399um_78keV_0.22m_PHerc_1667_TA_0001_masked.zarr/,True,True,6,6,not_reproduced_from_any_published_variant,2,PHerc1667/segments/20260205070000-w041_2026020507_flatboi/mesh/intermediate/tifxyz_normalized,tifxyz_normalized,1,,,,115,0.00377467,,reproduced_at_documented_scale,6,PHerc1667/segments/20260205070000-w041_2026020507_flatboi/mesh/20260205070000-on-20251217075048-2.399um.tifxyz,transformed,1,0.999985,1.00001,1,0,0,True,reproduced_at_documented_scale,False,True,False
PHercParis4/segments/20230702185753,PHercParis4,1.129um-0.23m-78keV-volume-20260608103018-L1.zarr,PHercParis4/segments/20230702185753/surface-volumes/1.129um-0.23m-78keV-volume-20260608103018-L1.zarr,zarr,True,layers-zarr,"38650,53740","116,53740,38650",True,1,/volumes/esrf/20260311/1.129um_mosaic_PHerc_Paris4_ROI-1_masked.zarr/,True,True,6,6,not_reproduced_from_any_published_variant,2,PHercParis4/segments/20230702185753/mesh/intermediate/tifxyz_normalized,tifxyz_normalized,0.5,,,,62,0.00160907,,reproduced_at_documented_scale,6,PHercParis4/segments/20230702185753/mesh/20230702185753-on-20260608103018-1.129um.tifxyz,transformed,0.5,0.499995,0.500005,0.5,0,0,True,reproduced_at_documented_scale,False,False,False
PHercParis4/segments/20230702185753,PHercParis4,2.4um-0.22m-78keV-volume-20260411134726.zarr,PHercParis4/segments/20230702185753/surface-volumes/2.4um-0.22m-78keV-volume-20260411134726.zarr,zarr,True,layers-zarr,"36400,50600","109,50600,36400",True,0,/volumes/esrf/20260311/2.4um_PHerc-Paris4_masked.zarr/,True,True,6,6,not_reproduced_from_any_published_variant,2,PHercParis4/segments/20230702185753/mesh/intermediate/tifxyz_normalized,tifxyz_normalized,1,,,,50,0.00138071,,reproduced_at_documented_scale,6,PHercParis4/segments/20230702185753/mesh/20230702185753-on-20260411134726-2.4um.tifxyz,transformed,1,0.99999,1.00001,1,0,0,True,reproduced_at_documented_scale,False,True,False
PHercParis4/segments/20230702185753,PHercParis4,45.532um-11.0m-74keV-volume-20260310170716.zarr,PHercParis4/segments/20230702185753/surface-volumes/45.532um-11.0m-74keV-volume-20260310170716.zarr,zarr,True,layers-zarr,"1920,2680","6,2680,1920",True,0,/volumes/esrf/20260311/45.532um_PHerc-Paris4_ID17-mokup_0001_masked.zarr/,True,True,6,6,not_reproduced_from_any_published_variant,2,PHercParis4/segments/20230702185753/mesh/intermediate/tifxyz_normalized,tifxyz_normalized,1,,,,10,0.00550365,,reproduced_at_documented_scale,6,PHercParis4/segments/20230702185753/mesh/20230702185753-on-20260310170716-45.532um.tifxyz,transformed,1,0.999813,1.00019,1,0,0,True,reproduced_at_documented_scale,False,True,False
PHercParis4/segments/20230929220926,PHercParis4,2.4um-0.22m-78keV-volume-20260411134726.zarr,PHercParis4/segments/20230929220926/surface-volumes/2.4um-0.22m-78keV-volume-20260411134726.zarr,zarr,True,layers-zarr,"75800,32080","109,32080,75800",True,0,/volumes/esrf/20260311/2.4um_PHerc-Paris4_masked.zarr/,True,True,5,5,not_reproduced_from_any_published_variant,2,PHercParis4/segments/20230929220926/mesh/intermediate/tifxyz_normalized,tifxyz_normalized,1,,,,41,0.00127421,,reproduced_at_documented_scale,5,PHercParis4/segments/20230929220926/mesh/20230929220926-on-20260411134726-2.4um.tifxyz,transformed,1,0.999993,1.00001,1,0,0,True,reproduced_at_documented_scale,False,True,False
PHercParis4/segments/20230929220926,PHercParis4,45.532um-11.0m-74keV-volume-20260310170716.zarr,PHercParis4/segments/20230929220926/surface-volumes/45.532um-11.0m-74keV-volume-20260310170716.zarr,zarr,True,layers-zarr,"4000,1700","6,1700,4000",True,0,/volumes/esrf/20260311/45.532um_PHerc-Paris4_ID17-mokup_0001_masked.zarr/,True,True,5,5,not_reproduced_from_any_published_variant,2,PHercParis4/segments/20230929220926/mesh/intermediate/tifxyz_original,tifxyz_original,1,,,,2,0.0012087,,reproduced_at_documented_scale,5,PHercParis4/segments/20230929220926/mesh/20230929220926-on-20260310170716-45.532um.tifxyz,transformed,1,0.999875,1.00013,1,0,0,True,reproduced_at_documented_scale,False,True,False
PHercParis4/segments/20231005123336,PHercParis4,2.4um-0.22m-78keV-volume-20260411134726.zarr,PHercParis4/segments/20231005123336/surface-volumes/2.4um-0.22m-78keV-volume-20260411134726.zarr,zarr,True,layers-zarr,"97280,34880","109,34880,97280",True,0,/volumes/esrf/20260311/2.4um_PHerc-Paris4_masked.zarr/,True,True,5,5,not_reproduced_from_any_published_variant,2,PHercParis4/segments/20231005123336/mesh/intermediate/tifxyz_normalized,tifxyz_normalized,1,,,,44,0.0012666,,reproduced_at_documented_scale,5,PHercParis4/segments/20231005123336/mesh/20231005123336-on-20260411134726-2.4um.tifxyz,transformed,1,0.999995,1.00001,1,0,0,True,reproduced_at_documented_scale,False,True,False
PHercParis4/segments/20231005123336,PHercParis4,45.532um-11.0m-74keV-volume-20260310170716.zarr,PHercParis4/segments/20231005123336/surface-volumes/45.532um-11.0m-74keV-volume-20260310170716.zarr,zarr,True,layers-zarr,"5140,1840","6,1840,5140",True,0,/volumes/esrf/20260311/45.532um_PHerc-Paris4_ID17-mokup_0001_masked.zarr/,True,True,5,5,reproduced_at_another_scale,2,PHercParis4/segments/20231005123336/mesh/intermediate/tifxyz_normalized,tifxyz_normalized,1,0.172005,0.172009,,0,0.000341948,,reproduced_at_documented_scale,5,PHercParis4/segments/20231005123336/mesh/20231005123336-on-20260310170716-45.532um.tifxyz,transformed,1,0.999903,1.0001,1,0,0,True,reproduced_at_documented_scale,False,True,False
PHercParis4/segments/20231007101619,PHercParis4,1.129um-0.23m-78keV-volume-20260608103018-L1.zarr,PHercParis4/segments/20231007101619/surface-volumes/1.129um-0.23m-78keV-volume-20260608103018-L1.zarr,zarr,True,layers-zarr,"114850,55260","116,55260,114850",True,1,/volumes/esrf/20260311/1.129um_mosaic_PHerc_Paris4_ROI-1_masked.zarr/,True,True,6,6,not_reproduced_from_any_published_variant,2,PHercParis4/segments/20231007101619/mesh/intermediate/tifxyz_normalized,tifxyz_normalized,0.5,,,,82,0.00149001,,reproduced_at_documented_scale,6,PHercParis4/segments/20231007101619/mesh/20231007101619-on-20260608103018-1.129um.tifxyz,transformed,0.5,0.499998,0.500002,0.5,0,0,True,reproduced_at_documented_scale,False,False,False
PHercParis4/segments/20231007101619,PHercParis4,2.4um-0.22m-78keV-volume-20260411134726.zarr,PHercParis4/segments/20231007101619/surface-volumes/2.4um-0.22m-78keV-volume-20260411134726.zarr,zarr,True,layers-zarr,"108140,52040","109,52040,108140",True,0,/volumes/esrf/20260311/2.4um_PHerc-Paris4_masked.zarr/,True,True,6,6,not_reproduced_from_any_published_variant,2,PHercParis4/segments/20231007101619/mesh/intermediate/tifxyz_normalized,tifxyz_normalized,1,,,,86,0.00165385,,reproduced_at_documented_scale,6,PHercParis4/segments/20231007101619/mesh/20231007101619-on-20260411134726-2.4um.tifxyz,transformed,1,0.999995,1,1,0,0,True,reproduced_at_documented_scale,False,True,False
PHercParis4/segments/20231007101619,PHercParis4,45.532um-11.0m-74keV-volume-20260310170716.zarr,PHercParis4/segments/20231007101619/surface-volumes/45.532um-11.0m-74keV-volume-20260310170716.zarr,zarr,True,layers-zarr,"5700,2740","6,2740,5700",True,0,/volumes/esrf/20260311/45.532um_PHerc-Paris4_ID17-mokup_0001_masked.zarr/,True,True,6,6,not_reproduced_from_any_published_variant,2,PHercParis4/segments/20231007101619/mesh/intermediate/tifxyz_normalized,tifxyz_normalized,1,,,,1,0.000558414,,reproduced_at_documented_scale,6,PHercParis4/segments/20231007101619/mesh/20231007101619-on-20260310170716-45.532um.tifxyz,transformed,1,0.999912,1.00009,1,0,0,True,reproduced_at_documented_scale,False,True,False
PHercParis4/segments/20231012184424,PHercParis4,1.129um-0.23m-78keV-volume-20260608103018-L1.zarr,PHercParis4/segments/20231012184424/surface-volumes/1.129um-0.23m-78keV-volume-20260608103018-L1.zarr,zarr,True,layers-zarr,"80420,53950","116,53950,80420",True,1,/volumes/esrf/20260311/1.129um_mosaic_PHerc_Paris4_ROI-1_masked.zarr/,True,True,6,6,not_reproduced_from_any_published_variant,2,PHercParis4/segments/20231012184424/mesh/intermediate/tifxyz_normalized,tifxyz_normalized,0.5,,,,83,0.00154309,,reproduced_at_documented_scale,6,PHercParis4/segments/20231012184424/mesh/20231012184424-on-20260608103018-1.129um.tifxyz,transformed,0.5,0.499997,0.500003,0.5,0,0,True,reproduced_at_documented_scale,False,False,False
PHercParis4/segments/20231012184424,PHercParis4,2.4um-0.22m-78keV-volume-20260411134726.zarr,PHercParis4/segments/20231012184424/surface-volumes/2.4um-0.22m-78keV-volume-20260411134726.zarr,zarr,True,layers-zarr,"75720,50800","109,50800,75720",True,0,/volumes/esrf/20260311/2.4um_PHerc-Paris4_masked.zarr/,True,True,6,6,not_reproduced_from_any_published_variant,2,PHercParis4/segments/20231012184424/mesh/intermediate/tifxyz_normalized,tifxyz_normalized,1,,,,81,0.00160242,,reproduced_at_documented_scale,6,PHercParis4/segments/20231012184424/mesh/20231012184424-on-20260411134726-2.4um.tifxyz,transformed,1,0.999993,1.00001,1,0,0,True,reproduced_at_documented_scale,False,True,False
PHercParis4/segments/20231012184424,PHercParis4,45.532um-11.0m-74keV-volume-20260310170716.zarr,PHercParis4/segments/20231012184424/surface-volumes/45.532um-11.0m-74keV-volume-20260310170716.zarr,zarr,True,layers-zarr,"4000,2680","6,2680,4000",True,0,/volumes/esrf/20260311/45.532um_PHerc-Paris4_ID17-mokup_0001_masked.zarr/,True,True,6,6,reproduced_at_another_scale,2,PHercParis4/segments/20231012184424/mesh/intermediate/tifxyz_normalized,tifxyz_normalized,1,0.171983,0.171991,,0,0.000269576,,reproduced_at_documented_scale,6,PHercParis4/segments/20231012184424/mesh/20231012184424-on-20260310170716-45.532um.tifxyz,transformed,1,0.999875,1.00013,1,0,0,True,reproduced_at_documented_scale,False,True,False
PHercParis4/segments/20231016151002,PHercParis4,2.4um-0.22m-78keV-volume-20260411134726.zarr,PHercParis4/segments/20231016151002/surface-volumes/2.4um-0.22m-78keV-volume-20260411134726.zarr,zarr,True,layers-zarr,"51960,31960","109,31960,51960",True,0,/volumes/esrf/20260311/2.4um_PHerc-Paris4_masked.zarr/,True,True,5,5,not_reproduced_from_any_published_variant,2,PHercParis4/segments/20231016151002/mesh/intermediate/tifxyz_normalized,tifxyz_normalized,1,,,,54,0.00171561,,reproduced_at_documented_scale,5,PHercParis4/segments/20231016151002/mesh/20231016151002-on-20260411134726-2.4um.tifxyz,transformed,1,0.99999,1.00001,1,0,0,True,reproduced_at_documented_scale,False,True,False
PHercParis4/segments/20231016151002,PHercParis4,45.532um-11.0m-74keV-volume-20260310170716.zarr,PHercParis4/segments/20231016151002/surface-volumes/45.532um-11.0m-74keV-volume-20260310170716.zarr,zarr,True,layers-zarr,"2740,1680","6,1680,2740",True,0,/volumes/esrf/20260311/45.532um_PHerc-Paris4_ID17-mokup_0001_masked.zarr/,True,True,5,5,not_reproduced_from_any_published_variant,2,PHercParis4/segments/20231016151002/mesh/intermediate/tifxyz_normalized,tifxyz_normalized,1,,,,2,0.00146199,,reproduced_at_documented_scale,5,PHercParis4/segments/20231016151002/mesh/20231016151002-on-20260310170716-45.532um.tifxyz,transformed,1,0.999818,1.00018,1,0,0,True,reproduced_at_documented_scale,False,True,False
PHercParis4/segments/20231022170901,PHercParis4,2.4um-0.22m-78keV-volume-20260411134726.zarr,PHercParis4/segments/20231022170901/surface-volumes/2.4um-0.22m-78keV-volume-20260411134726.zarr,zarr,True,layers-zarr,"115820,21380","109,21380,115820",True,0,/volumes/esrf/20260311/2.4um_PHerc-Paris4_masked.zarr/,True,True,5,5,not_reproduced_from_any_published_variant,2,PHercParis4/segments/20231022170901/mesh/intermediate/tifxyz_normalized,tifxyz_normalized,1,,,,26,0.00121246,,reproduced_at_documented_scale,5,PHercParis4/segments/20231022170901/mesh/20231022170901-on-20260411134726-2.4um.tifxyz,transformed,1,0.999996,1,1,0,0,True,reproduced_at_documented_scale,False,True,False
PHercParis4/segments/20231022170901,PHercParis4,45.532um-11.0m-74keV-volume-20260310170716.zarr,PHercParis4/segments/20231022170901/surface-volumes/45.532um-11.0m-74keV-volume-20260310170716.zarr,zarr,True,layers-zarr,"6100,1120","6,1120,6100",True,0,/volumes/esrf/20260311/45.532um_PHerc-Paris4_ID17-mokup_0001_masked.zarr/,True,True,5,5,not_reproduced_from_any_published_variant,2,PHercParis4/segments/20231022170901/mesh/intermediate/tifxyz_normalized,tifxyz_normalized,1,,,,5,0.0041757,,reproduced_at_documented_scale,5,PHercParis4/segments/20231022170901/mesh/20231022170901-on-20260310170716-45.532um.tifxyz,transformed,1,0.999918,1.00008,1,0,0,True,reproduced_at_documented_scale,False,True,False
PHercParis4/segments/20231031143852,PHercParis4,1.129um-0.23m-78keV-volume-20260608103018-L1.zarr,PHercParis4/segments/20231031143852/surface-volumes/1.129um-0.23m-78keV-volume-20260608103018-L1.zarr,zarr,True,layers-zarr,"46740,36290","116,36290,46740",True,1,/volumes/esrf/20260311/1.129um_mosaic_PHerc_Paris4_ROI-1_masked.zarr/,True,True,6,6,not_reproduced_from_any_published_variant,2,PHercParis4/segments/20231031143852/mesh/intermediate/tifxyz_normalized,tifxyz_normalized,0.5,,,,59,0.00164463,,reproduced_at_documented_scale,6,PHercParis4/segments/20231031143852/mesh/20231031143852-on-20260608103018-1.129um.tifxyz,transformed,0.5,0.499995,0.500005,0.5,0,0,True,reproduced_at_documented_scale,False,False,False
PHercParis4/segments/20231031143852,PHercParis4,2.4um-0.22m-78keV-volume-20260411134726.zarr,PHercParis4/segments/20231031143852/surface-volumes/2.4um-0.22m-78keV-volume-20260411134726.zarr,zarr,True,layers-zarr,"44020,34180","109,34180,44020",True,0,/volumes/esrf/20260311/2.4um_PHerc-Paris4_masked.zarr/,True,True,6,6,not_reproduced_from_any_published_variant,2,PHercParis4/segments/20231031143852/mesh/intermediate/tifxyz_normalized,tifxyz_normalized,1,,,,58,0.00169944,,reproduced_at_documented_scale,6,PHercParis4/segments/20231031143852/mesh/20231031143852-on-20260411134726-2.4um.tifxyz,transformed,1,0.999989,1.00001,1,0,0,True,reproduced_at_documented_scale,False,True,False
PHercParis4/segments/20231031143852,PHercParis4,45.532um-11.0m-74keV-volume-20260310170716.zarr,PHercParis4/segments/20231031143852/surface-volumes/45.532um-11.0m-74keV-volume-20260310170716.zarr,zarr,True,layers-zarr,"2320,1800","6,1800,2320",True,0,/volumes/esrf/20260311/45.532um_PHerc-Paris4_ID17-mokup_0001_masked.zarr/,True,True,6,6,not_reproduced_from_any_published_variant,2,PHercParis4/segments/20231031143852/mesh/intermediate/tifxyz_normalized,tifxyz_normalized,1,,,,1,0.000921295,,reproduced_at_documented_scale,6,PHercParis4/segments/20231031143852/mesh/20231031143852-on-20260310170716-45.532um.tifxyz,transformed,1,0.999784,1.00022,1,0,0,True,reproduced_at_documented_scale,False,True,False
PHercParis4/segments/20231106155351,PHercParis4,1.129um-0.23m-78keV-volume-20260608103018-L1.zarr,PHercParis4/segments/20231106155351/surface-volumes/1.129um-0.23m-78keV-volume-20260608103018-L1.zarr,zarr,True,layers-zarr,"54420,36430","116,36430,54420",True,1,/volumes/esrf/20260311/1.129um_mosaic_PHerc_Paris4_ROI-1_masked.zarr/,True,True,6,6,not_reproduced_from_any_published_variant,2,PHercParis4/segments/20231106155351/mesh/intermediate/tifxyz_normalized,tifxyz_normalized,0.5,,,,57,0.00158917,,reproduced_at_documented_scale,6,PHercParis4/segments/20231106155351/mesh/20231106155351-on-20260608103018-1.129um.tifxyz,transformed,0.5,0.499995,0.500005,0.5,0,0,True,reproduced_at_documented_scale,False,False,False
PHercParis4/segments/20231106155351,PHercParis4,2.4um-0.22m-78keV-volume-20260411134726.zarr,PHercParis4/segments/20231106155351/surface-volumes/2.4um-0.22m-78keV-volume-20260411134726.zarr,zarr,True,layers-zarr,"51240,34300","109,34300,51240",True,0,/volumes/esrf/20260311/2.4um_PHerc-Paris4_masked.zarr/,True,True,6,6,not_reproduced_from_any_published_variant,2,PHercParis4/segments/20231106155351/mesh/intermediate/tifxyz_normalized,tifxyz_normalized,1,,,,53,0.00155312,,reproduced_at_documented_scale,6,PHercParis4/segments/20231106155351/mesh/20231106155351-on-20260411134726-2.4um.tifxyz,transformed,1,0.99999,1.00001,1,0,0,True,reproduced_at_documented_scale,False,True,False
PHercParis4/segments/20231106155351,PHercParis4,45.532um-11.0m-74keV-volume-20260310170716.zarr,PHercParis4/segments/20231106155351/surface-volumes/45.532um-11.0m-74keV-volume-20260310170716.zarr,zarr,True,layers-zarr,"2700,1820","6,1820,2700",True,0,/volumes/esrf/20260311/45.532um_PHerc-Paris4_ID17-mokup_0001_masked.zarr/,True,True,6,6,not_reproduced_from_any_published_variant,2,PHercParis4/segments/20231106155351/mesh/intermediate/tifxyz_original,tifxyz_original,1,,,,6,0.00344453,,reproduced_at_documented_scale,6,PHercParis4/segments/20231106155351/mesh/20231106155351-on-20260310170716-45.532um.tifxyz,transformed,1,0.999815,1.00019,1,0,0,True,reproduced_at_documented_scale,False,True,False
PHercParis4/segments/20231210121321,PHercParis4,1.129um-0.23m-78keV-volume-20260608103018-L1.zarr,PHercParis4/segments/20231210121321/surface-volumes/1.129um-0.23m-78keV-volume-20260608103018-L1.zarr,zarr,True,layers-zarr,"42460,54160","116,54160,42460",True,1,/volumes/esrf/20260311/1.129um_mosaic_PHerc_Paris4_ROI-1_masked.zarr/,True,True,6,6,not_reproduced_from_any_published_variant,2,PHercParis4/segments/20231210121321/mesh/intermediate/tifxyz_normalized,tifxyz_normalized,0.5,,,,64,0.00152152,,reproduced_at_documented_scale,6,PHercParis4/segments/20231210121321/mesh/20231210121321-on-20260608103018-1.129um.tifxyz,transformed,0.5,0.499995,0.500005,0.5,0,0,True,reproduced_at_documented_scale,False,False,False
PHercParis4/segments/20231210121321,PHercParis4,2.4um-0.22m-78keV-volume-20260411134726.zarr,PHercParis4/segments/20231210121321/surface-volumes/2.4um-0.22m-78keV-volume-20260411134726.zarr,zarr,True,layers-zarr,"39980,51000","109,51000,39980",True,0,/volumes/esrf/20260311/2.4um_PHerc-Paris4_masked.zarr/,True,True,6,6,not_reproduced_from_any_published_variant,2,PHercParis4/segments/20231210121321/mesh/intermediate/tifxyz_normalized,tifxyz_normalized,1,,,,63,0.00158775,,reproduced_at_documented_scale,6,PHercParis4/segments/20231210121321/mesh/20231210121321-on-20260411134726-2.4um.tifxyz,transformed,1,0.99999,1.00001,1,0,0,True,reproduced_at_documented_scale,False,True,False
PHercParis4/segments/20231210121321,PHercParis4,45.532um-11.0m-74keV-volume-20260310170716.zarr,PHercParis4/segments/20231210121321/surface-volumes/45.532um-11.0m-74keV-volume-20260310170716.zarr,zarr,True,layers-zarr,"2100,2700","6,2700,2100",True,0,/volumes/esrf/20260311/45.532um_PHerc-Paris4_ID17-mokup_0001_masked.zarr/,True,True,6,6,not_reproduced_from_any_published_variant,2,PHercParis4/segments/20231210121321/mesh/intermediate/tifxyz_normalized,tifxyz_normalized,1,,,,20,0.00949945,,reproduced_at_documented_scale,6,PHercParis4/segments/20231210121321/mesh/20231210121321-on-20260310170716-45.532um.tifxyz,transformed,1,0.999815,1.00019,1,0,0,True,reproduced_at_documented_scale,False,True,False
PHercParis4/segments/20231221180251,PHercParis4,1.129um-0.23m-78keV-volume-20260608103018-L1.zarr,PHercParis4/segments/20231221180251/surface-volumes/1.129um-0.23m-78keV-volume-20260608103018-L1.zarr,zarr,True,layers-zarr,"44670,33940","116,33940,44670",True,1,/volumes/esrf/20260311/1.129um_mosaic_PHerc_Paris4_ROI-1_masked.zarr/,True,True,6,6,not_reproduced_from_any_published_variant,2,PHercParis4/segments/20231221180251/mesh/intermediate/tifxyz_normalized,tifxyz_normalized,0.5,,,,57,0.00168766,,reproduced_at_documented_scale,6,PHercParis4/segments/20231221180251/mesh/20231221180251-on-20260608103018-1.129um.tifxyz,transformed,0.5,0.499994,0.500006,0.5,0,0,True,reproduced_at_documented_scale,False,False,False
PHercParis4/segments/20231221180251,PHercParis4,2.4um-0.22m-78keV-volume-20260411134726.zarr,PHercParis4/segments/20231221180251/surface-volumes/2.4um-0.22m-78keV-volume-20260411134726.zarr,zarr,True,layers-zarr,"42060,31960","109,31960,42060",True,0,/volumes/esrf/20260311/2.4um_PHerc-Paris4_masked.zarr/,True,True,6,6,not_reproduced_from_any_published_variant,2,PHercParis4/segments/20231221180251/mesh/intermediate/tifxyz_normalized,tifxyz_normalized,1,,,,57,0.00178365,,reproduced_at_documented_scale,6,PHercParis4/segments/20231221180251/mesh/20231221180251-on-20260411134726-2.4um.tifxyz,transformed,1,0.999988,1.00001,1,0,0,True,reproduced_at_documented_scale,False,True,False
PHercParis4/segments/20231221180251,PHercParis4,45.532um-11.0m-74keV-volume-20260310170716.zarr,PHercParis4/segments/20231221180251/surface-volumes/45.532um-11.0m-74keV-volume-20260310170716.zarr,zarr,True,layers-zarr,"2220,1680","6,1680,2220",True,0,/volumes/esrf/20260311/45.532um_PHerc-Paris4_ID17-mokup_0001_masked.zarr/,True,True,6,6,not_reproduced_from_any_published_variant,2,PHercParis4/segments/20231221180251/mesh/intermediate/tifxyz_normalized,tifxyz_normalized,1,,,,4,0.00232198,,reproduced_at_documented_scale,6,PHercParis4/segments/20231221180251/mesh/20231221180251-on-20260310170716-45.532um.tifxyz,transformed,1,0.999775,1.00023,1,0,0,True,reproduced_at_documented_scale,False,True,False
PHercParis4/segments/20260602204401-5753_-7,PHercParis4,1.129um-0.23m-78keV-volume-20260608103018-L1.zarr,PHercParis4/segments/20260602204401-5753_-7/surface-volumes/1.129um-0.23m-78keV-volume-20260608103018-L1.zarr,zarr,True,layers-zarr,"12230,84120","116,84120,12230",True,1,/volumes/esrf/20260311/1.129um_mosaic_PHerc_Paris4_ROI-1_masked.zarr/,True,True,6,6,not_reproduced_from_any_published_variant,2,PHercParis4/segments/20260602204401-5753_-7/mesh/intermediate/tifxyz_normalized,tifxyz_normalized,0.5,,,,6,0.000460864,,reproduced_at_documented_scale,6,PHercParis4/segments/20260602204401-5753_-7/mesh/20260602204401-on-20260608103018-1.129um.tifxyz,transformed,0.5,0.499997,0.500003,0.5,0,0,True,reproduced_at_documented_scale,False,False,False
PHercParis4/segments/20260602204401-5753_-7,PHercParis4,2.4um-0.22m-78keV-volume-20260411134726.zarr,PHercParis4/segments/20260602204401-5753_-7/surface-volumes/2.4um-0.22m-78keV-volume-20260411134726.zarr,zarr,True,layers-zarr,"11520,79200","109,79200,11520",True,0,/volumes/esrf/20260311/2.4um_PHerc-Paris4_masked.zarr/,True,True,6,6,reproduced_at_another_scale,2,PHercParis4/segments/20260602204401-5753_-7/mesh/intermediate/tifxyz_normalized,tifxyz_normalized,1,3.99997,4.00003,4,0,0,,reproduced_at_documented_scale,6,PHercParis4/segments/20260602204401-5753_-7/mesh/20260602204401-on-20260411134726-2.4um.tifxyz,transformed,1,0.999994,1.00001,1,0,0,True,reproduced_at_documented_scale,False,True,False
PHercParis4/segments/20260602204401-5753_-7,PHercParis4,45.532um-11.0m-74keV-volume-20260310170716.zarr,PHercParis4/segments/20260602204401-5753_-7/surface-volumes/45.532um-11.0m-74keV-volume-20260310170716.zarr,zarr,True,layers-zarr,"600,4180","6,4180,600",True,0,/volumes/esrf/20260311/45.532um_PHerc-Paris4_ID17-mokup_0001_masked.zarr/,True,True,6,6,not_reproduced_from_any_published_variant,2,PHercParis4/segments/20260602204401-5753_-7/mesh/intermediate/tifxyz_normalized,tifxyz_normalized,1,,,,8,0.0133333,,reproduced_at_documented_scale,6,PHercParis4/segments/20260602204401-5753_-7/mesh/20260602204401-on-20260310170716-45.532um.tifxyz,transformed,1,0.99988,1.00012,1,0,0,True,reproduced_at_documented_scale,False,True,False
PHercParis4/segments/20260602225659-5753_0,PHercParis4,2.4um-0.22m-78keV-volume-20260411134726.zarr,PHercParis4/segments/20260602225659-5753_0/surface-volumes/2.4um-0.22m-78keV-volume-20260411134726.zarr,zarr,True,layers-zarr,"16160,80240","109,80240,16160",True,0,/volumes/esrf/20260311/2.4um_PHerc-Paris4_masked.zarr/,True,True,5,5,reproduced_at_another_scale,2,PHercParis4/segments/20260602225659-5753_0/mesh/intermediate/tifxyz_normalized,tifxyz_normalized,1,3.99998,4.00002,4,0,0,,reproduced_at_documented_scale,5,PHercParis4/segments/20260602225659-5753_0/mesh/20260602225659-on-20260411134726-2.4um.tifxyz,transformed,1,0.999994,1.00001,1,0,0,True,reproduced_at_documented_scale,False,True,False
PHercParis4/segments/20260602225659-5753_0,PHercParis4,45.532um-11.0m-74keV-volume-20260310170716.zarr,PHercParis4/segments/20260602225659-5753_0/surface-volumes/45.532um-11.0m-74keV-volume-20260310170716.zarr,zarr,True,layers-zarr,"860,4240","6,4240,860",True,0,/volumes/esrf/20260311/45.532um_PHerc-Paris4_ID17-mokup_0001_masked.zarr/,True,True,5,5,not_reproduced_from_any_published_variant,2,PHercParis4/segments/20260602225659-5753_0/mesh/intermediate/tifxyz_normalized,tifxyz_normalized,1,,,,6,0.00712217,,reproduced_at_documented_scale,5,PHercParis4/segments/20260602225659-5753_0/mesh/20260602225659-on-20260310170716-45.532um.tifxyz,transformed,1,0.999882,1.00012,1,0,0,True,reproduced_at_documented_scale,False,True,False
PHercParis4/segments/20260602230115-20230702185753_v14,PHercParis4,2.4um-0.22m-78keV-volume-20260411134726.zarr,PHercParis4/segments/20260602230115-20230702185753_v14/surface-volumes/2.4um-0.22m-78keV-volume-20260411134726.zarr,zarr,True,layers-zarr,"25600,90440","109,90440,25600",True,0,/volumes/esrf/20260311/2.4um_PHerc-Paris4_masked.zarr/,True,True,4,4,reproduced_at_documented_scale,2,PHercParis4/segments/20260602230115-20230702185753_v14/mesh/intermediate/tifxyz_normalized,tifxyz_normalized,1,0.999994,1.00001,1,0,0,,reproduced_at_documented_scale,4,PHercParis4/segments/20260602230115-20230702185753_v14/mesh/20260602230115-on-20260411134726-2.4um.tifxyz,transformed,1,0.999994,1.00001,1,0,0,True,reproduced_at_documented_scale,True,True,False
PHercParis4/segments/20260602230115-20230702185753_v14,PHercParis4,45.532um-11.0m-74keV-volume-20260310170716.zarr,PHercParis4/segments/20260602230115-20230702185753_v14/surface-volumes/45.532um-11.0m-74keV-volume-20260310170716.zarr,zarr,True,layers-zarr,"1360,4780","6,4780,1360",True,0,/volumes/esrf/20260311/45.532um_PHerc-Paris4_ID17-mokup_0001_masked.zarr/,True,True,4,4,not_reproduced_from_any_published_variant,2,PHercParis4/segments/20260602230115-20230702185753_v14/mesh/intermediate/tifxyz_normalized,tifxyz_normalized,1,,,,7,0.00515167,,reproduced_at_documented_scale,4,PHercParis4/segments/20260602230115-20230702185753_v14/mesh/20260602230115-on-20260310170716-45.532um.tifxyz,transformed,1,0.999895,1.0001,1,0,0,True,reproduced_at_documented_scale,False,True,False
PHercParis4/segments/20260603005223-5753_-1,PHercParis4,2.4um-0.22m-78keV-volume-20260411134726.zarr,PHercParis4/segments/20260603005223-5753_-1/surface-volumes/2.4um-0.22m-78keV-volume-20260411134726.zarr,zarr,True,layers-zarr,"15600,80880","109,80880,15600",True,0,/volumes/esrf/20260311/2.4um_PHerc-Paris4_masked.zarr/,True,True,5,5,reproduced_at_another_scale,2,PHercParis4/segments/20260603005223-5753_-1/mesh/intermediate/tifxyz_normalized,tifxyz_normalized,1,3.99998,4.00002,4,0,0,,reproduced_at_documented_scale,5,PHercParis4/segments/20260603005223-5753_-1/mesh/20260603005223-on-20260411134726-2.4um.tifxyz,transformed,1,0.999994,1.00001,1,0,0,True,reproduced_at_documented_scale,False,True,False
PHercParis4/segments/20260603005223-5753_-1,PHercParis4,45.532um-11.0m-74keV-volume-20260310170716.zarr,PHercParis4/segments/20260603005223-5753_-1/surface-volumes/45.532um-11.0m-74keV-volume-20260310170716.zarr,zarr,True,layers-zarr,"820,4260","6,4260,820",True,0,/volumes/esrf/20260311/45.532um_PHerc-Paris4_ID17-mokup_0001_masked.zarr/,True,True,5,5,not_reproduced_from_any_published_variant,2,PHercParis4/segments/20260603005223-5753_-1/mesh/intermediate/tifxyz_normalized,tifxyz_normalized,1,,,,2,0.00202649,,reproduced_at_documented_scale,5,PHercParis4/segments/20260603005223-5753_-1/mesh/20260603005223-on-20260310170716-45.532um.tifxyz,transformed,1,0.999883,1.00012,1,0,0,True,reproduced_at_documented_scale,False,True,False
PHercParis4/segments/20260603024952-5753_-2,PHercParis4,1.129um-0.23m-78keV-volume-20260608103018-L1.zarr,PHercParis4/segments/20260603024952-5753_-2/surface-volumes/1.129um-0.23m-78keV-volume-20260608103018-L1.zarr,zarr,True,layers-zarr,"16230,86240","116,86240,16230",True,1,/volumes/esrf/20260311/1.129um_mosaic_PHerc_Paris4_ROI-1_masked.zarr/,True,True,6,6,not_reproduced_from_any_published_variant,2,PHercParis4/segments/20260603024952-5753_-2/mesh/intermediate/tifxyz_normalized,tifxyz_normalized,0.5,,,,1,9.77426e-05,,reproduced_at_documented_scale,6,PHercParis4/segments/20260603024952-5753_-2/mesh/20260603024952-on-20260608103018-1.129um.tifxyz,transformed,0.5,0.499997,0.500003,0.5,0,0,True,reproduced_at_documented_scale,False,False,False
PHercParis4/segments/20260603024952-5753_-2,PHercParis4,2.4um-0.22m-78keV-volume-20260411134726.zarr,PHercParis4/segments/20260603024952-5753_-2/surface-volumes/2.4um-0.22m-78keV-volume-20260411134726.zarr,zarr,True,layers-zarr,"15280,81200","109,81200,15280",True,0,/volumes/esrf/20260311/2.4um_PHerc-Paris4_masked.zarr/,True,True,6,6,reproduced_at_another_scale,2,PHercParis4/segments/20260603024952-5753_-2/mesh/intermediate/tifxyz_normalized,tifxyz_normalized,1,3.99998,4.00002,4,0,0,,reproduced_at_documented_scale,6,PHercParis4/segments/20260603024952-5753_-2/mesh/20260603024952-on-20260411134726-2.4um.tifxyz,transformed,1,0.999994,1.00001,1,0,0,True,reproduced_at_documented_scale,False,True,False
PHercParis4/segments/20260603024952-5753_-2,PHercParis4,45.532um-11.0m-74keV-volume-20260310170716.zarr,PHercParis4/segments/20260603024952-5753_-2/surface-volumes/45.532um-11.0m-74keV-volume-20260310170716.zarr,zarr,True,layers-zarr,"800,4280","6,4280,800",True,0,/volumes/esrf/20260311/45.532um_PHerc-Paris4_ID17-mokup_0001_masked.zarr/,True,True,6,6,not_reproduced_from_any_published_variant,2,PHercParis4/segments/20260603024952-5753_-2/mesh/intermediate/tifxyz_normalized,tifxyz_normalized,1,,,,5,0.00674877,,reproduced_at_documented_scale,6,PHercParis4/segments/20260603024952-5753_-2/mesh/20260603024952-on-20260310170716-45.532um.tifxyz,transformed,1,0.999883,1.00012,1,0,0,True,reproduced_at_documented_scale,False,True,False
PHercParis4/segments/20260603042357-5753_-3,PHercParis4,1.129um-0.23m-78keV-volume-20260608103018-L1.zarr,PHercParis4/segments/20260603042357-5753_-3/surface-volumes/1.129um-0.23m-78keV-volume-20260608103018-L1.zarr,zarr,True,layers-zarr,"15800,86420","116,86420,15800",True,1,/volumes/esrf/20260311/1.129um_mosaic_PHerc_Paris4_ROI-1_masked.zarr/,True,True,6,6,not_reproduced_from_any_published_variant,2,PHercParis4/segments/20260603042357-5753_-3/mesh/intermediate/tifxyz_normalized,tifxyz_normalized,0.5,,,,5,0.000343527,,reproduced_at_documented_scale,6,PHercParis4/segments/20260603042357-5753_-3/mesh/20260603042357-on-20260608103018-1.129um.tifxyz,transformed,0.5,0.499997,0.500003,0.5,0,0,True,reproduced_at_documented_scale,False,False,False
PHercParis4/segments/20260603042357-5753_-3,PHercParis4,2.4um-0.22m-78keV-volume-20260411134726.zarr,PHercParis4/segments/20260603042357-5753_-3/surface-volumes/2.4um-0.22m-78keV-volume-20260411134726.zarr,zarr,True,layers-zarr,"14880,81360","109,81360,14880",True,0,/volumes/esrf/20260311/2.4um_PHerc-Paris4_masked.zarr/,True,True,6,6,reproduced_at_another_scale,2,PHercParis4/segments/20260603042357-5753_-3/mesh/intermediate/tifxyz_normalized,tifxyz_normalized,1,3.99998,4.00002,4,0,0,,reproduced_at_documented_scale,6,PHercParis4/segments/20260603042357-5753_-3/mesh/20260603042357-on-20260411134726-2.4um.tifxyz,transformed,1,0.999994,1.00001,1,0,0,True,reproduced_at_documented_scale,False,True,False
PHercParis4/segments/20260603042357-5753_-3,PHercParis4,45.532um-11.0m-74keV-volume-20260310170716.zarr,PHercParis4/segments/20260603042357-5753_-3/surface-volumes/45.532um-11.0m-74keV-volume-20260310170716.zarr,zarr,True,layers-zarr,"780,4300","6,4300,780",True,0,/volumes/esrf/20260311/45.532um_PHerc-Paris4_ID17-mokup_0001_masked.zarr/,True,True,6,6,not_reproduced_from_any_published_variant,2,PHercParis4/segments/20260603042357-5753_-3/mesh/intermediate/tifxyz_normalized,tifxyz_normalized,1,,,,6,0.00824446,,reproduced_at_documented_scale,6,PHercParis4/segments/20260603042357-5753_-3/mesh/20260603042357-on-20260310170716-45.532um.tifxyz,transformed,1,0.999884,1.00012,1,0,0,True,reproduced_at_documented_scale,False,True,False
PHercParis4/segments/20260603145540-5753_-4,PHercParis4,1.129um-0.23m-78keV-volume-20260608103018-L1.zarr,PHercParis4/segments/20260603145540-5753_-4/surface-volumes/1.129um-0.23m-78keV-volume-20260608103018-L1.zarr,zarr,True,layers-zarr,"15210,86070","116,86070,15210",True,1,/volumes/esrf/20260311/1.129um_mosaic_PHerc_Paris4_ROI-1_masked.zarr/,True,True,6,6,not_reproduced_from_any_published_variant,2,PHercParis4/segments/20260603145540-5753_-4/mesh/intermediate/tifxyz_normalized,tifxyz_normalized,0.5,,,,1,7.78891e-05,,reproduced_at_documented_scale,6,PHercParis4/segments/20260603145540-5753_-4/mesh/20260603145540-on-20260608103018-1.129um.tifxyz,transformed,0.5,0.499997,0.500003,0.5,0,0,True,reproduced_at_documented_scale,False,False,False
PHercParis4/segments/20260603145540-5753_-4,PHercParis4,2.4um-0.22m-78keV-volume-20260411134726.zarr,PHercParis4/segments/20260603145540-5753_-4/surface-volumes/2.4um-0.22m-78keV-volume-20260411134726.zarr,zarr,True,layers-zarr,"14320,81040","109,81040,14320",True,0,/volumes/esrf/20260311/2.4um_PHerc-Paris4_masked.zarr/,True,True,6,6,reproduced_at_another_scale,2,PHercParis4/segments/20260603145540-5753_-4/mesh/intermediate/tifxyz_normalized,tifxyz_normalized,1,3.99998,4.00002,4,0,0,,reproduced_at_documented_scale,6,PHercParis4/segments/20260603145540-5753_-4/mesh/20260603145540-on-20260411134726-2.4um.tifxyz,transformed,1,0.999994,1.00001,1,0,0,True,reproduced_at_documented_scale,False,True,False
PHercParis4/segments/20260603145540-5753_-4,PHercParis4,45.532um-11.0m-74keV-volume-20260310170716.zarr,PHercParis4/segments/20260603145540-5753_-4/surface-volumes/45.532um-11.0m-74keV-volume-20260310170716.zarr,zarr,True,layers-zarr,"760,4280","6,4280,760",True,0,/volumes/esrf/20260311/45.532um_PHerc-Paris4_ID17-mokup_0001_masked.zarr/,True,True,6,6,not_reproduced_from_any_published_variant,2,PHercParis4/segments/20260603145540-5753_-4/mesh/intermediate/tifxyz_normalized,tifxyz_normalized,1,,,,4,0.00490785,,reproduced_at_documented_scale,6,PHercParis4/segments/20260603145540-5753_-4/mesh/20260603145540-on-20260310170716-45.532um.tifxyz,transformed,1,0.999883,1.00012,1,0,0,True,reproduced_at_documented_scale,False,True,False
PHercParis4/segments/20260603185441-5753_-6,PHercParis4,1.129um-0.23m-78keV-volume-20260608103018-L1.zarr,PHercParis4/segments/20260603185441-5753_-6/surface-volumes/1.129um-0.23m-78keV-volume-20260608103018-L1.zarr,zarr,True,layers-zarr,"14610,84880","116,84880,14610",True,1,/volumes/esrf/20260311/1.129um_mosaic_PHerc_Paris4_ROI-1_masked.zarr/,True,True,6,6,not_reproduced_from_any_published_variant,2,PHercParis4/segments/20260603185441-5753_-6/mesh/intermediate/tifxyz_normalized,tifxyz_normalized,0.5,,,,4,0.000272004,,reproduced_at_documented_scale,6,PHercParis4/segments/20260603185441-5753_-6/mesh/20260603185441-on-20260608103018-1.129um.tifxyz,transformed,0.5,0.499997,0.500003,0.5,0,0,True,reproduced_at_documented_scale,False,False,False
PHercParis4/segments/20260603185441-5753_-6,PHercParis4,2.4um-0.22m-78keV-volume-20260411134726.zarr,PHercParis4/segments/20260603185441-5753_-6/surface-volumes/2.4um-0.22m-78keV-volume-20260411134726.zarr,zarr,True,layers-zarr,"13760,79920","109,79920,13760",True,0,/volumes/esrf/20260311/2.4um_PHerc-Paris4_masked.zarr/,True,True,6,6,reproduced_at_another_scale,2,PHercParis4/segments/20260603185441-5753_-6/mesh/intermediate/tifxyz_normalized,tifxyz_normalized,1,3.99998,4.00003,4,0,0,,reproduced_at_documented_scale,6,PHercParis4/segments/20260603185441-5753_-6/mesh/20260603185441-on-20260411134726-2.4um.tifxyz,transformed,1,0.999994,1.00001,1,0,0,True,reproduced_at_documented_scale,False,True,False
PHercParis4/segments/20260603185441-5753_-6,PHercParis4,45.532um-11.0m-74keV-volume-20260310170716.zarr,PHercParis4/segments/20260603185441-5753_-6/surface-volumes/45.532um-11.0m-74keV-volume-20260310170716.zarr,zarr,True,layers-zarr,"720,4220","6,4220,720",True,0,/volumes/esrf/20260311/45.532um_PHerc-Paris4_ID17-mokup_0001_masked.zarr/,True,True,6,6,not_reproduced_from_any_published_variant,2,PHercParis4/segments/20260603185441-5753_-6/mesh/intermediate/tifxyz_normalized,tifxyz_normalized,1,,,,6,0.00912023,,reproduced_at_documented_scale,6,PHercParis4/segments/20260603185441-5753_-6/mesh/20260603185441-on-20260310170716-45.532um.tifxyz,transformed,1,0.999882,1.00012,1,0,0,True,reproduced_at_documented_scale,False,True,False
PHercParis4/segments/20260603190005-5753_-5,PHercParis4,1.129um-0.23m-78keV-volume-20260608103018-L1.zarr,PHercParis4/segments/20260603190005-5753_-5/surface-volumes/1.129um-0.23m-78keV-volume-20260608103018-L1.zarr,zarr,True,layers-zarr,"13850,85730","116,85730,13850",True,1,/volumes/esrf/20260311/1.129um_mosaic_PHerc_Paris4_ROI-1_masked.zarr/,True,True,6,6,not_reproduced_from_any_published_variant,2,PHercParis4/segments/20260603190005-5753_-5/mesh/intermediate/tifxyz_normalized,tifxyz_normalized,0.5,,,,1,4.72306e-05,,reproduced_at_documented_scale,6,PHercParis4/segments/20260603190005-5753_-5/mesh/20260603190005-on-20260608103018-1.129um.tifxyz,transformed,0.5,0.499997,0.500003,0.5,0,0,True,reproduced_at_documented_scale,False,False,False
PHercParis4/segments/20260603190005-5753_-5,PHercParis4,2.4um-0.22m-78keV-volume-20260411134726.zarr,PHercParis4/segments/20260603190005-5753_-5/surface-volumes/2.4um-0.22m-78keV-volume-20260411134726.zarr,zarr,True,layers-zarr,"13040,80720","109,80720,13040",True,0,/volumes/esrf/20260311/2.4um_PHerc-Paris4_masked.zarr/,True,True,6,6,reproduced_at_another_scale,2,PHercParis4/segments/20260603190005-5753_-5/mesh/intermediate/tifxyz_normalized,tifxyz_normalized,1,3.99998,4.00002,4,0,0,,reproduced_at_documented_scale,6,PHercParis4/segments/20260603190005-5753_-5/mesh/20260603190005-on-20260411134726-2.4um.tifxyz,transformed,1,0.999994,1.00001,1,0,0,True,reproduced_at_documented_scale,False,True,False
PHercParis4/segments/20260603190005-5753_-5,PHercParis4,45.532um-11.0m-74keV-volume-20260310170716.zarr,PHercParis4/segments/20260603190005-5753_-5/surface-volumes/45.532um-11.0m-74keV-volume-20260310170716.zarr,zarr,True,layers-zarr,"680,4260","6,4260,680",True,0,/volumes/esrf/20260311/45.532um_PHerc-Paris4_ID17-mokup_0001_masked.zarr/,True,True,6,6,not_reproduced_from_any_published_variant,2,PHercParis4/segments/20260603190005-5753_-5/mesh/intermediate/tifxyz_normalized,tifxyz_normalized,1,,,,8,0.0120387,,reproduced_at_documented_scale,6,PHercParis4/segments/20260603190005-5753_-5/mesh/20260603190005-on-20260310170716-45.532um.tifxyz,transformed,1,0.999883,1.00012,1,0,0,True,reproduced_at_documented_scale,False,True,False
PHercParis4/segments/20260603193311-5753_-1_copy,PHercParis4,1.129um-0.23m-78keV-volume-20260608103018-L1.zarr,PHercParis4/segments/20260603193311-5753_-1_copy/surface-volumes/1.129um-0.23m-78keV-volume-20260608103018-L1.zarr,zarr,True,layers-zarr,"17930,85650","116,85650,17930",True,1,/volumes/esrf/20260311/1.129um_mosaic_PHerc_Paris4_ROI-1_masked.zarr/,True,True,6,6,not_reproduced_from_any_published_variant,2,PHercParis4/segments/20260603193311-5753_-1_copy/mesh/intermediate/tifxyz_normalized,tifxyz_normalized,0.5,,,,1,7.13805e-05,,reproduced_at_documented_scale,6,PHercParis4/segments/20260603193311-5753_-1_copy/mesh/20260603193311-on-20260608103018-1.129um.tifxyz,transformed,0.5,0.499997,0.500003,0.5,0,0,True,reproduced_at_documented_scale,False,False,False
PHercParis4/segments/20260603193311-5753_-1_copy,PHercParis4,2.4um-0.22m-78keV-volume-20260411134726.zarr,PHercParis4/segments/20260603193311-5753_-1_copy/surface-volumes/2.4um-0.22m-78keV-volume-20260411134726.zarr,zarr,True,layers-zarr,"16880,80640","109,80640,16880",True,0,/volumes/esrf/20260311/2.4um_PHerc-Paris4_masked.zarr/,True,True,6,6,reproduced_at_another_scale,2,PHercParis4/segments/20260603193311-5753_-1_copy/mesh/intermediate/tifxyz_normalized,tifxyz_normalized,1,3.99998,4.00002,4,0,0,,reproduced_at_documented_scale,6,PHercParis4/segments/20260603193311-5753_-1_copy/mesh/20260603193311-on-20260411134726-2.4um.tifxyz,transformed,1,0.999994,1.00001,1,0,0,True,reproduced_at_documented_scale,False,True,False
PHercParis4/segments/20260603193311-5753_-1_copy,PHercParis4,45.532um-11.0m-74keV-volume-20260310170716.zarr,PHercParis4/segments/20260603193311-5753_-1_copy/surface-volumes/45.532um-11.0m-74keV-volume-20260310170716.zarr,zarr,True,layers-zarr,"900,4260","6,4260,900",True,0,/volumes/esrf/20260311/45.532um_PHerc-Paris4_ID17-mokup_0001_masked.zarr/,True,True,6,6,not_reproduced_from_any_published_variant,2,PHercParis4/segments/20260603193311-5753_-1_copy/mesh/intermediate/tifxyz_normalized,tifxyz_normalized,1,,,,8,0.00927842,,reproduced_at_documented_scale,6,PHercParis4/segments/20260603193311-5753_-1_copy/mesh/20260603193311-on-20260310170716-45.532um.tifxyz,transformed,1,0.999883,1.00012,1,0,0,True,reproduced_at_documented_scale,False,True,False
PHercParis4/segments/20260603222816-20231005123336_v2_flatboi,PHercParis4,1.129um-0.23m-78keV-volume-20260608103018-L1.zarr,PHercParis4/segments/20260603222816-20231005123336_v2_flatboi/surface-volumes/1.129um-0.23m-78keV-volume-20260608103018-L1.zarr,zarr,True,layers-zarr,"56070,50360","116,50360,56070",True,1,/volumes/esrf/20260311/1.129um_mosaic_PHerc_Paris4_ROI-1_masked.zarr/,True,True,6,6,not_reproduced_from_any_published_variant,2,PHercParis4/segments/20260603222816-20231005123336_v2_flatboi/mesh/intermediate/tifxyz_normalized,tifxyz_normalized,0.5,,,,3,6.34111e-05,,reproduced_at_documented_scale,6,PHercParis4/segments/20260603222816-20231005123336_v2_flatboi/mesh/20260603222816-on-20260608103018-1.129um.tifxyz,transformed,0.5,0.499996,0.500004,0.5,0,0,True,reproduced_at_documented_scale,False,False,False
PHercParis4/segments/20260603222816-20231005123336_v2_flatboi,PHercParis4,2.4um-0.22m-78keV-volume-20260411134726.zarr,PHercParis4/segments/20260603222816-20231005123336_v2_flatboi/surface-volumes/2.4um-0.22m-78keV-volume-20260411134726.zarr,zarr,True,layers-zarr,"52800,47420","109,47420,52800",True,0,/volumes/esrf/20260311/2.4um_PHerc-Paris4_masked.zarr/,True,True,6,6,reproduced_at_documented_scale,2,PHercParis4/segments/20260603222816-20231005123336_v2_flatboi/mesh/intermediate/tifxyz_normalized,tifxyz_normalized,1,0.999991,1.00001,1,0,0,,reproduced_at_documented_scale,6,PHercParis4/segments/20260603222816-20231005123336_v2_flatboi/mesh/20260603222816-on-20260411134726-2.4um.tifxyz,transformed,1,0.999991,1.00001,1,0,0,True,reproduced_at_documented_scale,True,True,False
PHercParis4/segments/20260603222816-20231005123336_v2_flatboi,PHercParis4,45.532um-11.0m-74keV-volume-20260310170716.zarr,PHercParis4/segments/20260603222816-20231005123336_v2_flatboi/surface-volumes/45.532um-11.0m-74keV-volume-20260310170716.zarr,zarr,True,layers-zarr,"2780,2500","6,2500,2780",True,0,/volumes/esrf/20260311/45.532um_PHerc-Paris4_ID17-mokup_0001_masked.zarr/,True,True,6,6,not_reproduced_from_any_published_variant,2,PHercParis4/segments/20260603222816-20231005123336_v2_flatboi/mesh/intermediate/tifxyz_normalized,tifxyz_normalized,1,,,,3,0.00130777,,reproduced_at_documented_scale,6,PHercParis4/segments/20260603222816-20231005123336_v2_flatboi/mesh/20260603222816-on-20260310170716-45.532um.tifxyz,transformed,1,0.99982,1.00018,1,0,0,True,reproduced_at_documented_scale,False,True,False
PHercParis4/segments/20260604223808-20231210121321_v8,PHercParis4,1.129um-0.23m-78keV-volume-20260608103018-L1.zarr,PHercParis4/segments/20260604223808-20231210121321_v8/surface-volumes/1.129um-0.23m-78keV-volume-20260608103018-L1.zarr,zarr,True,layers-zarr,"49660,72410","116,72410,49660",True,1,/volumes/esrf/20260311/1.129um_mosaic_PHerc_Paris4_ROI-1_masked.zarr/,True,True,6,6,not_reproduced_from_any_published_variant,2,PHercParis4/segments/20260604223808-20231210121321_v8/mesh/intermediate/tifxyz_normalized,tifxyz_normalized,0.5,,,,1,2.15014e-05,,reproduced_at_documented_scale,6,PHercParis4/segments/20260604223808-20231210121321_v8/mesh/20260604223808-on-20260608103018-1.129um.tifxyz,transformed,0.5,0.499997,0.500003,0.5,0,0,True,reproduced_at_documented_scale,False,False,False
PHercParis4/segments/20260604223808-20231210121321_v8,PHercParis4,2.4um-0.22m-78keV-volume-20260411134726.zarr,PHercParis4/segments/20260604223808-20231210121321_v8/surface-volumes/2.4um-0.22m-78keV-volume-20260411134726.zarr,zarr,True,layers-zarr,"46760,68180","109,68180,46760",True,0,/volumes/esrf/20260311/2.4um_PHerc-Paris4_masked.zarr/,True,True,6,6,reproduced_at_documented_scale,2,PHercParis4/segments/20260604223808-20231210121321_v8/mesh/intermediate/tifxyz_normalized,tifxyz_normalized,1,0.999993,1.00001,1,0,0,,reproduced_at_documented_scale,6,PHercParis4/segments/20260604223808-20231210121321_v8/mesh/20260604223808-on-20260411134726-2.4um.tifxyz,transformed,1,0.999993,1.00001,1,0,0,True,reproduced_at_documented_scale,True,True,False
PHercParis4/segments/20260604223808-20231210121321_v8,PHercParis4,45.532um-11.0m-74keV-volume-20260310170716.zarr,PHercParis4/segments/20260604223808-20231210121321_v8/surface-volumes/45.532um-11.0m-74keV-volume-20260310170716.zarr,zarr,True,layers-zarr,"2460,3600","6,3600,2460",True,0,/volumes/esrf/20260311/45.532um_PHerc-Paris4_ID17-mokup_0001_masked.zarr/,True,True,6,6,not_reproduced_from_any_published_variant,2,PHercParis4/segments/20260604223808-20231210121321_v8/mesh/intermediate/tifxyz_normalized,tifxyz_normalized,1,,,,9,0.00365603,,reproduced_at_documented_scale,6,PHercParis4/segments/20260604223808-20231210121321_v8/mesh/20260604223808-on-20260310170716-45.532um.tifxyz,transformed,1,0.999861,1.00014,1,0,0,True,reproduced_at_documented_scale,False,True,False
PHercParis4/segments/20260623141135-w046-052_jordi,PHercParis4,1.129um-0.23m-78keV-volume-20260608103018-L1.zarr,PHercParis4/segments/20260623141135-w046-052_jordi/surface-volumes/1.129um-0.23m-78keV-volume-20260608103018-L1.zarr,zarr,True,layers-zarr,"203820,51230","116,51230,203820",True,1,/volumes/esrf/20260311/1.129um_mosaic_PHerc_Paris4_ROI-1_masked.zarr/,True,True,6,6,not_reproduced_from_any_published_variant,2,PHercParis4/segments/20260623141135-w046-052_jordi/mesh/intermediate/tifxyz_normalized,tifxyz_normalized,0.5,,,,1,2.18876e-05,,reproduced_at_documented_scale,6,PHercParis4/segments/20260623141135-w046-052_jordi/mesh/20260623141135-on-20260608103018-1.129um.tifxyz,transformed,0.5,0.499999,0.500001,0.5,0,0,True,reproduced_at_documented_scale,False,False,False
PHercParis4/segments/20260623141135-w046-052_jordi,PHercParis4,2.4um-0.22m-78keV-volume-20260411134726.zarr,PHercParis4/segments/20260623141135-w046-052_jordi/surface-volumes/2.4um-0.22m-78keV-volume-20260411134726.zarr,zarr,True,layers-zarr,"191920,48240","109,48240,191920",True,0,/volumes/esrf/20260311/2.4um_PHerc-Paris4_masked.zarr/,True,True,6,6,reproduced_at_another_scale,2,PHercParis4/segments/20260623141135-w046-052_jordi/mesh/intermediate/tifxyz_normalized,tifxyz_normalized,1,3.99999,4.00001,4,0,0,,reproduced_at_documented_scale,6,PHercParis4/segments/20260623141135-w046-052_jordi/mesh/20260623141135-on-20260411134726-2.4um.tifxyz,transformed,1,0.999997,1,1,0,0,True,reproduced_at_documented_scale,False,True,False
PHercParis4/segments/20260623141135-w046-052_jordi,PHercParis4,45.532um-11.0m-74keV-volume-20260310170716.zarr,PHercParis4/segments/20260623141135-w046-052_jordi/surface-volumes/45.532um-11.0m-74keV-volume-20260310170716.zarr,zarr,True,layers-zarr,"10120,2540","6,2540,10120",True,0,/volumes/esrf/20260311/45.532um_PHerc-Paris4_ID17-mokup_0001_masked.zarr/,True,True,6,6,not_reproduced_from_any_published_variant,2,PHercParis4/segments/20260623141135-w046-052_jordi/mesh/intermediate/tifxyz_normalized,tifxyz_normalized,1,,,,4,0.00146058,,reproduced_at_documented_scale,6,PHercParis4/segments/20260623141135-w046-052_jordi/mesh/20260623141135-on-20260310170716-45.532um.tifxyz,transformed,1,0.999951,1.00005,1,0,0,True,reproduced_at_documented_scale,False,True,False
PHercParis4/segments/20260623141649-w053-058_jordi,PHercParis4,1.129um-0.23m-78keV-volume-20260608103018-L1.zarr,PHercParis4/segments/20260623141649-w053-058_jordi/surface-volumes/1.129um-0.23m-78keV-volume-20260608103018-L1.zarr,zarr,True,layers-zarr,"197530,51910","116,51910,197530",True,1,/volumes/esrf/20260311/1.129um_mosaic_PHerc_Paris4_ROI-1_masked.zarr/,True,True,6,6,reproduced_at_another_scale,2,PHercParis4/segments/20260623141649-w053-058_jordi/mesh/intermediate/tifxyz_normalized,tifxyz_normalized,0.5,4.24795,4.24797,,0,6.62851e-07,,reproduced_at_documented_scale,6,PHercParis4/segments/20260623141649-w053-058_jordi/mesh/20260623141649-on-20260608103018-1.129um.tifxyz,transformed,0.5,0.499999,0.500001,0.5,0,0,True,reproduced_at_documented_scale,False,False,False
PHercParis4/segments/20260623141649-w053-058_jordi,PHercParis4,2.4um-0.22m-78keV-volume-20260411134726.zarr,PHercParis4/segments/20260623141649-w053-058_jordi/surface-volumes/2.4um-0.22m-78keV-volume-20260411134726.zarr,zarr,True,layers-zarr,"186000,48880","109,48880,186000",True,0,/volumes/esrf/20260311/2.4um_PHerc-Paris4_masked.zarr/,True,True,6,6,reproduced_at_another_scale,2,PHercParis4/segments/20260623141649-w053-058_jordi/mesh/intermediate/tifxyz_normalized,tifxyz_normalized,1,3.99999,4.00001,4,0,0,,reproduced_at_documented_scale,6,PHercParis4/segments/20260623141649-w053-058_jordi/mesh/20260623141649-on-20260411134726-2.4um.tifxyz,transformed,1,0.999997,1,1,0,0,True,reproduced_at_documented_scale,False,True,False
PHercParis4/segments/20260623141649-w053-058_jordi,PHercParis4,45.532um-11.0m-74keV-volume-20260310170716.zarr,PHercParis4/segments/20260623141649-w053-058_jordi/surface-volumes/45.532um-11.0m-74keV-volume-20260310170716.zarr,zarr,True,layers-zarr,"9820,2580","6,2580,9820",True,0,/volumes/esrf/20260311/45.532um_PHerc-Paris4_ID17-mokup_0001_masked.zarr/,True,True,6,6,not_reproduced_from_any_published_variant,2,PHercParis4/segments/20260623141649-w053-058_jordi/mesh/intermediate/tifxyz_normalized,tifxyz_normalized,1,,,,1,0.000253397,,reproduced_at_documented_scale,6,PHercParis4/segments/20260623141649-w053-058_jordi/mesh/20260623141649-on-20260310170716-45.532um.tifxyz,transformed,1,0.999949,1.00005,1,0,0,True,reproduced_at_documented_scale,False,True,False
PHercParis4/segments/20260623141924-w010-027,PHercParis4,1.129um-0.23m-78keV-volume-20260608103018-L1.zarr,PHercParis4/segments/20260623141924-w010-027/surface-volumes/1.129um-0.23m-78keV-volume-20260608103018-L1.zarr,zarr,True,layers-zarr,"180700,47750","116,47750,180700",True,1,/volumes/esrf/20260311/1.129um_mosaic_PHerc_Paris4_ROI-1_masked.zarr/,True,True,6,6,not_reproduced_from_any_published_variant,2,PHercParis4/segments/20260623141924-w010-027/mesh/intermediate/tifxyz_normalized,tifxyz_normalized,0.5,,,,5,0.00010684,,reproduced_at_documented_scale,6,PHercParis4/segments/20260623141924-w010-027/mesh/20260623141924-on-20260608103018-1.129um.tifxyz,transformed,0.5,0.499999,0.500001,0.5,0,0,True,reproduced_at_documented_scale,False,False,False
PHercParis4/segments/20260623141924-w010-027,PHercParis4,2.4um-0.22m-78keV-volume-20260411134726.zarr,PHercParis4/segments/20260623141924-w010-027/surface-volumes/2.4um-0.22m-78keV-volume-20260411134726.zarr,zarr,True,layers-zarr,"170160,44960","109,44960,170160",True,0,/volumes/esrf/20260311/2.4um_PHerc-Paris4_masked.zarr/,True,True,6,6,reproduced_at_another_scale,2,PHercParis4/segments/20260623141924-w010-027/mesh/intermediate/tifxyz_normalized,tifxyz_normalized,1,3.99999,4.00001,4,0,0,,reproduced_at_documented_scale,6,PHercParis4/segments/20260623141924-w010-027/mesh/20260623141924-on-20260411134726-2.4um.tifxyz,transformed,1,0.999997,1,1,0,0,True,reproduced_at_documented_scale,False,True,False
PHercParis4/segments/20260623141924-w010-027,PHercParis4,45.532um-11.0m-74keV-volume-20260310170716.zarr,PHercParis4/segments/20260623141924-w010-027/surface-volumes/45.532um-11.0m-74keV-volume-20260310170716.zarr,zarr,True,layers-zarr,"8980,2380","6,2380,8980",True,0,/volumes/esrf/20260311/45.532um_PHerc-Paris4_ID17-mokup_0001_masked.zarr/,True,True,6,6,not_reproduced_from_any_published_variant,2,PHercParis4/segments/20260623141924-w010-027/mesh/intermediate/tifxyz_flattened,tifxyz_flattened,1,,,,1,0.000454122,,reproduced_at_documented_scale,6,PHercParis4/segments/20260623141924-w010-027/mesh/20260623141924-on-20260310170716-45.532um.tifxyz,transformed,1,0.999944,1.00006,1,0,0,True,reproduced_at_documented_scale,False,True,False
PHercParis4/segments/20260623142658-w028-037,PHercParis4,1.129um-0.23m-78keV-volume-20260608103018-L1.zarr,PHercParis4/segments/20260623142658-w028-037/surface-volumes/1.129um-0.23m-78keV-volume-20260608103018-L1.zarr,zarr,True,layers-zarr,"187760,49280","116,49280,187760",True,1,/volumes/esrf/20260311/1.129um_mosaic_PHerc_Paris4_ROI-1_masked.zarr/,True,True,6,6,not_reproduced_from_any_published_variant,2,PHercParis4/segments/20260623142658-w028-037/mesh/intermediate/tifxyz_normalized,tifxyz_normalized,0.5,,,,3,7.34614e-05,,reproduced_at_documented_scale,6,PHercParis4/segments/20260623142658-w028-037/mesh/20260623142658-on-20260608103018-1.129um.tifxyz,transformed,0.5,0.499999,0.500001,0.5,0,0,True,reproduced_at_documented_scale,False,False,False
PHercParis4/segments/20260623142658-w028-037,PHercParis4,2.4um-0.22m-78keV-volume-20260411134726.zarr,PHercParis4/segments/20260623142658-w028-037/surface-volumes/2.4um-0.22m-78keV-volume-20260411134726.zarr,zarr,True,layers-zarr,"176800,46400","109,46400,176800",True,0,/volumes/esrf/20260311/2.4um_PHerc-Paris4_masked.zarr/,True,True,6,6,reproduced_at_another_scale,2,PHercParis4/segments/20260623142658-w028-037/mesh/intermediate/tifxyz_normalized,tifxyz_normalized,1,3.99999,4.00001,4,0,0,,reproduced_at_documented_scale,6,PHercParis4/segments/20260623142658-w028-037/mesh/20260623142658-on-20260411134726-2.4um.tifxyz,transformed,1,0.999997,1,1,0,0,True,reproduced_at_documented_scale,False,True,False
PHercParis4/segments/20260623142658-w028-037,PHercParis4,45.532um-11.0m-74keV-volume-20260310170716.zarr,PHercParis4/segments/20260623142658-w028-037/surface-volumes/45.532um-11.0m-74keV-volume-20260310170716.zarr,zarr,True,layers-zarr,"9320,2440","6,2440,9320",True,0,/volumes/esrf/20260311/45.532um_PHerc-Paris4_ID17-mokup_0001_masked.zarr/,True,True,6,6,not_reproduced_from_any_published_variant,2,PHercParis4/segments/20260623142658-w028-037/mesh/intermediate/tifxyz_normalized,tifxyz_normalized,1,,,,6,0.00244789,,reproduced_at_documented_scale,6,PHercParis4/segments/20260623142658-w028-037/mesh/20260623142658-on-20260310170716-45.532um.tifxyz,transformed,1,0.999946,1.00005,1,0,0,True,reproduced_at_documented_scale,False,True,False
PHercParis4/segments/20260623143441-w038-045,PHercParis4,1.129um-0.23m-78keV-volume-20260608103018-L1.zarr,PHercParis4/segments/20260623143441-w038-045/surface-volumes/1.129um-0.23m-78keV-volume-20260608103018-L1.zarr,zarr,True,layers-zarr,"196850,50470","116,50470,196850",True,1,/volumes/esrf/20260311/1.129um_mosaic_PHerc_Paris4_ROI-1_masked.zarr/,True,True,6,6,not_reproduced_from_any_published_variant,2,PHercParis4/segments/20260623143441-w038-045/mesh/intermediate/tifxyz_normalized,tifxyz_normalized,0.5,,,,4,8.62918e-05,,reproduced_at_documented_scale,6,PHercParis4/segments/20260623143441-w038-045/mesh/20260623143441-on-20260608103018-1.129um.tifxyz,transformed,0.5,0.499999,0.500001,0.5,0,0,True,reproduced_at_documented_scale,False,False,False
PHercParis4/segments/20260623143441-w038-045,PHercParis4,2.4um-0.22m-78keV-volume-20260411134726.zarr,PHercParis4/segments/20260623143441-w038-045/surface-volumes/2.4um-0.22m-78keV-volume-20260411134726.zarr,zarr,True,layers-zarr,"185360,47520","109,47520,185360",True,0,/volumes/esrf/20260311/2.4um_PHerc-Paris4_masked.zarr/,True,True,6,6,reproduced_at_another_scale,2,PHercParis4/segments/20260623143441-w038-045/mesh/intermediate/tifxyz_normalized,tifxyz_normalized,1,3.99999,4.00001,4,0,0,,reproduced_at_documented_scale,6,PHercParis4/segments/20260623143441-w038-045/mesh/20260623143441-on-20260411134726-2.4um.tifxyz,transformed,1,0.999997,1,1,0,0,True,reproduced_at_documented_scale,False,True,False
PHercParis4/segments/20260623143441-w038-045,PHercParis4,45.532um-11.0m-74keV-volume-20260310170716.zarr,PHercParis4/segments/20260623143441-w038-045/surface-volumes/45.532um-11.0m-74keV-volume-20260310170716.zarr,zarr,True,layers-zarr,"9780,2500","6,2500,9780",True,0,/volumes/esrf/20260311/45.532um_PHerc-Paris4_ID17-mokup_0001_masked.zarr/,True,True,6,6,not_reproduced_from_any_published_variant,2,PHercParis4/segments/20260623143441-w038-045/mesh/intermediate/tifxyz_normalized,tifxyz_normalized,1,,,,7,0.00290375,,reproduced_at_documented_scale,6,PHercParis4/segments/20260623143441-w038-045/mesh/20260623143441-on-20260310170716-45.532um.tifxyz,transformed,1,0.999949,1.00005,1,0,0,True,reproduced_at_documented_scale,False,True,False
PHercParis4/segments/20260623144224-w046-052,PHercParis4,1.129um-0.23m-78keV-volume-20260608103018-L1.zarr,PHercParis4/segments/20260623144224-w046-052/surface-volumes/1.129um-0.23m-78keV-volume-20260608103018-L1.zarr,zarr,True,layers-zarr,"204750,51150","116,51150,204750",True,1,/volumes/esrf/20260311/1.129um_mosaic_PHerc_Paris4_ROI-1_masked.zarr/,True,True,6,6,not_reproduced_from_any_published_variant,2,PHercParis4/segments/20260623144224-w046-052/mesh/intermediate/tifxyz_normalized,tifxyz_normalized,0.5,,,,5,9.73556e-05,,reproduced_at_documented_scale,6,PHercParis4/segments/20260623144224-w046-052/mesh/20260623144224-on-20260608103018-1.129um.tifxyz,transformed,0.5,0.499999,0.500001,0.5,0,0,True,reproduced_at_documented_scale,False,False,False
PHercParis4/segments/20260623144224-w046-052,PHercParis4,2.4um-0.22m-78keV-volume-20260411134726.zarr,PHercParis4/segments/20260623144224-w046-052/surface-volumes/2.4um-0.22m-78keV-volume-20260411134726.zarr,zarr,True,layers-zarr,"192800,48160","109,48160,192800",True,0,/volumes/esrf/20260311/2.4um_PHerc-Paris4_masked.zarr/,True,True,6,6,reproduced_at_another_scale,2,PHercParis4/segments/20260623144224-w046-052/mesh/intermediate/tifxyz_normalized,tifxyz_normalized,1,3.99999,4.00001,4,0,0,,reproduced_at_documented_scale,6,PHercParis4/segments/20260623144224-w046-052/mesh/20260623144224-on-20260411134726-2.4um.tifxyz,transformed,1,0.999997,1,1,0,0,True,reproduced_at_documented_scale,False,True,False
PHercParis4/segments/20260623144224-w046-052,PHercParis4,45.532um-11.0m-74keV-volume-20260310170716.zarr,PHercParis4/segments/20260623144224-w046-052/surface-volumes/45.532um-11.0m-74keV-volume-20260310170716.zarr,zarr,True,layers-zarr,"10160,2540","6,2540,10160",True,0,/volumes/esrf/20260311/45.532um_PHerc-Paris4_ID17-mokup_0001_masked.zarr/,True,True,6,6,not_reproduced_from_any_published_variant,2,PHercParis4/segments/20260623144224-w046-052/mesh/intermediate/tifxyz_normalized,tifxyz_normalized,1,,,,2,0.000830565,,reproduced_at_documented_scale,6,PHercParis4/segments/20260623144224-w046-052/mesh/20260623144224-on-20260310170716-45.532um.tifxyz,transformed,1,0.999951,1.00005,1,0,0,True,reproduced_at_documented_scale,False,True,False
PHercParis4/segments/20260623144957-w053-058,PHercParis4,1.129um-0.23m-78keV-volume-20260608103018-L1.zarr,PHercParis4/segments/20260623144957-w053-058/surface-volumes/1.129um-0.23m-78keV-volume-20260608103018-L1.zarr,zarr,True,layers-zarr,"198210,51660","116,51660,198210",True,1,/volumes/esrf/20260311/1.129um_mosaic_PHerc_Paris4_ROI-1_masked.zarr/,True,True,6,6,not_reproduced_from_any_published_variant,2,PHercParis4/segments/20260623144957-w053-058/mesh/intermediate/tifxyz_normalized,tifxyz_normalized,0.5,,,,5,9.21073e-05,,reproduced_at_documented_scale,6,PHercParis4/segments/20260623144957-w053-058/mesh/20260623144957-on-20260608103018-1.129um.tifxyz,transformed,0.5,0.499999,0.500001,0.5,0,0,True,reproduced_at_documented_scale,False,False,False
PHercParis4/segments/20260623144957-w053-058,PHercParis4,2.4um-0.22m-78keV-volume-20260411134726.zarr,PHercParis4/segments/20260623144957-w053-058/surface-volumes/2.4um-0.22m-78keV-volume-20260411134726.zarr,zarr,True,layers-zarr,"186640,48640","109,48640,186640",True,0,/volumes/esrf/20260311/2.4um_PHerc-Paris4_masked.zarr/,True,True,6,6,reproduced_at_another_scale,2,PHercParis4/segments/20260623144957-w053-058/mesh/intermediate/tifxyz_normalized,tifxyz_normalized,1,3.99999,4.00001,4,0,0,,reproduced_at_documented_scale,6,PHercParis4/segments/20260623144957-w053-058/mesh/20260623144957-on-20260411134726-2.4um.tifxyz,transformed,1,0.999997,1,1,0,0,True,reproduced_at_documented_scale,False,True,False
PHercParis4/segments/20260623144957-w053-058,PHercParis4,45.532um-11.0m-74keV-volume-20260310170716.zarr,PHercParis4/segments/20260623144957-w053-058/surface-volumes/45.532um-11.0m-74keV-volume-20260310170716.zarr,zarr,True,layers-zarr,"9840,2560","6,2560,9840",True,0,/volumes/esrf/20260311/45.532um_PHerc-Paris4_ID17-mokup_0001_masked.zarr/,True,True,6,6,not_reproduced_from_any_published_variant,2,PHercParis4/segments/20260623144957-w053-058/mesh/intermediate/tifxyz_normalized,tifxyz_normalized,1,,,,4,0.00171453,,reproduced_at_documented_scale,6,PHercParis4/segments/20260623144957-w053-058/mesh/20260623144957-on-20260310170716-45.532um.tifxyz,transformed,1,0.999949,1.00005,1,0,0,True,reproduced_at_documented_scale,False,True,False
PHercParis4/segments/20260623145652-w059-063,PHercParis4,1.129um-0.23m-78keV-volume-20260608103018-L1.zarr,PHercParis4/segments/20260623145652-w059-063/surface-volumes/1.129um-0.23m-78keV-volume-20260608103018-L1.zarr,zarr,True,layers-zarr,"183770,52080","116,52080,183770",True,1,/volumes/esrf/20260311/1.129um_mosaic_PHerc_Paris4_ROI-1_masked.zarr/,True,True,6,6,not_reproduced_from_any_published_variant,2,PHercParis4/segments/20260623145652-w059-063/mesh/intermediate/tifxyz_normalized,tifxyz_normalized,0.5,,,,1,1.74879e-05,,reproduced_at_documented_scale,6,PHercParis4/segments/20260623145652-w059-063/mesh/20260623145652-on-20260608103018-1.129um.tifxyz,transformed,0.5,0.499999,0.500001,0.5,0,0,True,reproduced_at_documented_scale,False,False,False
PHercParis4/segments/20260623145652-w059-063,PHercParis4,2.4um-0.22m-78keV-volume-20260411134726.zarr,PHercParis4/segments/20260623145652-w059-063/surface-volumes/2.4um-0.22m-78keV-volume-20260411134726.zarr,zarr,True,layers-zarr,"173040,49040","109,49040,173040",True,0,/volumes/esrf/20260311/2.4um_PHerc-Paris4_masked.zarr/,True,True,6,6,reproduced_at_another_scale,2,PHercParis4/segments/20260623145652-w059-063/mesh/intermediate/tifxyz_normalized,tifxyz_normalized,1,3.99999,4.00001,4,0,0,,reproduced_at_documented_scale,6,PHercParis4/segments/20260623145652-w059-063/mesh/20260623145652-on-20260411134726-2.4um.tifxyz,transformed,1,0.999997,1,1,0,0,True,reproduced_at_documented_scale,False,True,False
PHercParis4/segments/20260623145652-w059-063,PHercParis4,45.532um-11.0m-74keV-volume-20260310170716.zarr,PHercParis4/segments/20260623145652-w059-063/surface-volumes/45.532um-11.0m-74keV-volume-20260310170716.zarr,zarr,True,layers-zarr,"9120,2580","6,2580,9120",True,0,/volumes/esrf/20260311/45.532um_PHerc-Paris4_ID17-mokup_0001_masked.zarr/,True,True,6,6,not_reproduced_from_any_published_variant,2,PHercParis4/segments/20260623145652-w059-063/mesh/intermediate/tifxyz_normalized,tifxyz_normalized,1,,,,4,0.00179553,,reproduced_at_documented_scale,6,PHercParis4/segments/20260623145652-w059-063/mesh/20260623145652-on-20260310170716-45.532um.tifxyz,transformed,1,0.999945,1.00005,1,0,0,True,reproduced_at_documented_scale,False,True,False
PHercParis4/segments/20260623150417-w064-068,PHercParis4,1.129um-0.23m-78keV-volume-20260608103018-L1.zarr,PHercParis4/segments/20260623150417-w064-068/surface-volumes/1.129um-0.23m-78keV-volume-20260608103018-L1.zarr,zarr,True,layers-zarr,"203310,52340","116,52340,203310",True,1,/volumes/esrf/20260311/1.129um_mosaic_PHerc_Paris4_ROI-1_masked.zarr/,True,True,6,6,not_reproduced_from_any_published_variant,2,PHercParis4/segments/20260623150417-w064-068/mesh/intermediate/tifxyz_normalized,tifxyz_normalized,0.5,,,,4,8.51173e-05,,reproduced_at_documented_scale,6,PHercParis4/segments/20260623150417-w064-068/mesh/20260623150417-on-20260608103018-1.129um.tifxyz,transformed,0.5,0.499999,0.500001,0.5,0,0,True,reproduced_at_documented_scale,False,False,False
PHercParis4/segments/20260623150417-w064-068,PHercParis4,2.4um-0.22m-78keV-volume-20260411134726.zarr,PHercParis4/segments/20260623150417-w064-068/surface-volumes/2.4um-0.22m-78keV-volume-20260411134726.zarr,zarr,True,layers-zarr,"191440,49280","109,49280,191440",True,0,/volumes/esrf/20260311/2.4um_PHerc-Paris4_masked.zarr/,True,True,6,6,reproduced_at_another_scale,2,PHercParis4/segments/20260623150417-w064-068/mesh/intermediate/tifxyz_normalized,tifxyz_normalized,1,3.99999,4.00001,4,0,0,,reproduced_at_documented_scale,6,PHercParis4/segments/20260623150417-w064-068/mesh/20260623150417-on-20260411134726-2.4um.tifxyz,transformed,1,0.999997,1,1,0,0,True,reproduced_at_documented_scale,False,True,False
PHercParis4/segments/20260623150417-w064-068,PHercParis4,45.532um-11.0m-74keV-volume-20260310170716.zarr,PHercParis4/segments/20260623150417-w064-068/surface-volumes/45.532um-11.0m-74keV-volume-20260310170716.zarr,zarr,True,layers-zarr,"10100,2600","6,2600,10100",True,0,/volumes/esrf/20260311/45.532um_PHerc-Paris4_ID17-mokup_0001_masked.zarr/,True,True,6,6,reproduced_at_another_scale,2,PHercParis4/segments/20260623150417-w064-068/mesh/intermediate/tifxyz_normalized,tifxyz_normalized,1,0.211022,0.211043,,0,3.21461e-05,,reproduced_at_documented_scale,6,PHercParis4/segments/20260623150417-w064-068/mesh/20260623150417-on-20260310170716-45.532um.tifxyz,transformed,1,0.999951,1.00005,1,0,0,True,reproduced_at_documented_scale,False,True,False
PHercParis4/segments/20260623151041-w069-072,PHercParis4,1.129um-0.23m-78keV-volume-20260608103018-L1.zarr,PHercParis4/segments/20260623151041-w069-072/surface-volumes/1.129um-0.23m-78keV-volume-20260608103018-L1.zarr,zarr,True,layers-zarr,"176120,52170","116,52170,176120",True,1,/volumes/esrf/20260311/1.129um_mosaic_PHerc_Paris4_ROI-1_masked.zarr/,True,True,6,6,not_reproduced_from_any_published_variant,2,PHercParis4/segments/20260623151041-w069-072/mesh/intermediate/tifxyz_normalized,tifxyz_normalized,0.5,,,,5,9.92254e-05,,reproduced_at_documented_scale,6,PHercParis4/segments/20260623151041-w069-072/mesh/20260623151041-on-20260608103018-1.129um.tifxyz,transformed,0.5,0.499999,0.500001,0.5,0,0,True,reproduced_at_documented_scale,False,False,False
PHercParis4/segments/20260623151041-w069-072,PHercParis4,2.4um-0.22m-78keV-volume-20260411134726.zarr,PHercParis4/segments/20260623151041-w069-072/surface-volumes/2.4um-0.22m-78keV-volume-20260411134726.zarr,zarr,True,layers-zarr,"165840,49120","109,49120,165840",True,0,/volumes/esrf/20260311/2.4um_PHerc-Paris4_masked.zarr/,True,True,6,6,reproduced_at_another_scale,2,PHercParis4/segments/20260623151041-w069-072/mesh/intermediate/tifxyz_normalized,tifxyz_normalized,1,3.99999,4.00001,4,0,0,,reproduced_at_documented_scale,6,PHercParis4/segments/20260623151041-w069-072/mesh/20260623151041-on-20260411134726-2.4um.tifxyz,transformed,1,0.999997,1,1,0,0,True,reproduced_at_documented_scale,False,True,False
PHercParis4/segments/20260623151041-w069-072,PHercParis4,45.532um-11.0m-74keV-volume-20260310170716.zarr,PHercParis4/segments/20260623151041-w069-072/surface-volumes/45.532um-11.0m-74keV-volume-20260310170716.zarr,zarr,True,layers-zarr,"8740,2600","6,2600,8740",True,0,/volumes/esrf/20260311/45.532um_PHerc-Paris4_ID17-mokup_0001_masked.zarr/,True,True,6,6,not_reproduced_from_any_published_variant,2,PHercParis4/segments/20260623151041-w069-072/mesh/intermediate/tifxyz_flattened,tifxyz_flattened,1,,,,5,0.00207287,,reproduced_at_documented_scale,6,PHercParis4/segments/20260623151041-w069-072/mesh/20260623151041-on-20260310170716-45.532um.tifxyz,transformed,1,0.999943,1.00006,1,0,0,True,reproduced_at_documented_scale,False,True,False
PHercParis4/segments/20260623151729-w073-076,PHercParis4,1.129um-0.23m-78keV-volume-20260608103018-L1.zarr,PHercParis4/segments/20260623151729-w073-076/surface-volumes/1.129um-0.23m-78keV-volume-20260608103018-L1.zarr,zarr,True,layers-zarr,"186150,52170","116,52170,186150",True,1,/volumes/esrf/20260311/1.129um_mosaic_PHerc_Paris4_ROI-1_masked.zarr/,True,True,6,6,not_reproduced_from_any_published_variant,2,PHercParis4/segments/20260623151729-w073-076/mesh/intermediate/tifxyz_normalized,tifxyz_normalized,0.5,,,,4,7.32308e-05,,reproduced_at_documented_scale,6,PHercParis4/segments/20260623151729-w073-076/mesh/20260623151729-on-20260608103018-1.129um.tifxyz,transformed,0.5,0.499999,0.500001,0.5,0,0,True,reproduced_at_documented_scale,False,False,False
PHercParis4/segments/20260623151729-w073-076,PHercParis4,2.4um-0.22m-78keV-volume-20260411134726.zarr,PHercParis4/segments/20260623151729-w073-076/surface-volumes/2.4um-0.22m-78keV-volume-20260411134726.zarr,zarr,True,layers-zarr,"175280,49120","109,49120,175280",True,0,/volumes/esrf/20260311/2.4um_PHerc-Paris4_masked.zarr/,True,True,6,6,reproduced_at_another_scale,2,PHercParis4/segments/20260623151729-w073-076/mesh/intermediate/tifxyz_normalized,tifxyz_normalized,1,3.99999,4.00001,4,0,0,,reproduced_at_documented_scale,6,PHercParis4/segments/20260623151729-w073-076/mesh/20260623151729-on-20260411134726-2.4um.tifxyz,transformed,1,0.999997,1,1,0,0,True,reproduced_at_documented_scale,False,True,False
PHercParis4/segments/20260623151729-w073-076,PHercParis4,45.532um-11.0m-74keV-volume-20260310170716.zarr,PHercParis4/segments/20260623151729-w073-076/surface-volumes/45.532um-11.0m-74keV-volume-20260310170716.zarr,zarr,True,layers-zarr,"9240,2600","6,2600,9240",True,0,/volumes/esrf/20260311/45.532um_PHerc-Paris4_ID17-mokup_0001_masked.zarr/,True,True,6,6,not_reproduced_from_any_published_variant,2,PHercParis4/segments/20260623151729-w073-076/mesh/intermediate/tifxyz_flattened,tifxyz_flattened,1,,,,4,0.00174987,,reproduced_at_documented_scale,6,PHercParis4/segments/20260623151729-w073-076/mesh/20260623151729-on-20260310170716-45.532um.tifxyz,transformed,1,0.999946,1.00005,1,0,0,True,reproduced_at_documented_scale,False,True,False
PHercParis4/segments/20260623152443-w077-080,PHercParis4,1.129um-0.23m-78keV-volume-20260608103018-L1.zarr,PHercParis4/segments/20260623152443-w077-080/surface-volumes/1.129um-0.23m-78keV-volume-20260608103018-L1.zarr,zarr,True,layers-zarr,"196590,52250","116,52250,196590",True,1,/volumes/esrf/20260311/1.129um_mosaic_PHerc_Paris4_ROI-1_masked.zarr/,True,True,6,6,not_reproduced_from_any_published_variant,2,PHercParis4/segments/20260623152443-w077-080/mesh/intermediate/tifxyz_normalized,tifxyz_normalized,0.5,,,,1,3.01895e-05,,reproduced_at_documented_scale,6,PHercParis4/segments/20260623152443-w077-080/mesh/20260623152443-on-20260608103018-1.129um.tifxyz,transformed,0.5,0.499999,0.500001,0.5,0,0,True,reproduced_at_documented_scale,False,False,False
PHercParis4/segments/20260623152443-w077-080,PHercParis4,2.4um-0.22m-78keV-volume-20260411134726.zarr,PHercParis4/segments/20260623152443-w077-080/surface-volumes/2.4um-0.22m-78keV-volume-20260411134726.zarr,zarr,True,layers-zarr,"185120,49200","109,49200,185120",True,0,/volumes/esrf/20260311/2.4um_PHerc-Paris4_masked.zarr/,True,True,6,6,reproduced_at_another_scale,2,PHercParis4/segments/20260623152443-w077-080/mesh/intermediate/tifxyz_normalized,tifxyz_normalized,1,3.99999,4.00001,4,0,0,,reproduced_at_documented_scale,6,PHercParis4/segments/20260623152443-w077-080/mesh/20260623152443-on-20260411134726-2.4um.tifxyz,transformed,1,0.999997,1,1,0,0,True,reproduced_at_documented_scale,False,True,False
PHercParis4/segments/20260623152443-w077-080,PHercParis4,45.532um-11.0m-74keV-volume-20260310170716.zarr,PHercParis4/segments/20260623152443-w077-080/surface-volumes/45.532um-11.0m-74keV-volume-20260310170716.zarr,zarr,True,layers-zarr,"9760,2600","6,2600,9760",True,0,/volumes/esrf/20260311/45.532um_PHerc-Paris4_ID17-mokup_0001_masked.zarr/,True,True,6,6,reproduced_at_another_scale,2,PHercParis4/segments/20260623152443-w077-080/mesh/intermediate/tifxyz_flattened,tifxyz_flattened,1,0.210697,0.210719,,0,5.3142e-05,,reproduced_at_documented_scale,6,PHercParis4/segments/20260623152443-w077-080/mesh/20260623152443-on-20260310170716-45.532um.tifxyz,transformed,1,0.999949,1.00005,1,0,0,True,reproduced_at_documented_scale,False,True,False
PHercParis4/segments/20260623153216-w081-084,PHercParis4,1.129um-0.23m-78keV-volume-20260608103018-L1.zarr,PHercParis4/segments/20260623153216-w081-084/surface-volumes/1.129um-0.23m-78keV-volume-20260608103018-L1.zarr,zarr,True,layers-zarr,"208410,52590","116,52590,208410",True,1,/volumes/esrf/20260311/1.129um_mosaic_PHerc_Paris4_ROI-1_masked.zarr/,True,True,6,6,not_reproduced_from_any_published_variant,2,PHercParis4/segments/20260623153216-w081-084/mesh/intermediate/tifxyz_normalized,tifxyz_normalized,0.5,,,,1,1.95344e-05,,reproduced_at_documented_scale,6,PHercParis4/segments/20260623153216-w081-084/mesh/20260623153216-on-20260608103018-1.129um.tifxyz,transformed,0.5,0.499999,0.500001,0.5,0,0,True,reproduced_at_documented_scale,False,False,False
PHercParis4/segments/20260623153216-w081-084,PHercParis4,2.4um-0.22m-78keV-volume-20260411134726.zarr,PHercParis4/segments/20260623153216-w081-084/surface-volumes/2.4um-0.22m-78keV-volume-20260411134726.zarr,zarr,True,layers-zarr,"196240,49520","109,49520,196240",True,0,/volumes/esrf/20260311/2.4um_PHerc-Paris4_masked.zarr/,True,True,6,6,reproduced_at_another_scale,2,PHercParis4/segments/20260623153216-w081-084/mesh/intermediate/tifxyz_normalized,tifxyz_normalized,1,3.99999,4.00001,4,0,0,,reproduced_at_documented_scale,6,PHercParis4/segments/20260623153216-w081-084/mesh/20260623153216-on-20260411134726-2.4um.tifxyz,transformed,1,0.999997,1,1,0,0,True,reproduced_at_documented_scale,False,True,False
PHercParis4/segments/20260623153216-w081-084,PHercParis4,45.532um-11.0m-74keV-volume-20260310170716.zarr,PHercParis4/segments/20260623153216-w081-084/surface-volumes/45.532um-11.0m-74keV-volume-20260310170716.zarr,zarr,True,layers-zarr,"10360,2620","6,2620,10360",True,0,/volumes/esrf/20260311/45.532um_PHerc-Paris4_ID17-mokup_0001_masked.zarr/,True,True,6,6,reproduced_at_another_scale,2,PHercParis4/segments/20260623153216-w081-084/mesh/intermediate/tifxyz_flattened,tifxyz_flattened,1,0.210988,0.21099,,0,0.000226987,,reproduced_at_documented_scale,6,PHercParis4/segments/20260623153216-w081-084/mesh/20260623153216-on-20260310170716-45.532um.tifxyz,transformed,1,0.999952,1.00005,1,0,0,True,reproduced_at_documented_scale,False,True,False
PHercParis4/segments/20260623154006-w085-088,PHercParis4,1.129um-0.23m-78keV-volume-20260608103018-L1.zarr,PHercParis4/segments/20260623154006-w085-088/surface-volumes/1.129um-0.23m-78keV-volume-20260608103018-L1.zarr,zarr,True,layers-zarr,"219620,52850","116,52850,219620",True,1,/volumes/esrf/20260311/1.129um_mosaic_PHerc_Paris4_ROI-1_masked.zarr/,True,True,6,6,not_reproduced_from_any_published_variant,2,PHercParis4/segments/20260623154006-w085-088/mesh/intermediate/tifxyz_normalized,tifxyz_normalized,0.5,,,,5,9.96313e-05,,reproduced_at_documented_scale,6,PHercParis4/segments/20260623154006-w085-088/mesh/20260623154006-on-20260608103018-1.129um.tifxyz,transformed,0.5,0.499999,0.500001,0.5,0,0,True,reproduced_at_documented_scale,False,False,False
PHercParis4/segments/20260623154006-w085-088,PHercParis4,2.4um-0.22m-78keV-volume-20260411134726.zarr,PHercParis4/segments/20260623154006-w085-088/surface-volumes/2.4um-0.22m-78keV-volume-20260411134726.zarr,zarr,True,layers-zarr,"206800,49760","109,49760,206800",True,0,/volumes/esrf/20260311/2.4um_PHerc-Paris4_masked.zarr/,True,True,6,6,reproduced_at_another_scale,2,PHercParis4/segments/20260623154006-w085-088/mesh/intermediate/tifxyz_normalized,tifxyz_normalized,1,3.99999,4.00001,4,0,0,,reproduced_at_documented_scale,6,PHercParis4/segments/20260623154006-w085-088/mesh/20260623154006-on-20260411134726-2.4um.tifxyz,transformed,1,0.999998,1,1,0,0,True,reproduced_at_documented_scale,False,True,False
PHercParis4/segments/20260623154006-w085-088,PHercParis4,45.532um-11.0m-74keV-volume-20260310170716.zarr,PHercParis4/segments/20260623154006-w085-088/surface-volumes/45.532um-11.0m-74keV-volume-20260310170716.zarr,zarr,True,layers-zarr,"10900,2620","6,2620,10900",True,0,/volumes/esrf/20260311/45.532um_PHerc-Paris4_ID17-mokup_0001_masked.zarr/,True,True,6,6,not_reproduced_from_any_published_variant,2,PHercParis4/segments/20260623154006-w085-088/mesh/intermediate/tifxyz_normalized,tifxyz_normalized,1,,,,3,0.00104833,,reproduced_at_documented_scale,6,PHercParis4/segments/20260623154006-w085-088/mesh/20260623154006-on-20260310170716-45.532um.tifxyz,transformed,1,0.999954,1.00005,1,0,0,True,reproduced_at_documented_scale,False,True,False
PHercParis4/segments/20260623154617-w089-091,PHercParis4,1.129um-0.23m-78keV-volume-20260608103018-L1.zarr,PHercParis4/segments/20260623154617-w089-091/surface-volumes/1.129um-0.23m-78keV-volume-20260608103018-L1.zarr,zarr,True,layers-zarr,"174680,52680","116,52680,174680",True,1,/volumes/esrf/20260311/1.129um_mosaic_PHerc_Paris4_ROI-1_masked.zarr/,True,True,6,6,not_reproduced_from_any_published_variant,2,PHercParis4/segments/20260623154617-w089-091/mesh/intermediate/tifxyz_normalized,tifxyz_normalized,0.5,,,,4,7.82999e-05,,reproduced_at_documented_scale,6,PHercParis4/segments/20260623154617-w089-091/mesh/20260623154617-on-20260608103018-1.129um.tifxyz,transformed,0.5,0.499999,0.500001,0.5,0,0,True,reproduced_at_documented_scale,False,False,False
PHercParis4/segments/20260623154617-w089-091,PHercParis4,2.4um-0.22m-78keV-volume-20260411134726.zarr,PHercParis4/segments/20260623154617-w089-091/surface-volumes/2.4um-0.22m-78keV-volume-20260411134726.zarr,zarr,True,layers-zarr,"164480,49600","109,49600,164480",True,0,/volumes/esrf/20260311/2.4um_PHerc-Paris4_masked.zarr/,True,True,6,6,reproduced_at_another_scale,2,PHercParis4/segments/20260623154617-w089-091/mesh/intermediate/tifxyz_normalized,tifxyz_normalized,1,3.99999,4.00001,4,0,0,,reproduced_at_documented_scale,6,PHercParis4/segments/20260623154617-w089-091/mesh/20260623154617-on-20260411134726-2.4um.tifxyz,transformed,1,0.999997,1,1,0,0,True,reproduced_at_documented_scale,False,True,False
PHercParis4/segments/20260623154617-w089-091,PHercParis4,45.532um-11.0m-74keV-volume-20260310170716.zarr,PHercParis4/segments/20260623154617-w089-091/surface-volumes/45.532um-11.0m-74keV-volume-20260310170716.zarr,zarr,True,layers-zarr,"8680,2620","6,2620,8680",True,0,/volumes/esrf/20260311/45.532um_PHerc-Paris4_ID17-mokup_0001_masked.zarr/,True,True,6,6,not_reproduced_from_any_published_variant,2,PHercParis4/segments/20260623154617-w089-091/mesh/intermediate/tifxyz_normalized,tifxyz_normalized,1,,,,2,0.00095139,,reproduced_at_documented_scale,6,PHercParis4/segments/20260623154617-w089-091/mesh/20260623154617-on-20260310170716-45.532um.tifxyz,transformed,1,0.999942,1.00006,1,0,0,True,reproduced_at_documented_scale,False,True,False
PHercParis4/segments/20260623155240-w092-094,PHercParis4,1.129um-0.23m-78keV-volume-20260608103018-L1.zarr,PHercParis4/segments/20260623155240-w092-094/surface-volumes/1.129um-0.23m-78keV-volume-20260608103018-L1.zarr,zarr,True,layers-zarr,"180790,52760","116,52760,180790",True,1,/volumes/esrf/20260311/1.129um_mosaic_PHerc_Paris4_ROI-1_masked.zarr/,True,True,6,6,not_reproduced_from_any_published_variant,2,PHercParis4/segments/20260623155240-w092-094/mesh/intermediate/tifxyz_normalized,tifxyz_normalized,0.5,,,,1,2.396e-05,,reproduced_at_documented_scale,6,PHercParis4/segments/20260623155240-w092-094/mesh/20260623155240-on-20260608103018-1.129um.tifxyz,transformed,0.5,0.499999,0.500001,0.5,0,0,True,reproduced_at_documented_scale,False,False,False
PHercParis4/segments/20260623155240-w092-094,PHercParis4,2.4um-0.22m-78keV-volume-20260411134726.zarr,PHercParis4/segments/20260623155240-w092-094/surface-volumes/2.4um-0.22m-78keV-volume-20260411134726.zarr,zarr,True,layers-zarr,"170240,49680","109,49680,170240",True,0,/volumes/esrf/20260311/2.4um_PHerc-Paris4_masked.zarr/,True,True,6,6,reproduced_at_another_scale,2,PHercParis4/segments/20260623155240-w092-094/mesh/intermediate/tifxyz_normalized,tifxyz_normalized,1,3.99999,4.00001,4,0,0,,reproduced_at_documented_scale,6,PHercParis4/segments/20260623155240-w092-094/mesh/20260623155240-on-20260411134726-2.4um.tifxyz,transformed,1,0.999997,1,1,0,0,True,reproduced_at_documented_scale,False,True,False
PHercParis4/segments/20260623155240-w092-094,PHercParis4,45.532um-11.0m-74keV-volume-20260310170716.zarr,PHercParis4/segments/20260623155240-w092-094/surface-volumes/45.532um-11.0m-74keV-volume-20260310170716.zarr,zarr,True,layers-zarr,"8980,2620","6,2620,8980",True,0,/volumes/esrf/20260311/45.532um_PHerc-Paris4_ID17-mokup_0001_masked.zarr/,True,True,6,6,reproduced_at_another_scale,2,PHercParis4/segments/20260623155240-w092-094/mesh/intermediate/tifxyz_normalized,tifxyz_normalized,1,0.210984,0.21099,,0,0.00021882,,reproduced_at_documented_scale,6,PHercParis4/segments/20260623155240-w092-094/mesh/20260623155240-on-20260310170716-45.532um.tifxyz,transformed,1,0.999944,1.00006,1,0,0,True,reproduced_at_documented_scale,False,True,False
PHercParis4/segments/20260623155914-w095-097,PHercParis4,2.4um-0.22m-78keV-volume-20260411134726.zarr,PHercParis4/segments/20260623155914-w095-097/surface-volumes/2.4um-0.22m-78keV-volume-20260411134726.zarr,zarr,True,layers-zarr,"175440,49600","109,49600,175440",True,0,/volumes/esrf/20260311/2.4um_PHerc-Paris4_masked.zarr/,True,True,5,5,reproduced_at_another_scale,2,PHercParis4/segments/20260623155914-w095-097/mesh/intermediate/tifxyz_normalized,tifxyz_normalized,1,3.99999,4.00001,4,0,0,,reproduced_at_documented_scale,5,PHercParis4/segments/20260623155914-w095-097/mesh/20260623155914-on-20260411134726-2.4um.tifxyz,transformed,1,0.999997,1,1,0,0,True,reproduced_at_documented_scale,False,True,False
PHercParis4/segments/20260623155914-w095-097,PHercParis4,45.532um-11.0m-74keV-volume-20260310170716.zarr,PHercParis4/segments/20260623155914-w095-097/surface-volumes/45.532um-11.0m-74keV-volume-20260310170716.zarr,zarr,True,layers-zarr,"9260,2620","6,2620,9260",True,0,/volumes/esrf/20260311/45.532um_PHerc-Paris4_ID17-mokup_0001_masked.zarr/,True,True,5,5,not_reproduced_from_any_published_variant,2,PHercParis4/segments/20260623155914-w095-097/mesh/intermediate/tifxyz_normalized,tifxyz_normalized,1,,,,2,0.000776841,,reproduced_at_documented_scale,5,PHercParis4/segments/20260623155914-w095-097/mesh/20260623155914-on-20260310170716-45.532um.tifxyz,transformed,1,0.999946,1.00005,1,0,0,True,reproduced_at_documented_scale,False,True,False
PHercParis4/segments/20260623160554-w098-100,PHercParis4,2.4um-0.22m-78keV-volume-20260411134726.zarr,PHercParis4/segments/20260623160554-w098-100/surface-volumes/2.4um-0.22m-78keV-volume-20260411134726.zarr,zarr,True,layers-zarr,"179600,49360","109,49360,179600",True,0,/volumes/esrf/20260311/2.4um_PHerc-Paris4_masked.zarr/,True,True,5,5,reproduced_at_another_scale,2,PHercParis4/segments/20260623160554-w098-100/mesh/intermediate/tifxyz_normalized,tifxyz_normalized,1,3.99999,4.00001,4,0,0,,reproduced_at_documented_scale,5,PHercParis4/segments/20260623160554-w098-100/mesh/20260623160554-on-20260411134726-2.4um.tifxyz,transformed,1,0.999997,1,1,0,0,True,reproduced_at_documented_scale,False,True,False
PHercParis4/segments/20260623160554-w098-100,PHercParis4,45.532um-11.0m-74keV-volume-20260310170716.zarr,PHercParis4/segments/20260623160554-w098-100/surface-volumes/45.532um-11.0m-74keV-volume-20260310170716.zarr,zarr,True,layers-zarr,"9480,2600","6,2600,9480",True,0,/volumes/esrf/20260311/45.532um_PHerc-Paris4_ID17-mokup_0001_masked.zarr/,True,True,5,5,not_reproduced_from_any_published_variant,2,PHercParis4/segments/20260623160554-w098-100/mesh/intermediate/tifxyz_normalized,tifxyz_normalized,1,,,,5,0.00208326,,reproduced_at_documented_scale,5,PHercParis4/segments/20260623160554-w098-100/mesh/20260623160554-on-20260310170716-45.532um.tifxyz,transformed,1,0.999947,1.00005,1,0,0,True,reproduced_at_documented_scale,False,True,False
PHercParis4/segments/20260623161233-w101-103,PHercParis4,2.4um-0.22m-78keV-volume-20260411134726.zarr,PHercParis4/segments/20260623161233-w101-103/surface-volumes/2.4um-0.22m-78keV-volume-20260411134726.zarr,zarr,True,layers-zarr,"183040,49280","109,49280,183040",True,0,/volumes/esrf/20260311/2.4um_PHerc-Paris4_masked.zarr/,True,True,5,5,reproduced_at_another_scale,2,PHercParis4/segments/20260623161233-w101-103/mesh/intermediate/tifxyz_normalized,tifxyz_normalized,1,3.99999,4.00001,4,0,0,,reproduced_at_documented_scale,5,PHercParis4/segments/20260623161233-w101-103/mesh/20260623161233-on-20260411134726-2.4um.tifxyz,transformed,1,0.999997,1,1,0,0,True,reproduced_at_documented_scale,False,True,False
PHercParis4/segments/20260623161233-w101-103,PHercParis4,45.532um-11.0m-74keV-volume-20260310170716.zarr,PHercParis4/segments/20260623161233-w101-103/surface-volumes/45.532um-11.0m-74keV-volume-20260310170716.zarr,zarr,True,layers-zarr,"9660,2600","6,2600,9660",True,0,/volumes/esrf/20260311/45.532um_PHerc-Paris4_ID17-mokup_0001_masked.zarr/,True,True,5,5,not_reproduced_from_any_published_variant,2,PHercParis4/segments/20260623161233-w101-103/mesh/intermediate/tifxyz_normalized,tifxyz_normalized,1,,,,1,0.000295858,,reproduced_at_documented_scale,5,PHercParis4/segments/20260623161233-w101-103/mesh/20260623161233-on-20260310170716-45.532um.tifxyz,transformed,1,0.999948,1.00005,1,0,0,True,reproduced_at_documented_scale,False,True,False
PHercParis4/segments/20260623161921-w104-106,PHercParis4,45.532um-11.0m-74keV-volume-20260310170716.zarr,PHercParis4/segments/20260623161921-w104-106/surface-volumes/45.532um-11.0m-74keV-volume-20260310170716.zarr,zarr,True,layers-zarr,"9820,2640","6,2640,9820",True,0,/volumes/esrf/20260311/45.532um_PHerc-Paris4_ID17-mokup_0001_masked.zarr/,True,True,5,5,not_reproduced_from_any_published_variant,2,PHercParis4/segments/20260623161921-w104-106/mesh/intermediate/tifxyz_flattened,tifxyz_flattened,1,,,,3,0.00137189,,reproduced_at_documented_scale,5,PHercParis4/segments/20260623161921-w104-106/mesh/20260623161921-on-20260310170716-45.532um.tifxyz,transformed,1,0.999949,1.00005,1,0,0,True,reproduced_at_documented_scale,False,True,False
PHercParis4/segments/20260623162614-w107-109,PHercParis4,2.4um-0.22m-78keV-volume-20260411134726.zarr,PHercParis4/segments/20260623162614-w107-109/surface-volumes/2.4um-0.22m-78keV-volume-20260411134726.zarr,zarr,True,layers-zarr,"189280,50080","109,50080,189280",True,0,/volumes/esrf/20260311/2.4um_PHerc-Paris4_masked.zarr/,True,True,5,5,reproduced_at_another_scale,2,PHercParis4/segments/20260623162614-w107-109/mesh/intermediate/tifxyz_normalized,tifxyz_normalized,1,3.99999,4.00001,4,0,0,,reproduced_at_documented_scale,5,PHercParis4/segments/20260623162614-w107-109/mesh/20260623162614-on-20260411134726-2.4um.tifxyz,transformed,1,0.999997,1,1,0,0,True,reproduced_at_documented_scale,False,True,False
PHercParis4/segments/20260623162614-w107-109,PHercParis4,45.532um-11.0m-74keV-volume-20260310170716.zarr,PHercParis4/segments/20260623162614-w107-109/surface-volumes/45.532um-11.0m-74keV-volume-20260310170716.zarr,zarr,True,layers-zarr,"9980,2640","6,2640,9980",True,0,/volumes/esrf/20260311/45.532um_PHerc-Paris4_ID17-mokup_0001_masked.zarr/,True,True,5,5,reproduced_at_another_scale,2,PHercParis4/segments/20260623162614-w107-109/mesh/intermediate/tifxyz_normalized,tifxyz_normalized,1,0.210894,0.210903,,0,0.000198519,,reproduced_at_documented_scale,5,PHercParis4/segments/20260623162614-w107-109/mesh/20260623162614-on-20260310170716-45.532um.tifxyz,transformed,1,0.99995,1.00005,1,0,0,True,reproduced_at_documented_scale,False,True,False
PHercParis4/segments/20260623163339-w110-112,PHercParis4,2.4um-0.22m-78keV-volume-20260411134726.zarr,PHercParis4/segments/20260623163339-w110-112/surface-volumes/2.4um-0.22m-78keV-volume-20260411134726.zarr,zarr,True,layers-zarr,"192240,50160","109,50160,192240",True,0,/volumes/esrf/20260311/2.4um_PHerc-Paris4_masked.zarr/,True,True,5,5,reproduced_at_another_scale,2,PHercParis4/segments/20260623163339-w110-112/mesh/intermediate/tifxyz_normalized,tifxyz_normalized,1,3.99999,4.00001,4,0,0,,reproduced_at_documented_scale,5,PHercParis4/segments/20260623163339-w110-112/mesh/20260623163339-on-20260411134726-2.4um.tifxyz,transformed,1,0.999997,1,1,0,0,True,reproduced_at_documented_scale,False,True,False
PHercParis4/segments/20260623163339-w110-112,PHercParis4,45.532um-11.0m-74keV-volume-20260310170716.zarr,PHercParis4/segments/20260623163339-w110-112/surface-volumes/45.532um-11.0m-74keV-volume-20260310170716.zarr,zarr,True,layers-zarr,"10140,2640","6,2640,10140",True,0,/volumes/esrf/20260311/45.532um_PHerc-Paris4_ID17-mokup_0001_masked.zarr/,True,True,5,5,not_reproduced_from_any_published_variant,2,PHercParis4/segments/20260623163339-w110-112/mesh/intermediate/tifxyz_normalized,tifxyz_normalized,1,,,,6,0.00218477,,reproduced_at_documented_scale,5,PHercParis4/segments/20260623163339-w110-112/mesh/20260623163339-on-20260310170716-45.532um.tifxyz,transformed,1,0.999951,1.00005,1,0,0,True,reproduced_at_documented_scale,False,True,False
PHercParis4/segments/20260623164141-w113-115,PHercParis4,1.129um-0.23m-78keV-volume-20260608103018-L1.zarr,PHercParis4/segments/20260623164141-w113-115/surface-volumes/1.129um-0.23m-78keV-volume-20260608103018-L1.zarr,zarr,True,layers-zarr,"208320,53100","116,53100,208320",True,1,/volumes/esrf/20260311/1.129um_mosaic_PHerc_Paris4_ROI-1_masked.zarr/,True,True,6,6,reproduced_at_another_scale,2,PHercParis4/segments/20260623164141-w113-115/mesh/intermediate/tifxyz_normalized,tifxyz_normalized,0.5,4.24796,4.24797,,0,9.21659e-06,,reproduced_at_documented_scale,6,PHercParis4/segments/20260623164141-w113-115/mesh/20260623164141-on-20260608103018-1.129um.tifxyz,transformed,0.5,0.499999,0.500001,0.5,0,0,True,reproduced_at_documented_scale,False,False,False
PHercParis4/segments/20260623164141-w113-115,PHercParis4,2.4um-0.22m-78keV-volume-20260411134726.zarr,PHercParis4/segments/20260623164141-w113-115/surface-volumes/2.4um-0.22m-78keV-volume-20260411134726.zarr,zarr,True,layers-zarr,"196160,50000","109,50000,196160",True,0,/volumes/esrf/20260311/2.4um_PHerc-Paris4_masked.zarr/,True,True,6,6,reproduced_at_another_scale,2,PHercParis4/segments/20260623164141-w113-115/mesh/intermediate/tifxyz_normalized,tifxyz_normalized,1,3.99999,4.00001,4,0,0,,reproduced_at_documented_scale,6,PHercParis4/segments/20260623164141-w113-115/mesh/20260623164141-on-20260411134726-2.4um.tifxyz,transformed,1,0.999997,1,1,0,0,True,reproduced_at_documented_scale,False,True,False
PHercParis4/segments/20260623164141-w113-115,PHercParis4,45.532um-11.0m-74keV-volume-20260310170716.zarr,PHercParis4/segments/20260623164141-w113-115/surface-volumes/45.532um-11.0m-74keV-volume-20260310170716.zarr,zarr,True,layers-zarr,"10340,2640","6,2640,10340",True,0,/volumes/esrf/20260311/45.532um_PHerc-Paris4_ID17-mokup_0001_masked.zarr/,True,True,6,6,not_reproduced_from_any_published_variant,2,PHercParis4/segments/20260623164141-w113-115/mesh/intermediate/tifxyz_flattened,tifxyz_flattened,1,,,,2,0.000713121,,reproduced_at_documented_scale,6,PHercParis4/segments/20260623164141-w113-115/mesh/20260623164141-on-20260310170716-45.532um.tifxyz,transformed,1,0.999952,1.00005,1,0,0,True,reproduced_at_documented_scale,False,True,False
PHercParis4/segments/20260623164704-w116-117,PHercParis4,1.129um-0.23m-78keV-volume-20260608103018-L1.zarr,PHercParis4/segments/20260623164704-w116-117/surface-volumes/1.129um-0.23m-78keV-volume-20260608103018-L1.zarr,zarr,True,layers-zarr,"142390,52510","116,52510,142390",True,1,/volumes/esrf/20260311/1.129um_mosaic_PHerc_Paris4_ROI-1_masked.zarr/,True,True,6,6,not_reproduced_from_any_published_variant,2,PHercParis4/segments/20260623164704-w116-117/mesh/intermediate/tifxyz_normalized,tifxyz_normalized,0.5,,,,6,0.000110686,,reproduced_at_documented_scale,6,PHercParis4/segments/20260623164704-w116-117/mesh/20260623164704-on-20260608103018-1.129um.tifxyz,transformed,0.5,0.499998,0.500002,0.5,0,0,True,reproduced_at_documented_scale,False,False,False
PHercParis4/segments/20260623164704-w116-117,PHercParis4,2.4um-0.22m-78keV-volume-20260411134726.zarr,PHercParis4/segments/20260623164704-w116-117/surface-volumes/2.4um-0.22m-78keV-volume-20260411134726.zarr,zarr,True,layers-zarr,"134080,49440","109,49440,134080",True,0,/volumes/esrf/20260311/2.4um_PHerc-Paris4_masked.zarr/,True,True,6,6,reproduced_at_another_scale,2,PHercParis4/segments/20260623164704-w116-117/mesh/intermediate/tifxyz_normalized,tifxyz_normalized,1,3.99999,4.00001,4,0,0,,reproduced_at_documented_scale,6,PHercParis4/segments/20260623164704-w116-117/mesh/20260623164704-on-20260411134726-2.4um.tifxyz,transformed,1,0.999996,1,1,0,0,True,reproduced_at_documented_scale,False,True,False
PHercParis4/segments/20260623164704-w116-117,PHercParis4,45.532um-11.0m-74keV-volume-20260310170716.zarr,PHercParis4/segments/20260623164704-w116-117/surface-volumes/45.532um-11.0m-74keV-volume-20260310170716.zarr,zarr,True,layers-zarr,"7080,2600","6,2600,7080",True,0,/volumes/esrf/20260311/45.532um_PHerc-Paris4_ID17-mokup_0001_masked.zarr/,True,True,6,6,not_reproduced_from_any_published_variant,2,PHercParis4/segments/20260623164704-w116-117/mesh/intermediate/tifxyz_normalized,tifxyz_normalized,1,,,,10,0.004094,,reproduced_at_documented_scale,6,PHercParis4/segments/20260623164704-w116-117/mesh/20260623164704-on-20260310170716-45.532um.tifxyz,transformed,1,0.999929,1.00007,1,0,0,True,reproduced_at_documented_scale,False,True,False
PHercParis4/segments/20260623165230-w118-119,PHercParis4,1.129um-0.23m-78keV-volume-20260608103018-L1.zarr,PHercParis4/segments/20260623165230-w118-119/surface-volumes/1.129um-0.23m-78keV-volume-20260608103018-L1.zarr,zarr,True,layers-zarr,"143580,52080","116,52080,143580",True,1,/volumes/esrf/20260311/1.129um_mosaic_PHerc_Paris4_ROI-1_masked.zarr/,True,True,6,6,reproduced_at_another_scale,2,PHercParis4/segments/20260623165230-w118-119/mesh/intermediate/tifxyz_normalized,tifxyz_normalized,0.5,4.24792,4.24794,,0,7.49876e-06,,reproduced_at_documented_scale,6,PHercParis4/segments/20260623165230-w118-119/mesh/20260623165230-on-20260608103018-1.129um.tifxyz,transformed,0.5,0.499998,0.500002,0.5,0,0,True,reproduced_at_documented_scale,False,False,False
PHercParis4/segments/20260623165230-w118-119,PHercParis4,2.4um-0.22m-78keV-volume-20260411134726.zarr,PHercParis4/segments/20260623165230-w118-119/surface-volumes/2.4um-0.22m-78keV-volume-20260411134726.zarr,zarr,True,layers-zarr,"135200,49040","109,49040,135200",True,0,/volumes/esrf/20260311/2.4um_PHerc-Paris4_masked.zarr/,True,True,6,6,reproduced_at_another_scale,2,PHercParis4/segments/20260623165230-w118-119/mesh/intermediate/tifxyz_normalized,tifxyz_normalized,1,3.99999,4.00001,4,0,0,,reproduced_at_documented_scale,6,PHercParis4/segments/20260623165230-w118-119/mesh/20260623165230-on-20260411134726-2.4um.tifxyz,transformed,1,0.999996,1,1,0,0,True,reproduced_at_documented_scale,False,True,False
PHercParis4/segments/20260623165230-w118-119,PHercParis4,45.532um-11.0m-74keV-volume-20260310170716.zarr,PHercParis4/segments/20260623165230-w118-119/surface-volumes/45.532um-11.0m-74keV-volume-20260310170716.zarr,zarr,True,layers-zarr,"7140,2580","6,2580,7140",True,0,/volumes/esrf/20260311/45.532um_PHerc-Paris4_ID17-mokup_0001_masked.zarr/,True,True,6,6,not_reproduced_from_any_published_variant,2,PHercParis4/segments/20260623165230-w118-119/mesh/intermediate/tifxyz_normalized,tifxyz_normalized,1,,,,10,0.00381175,,reproduced_at_documented_scale,6,PHercParis4/segments/20260623165230-w118-119/mesh/20260623165230-on-20260310170716-45.532um.tifxyz,transformed,1,0.99993,1.00007,1,0,0,True,reproduced_at_documented_scale,False,True,False
PHercParis4/segments/20260623165742-w120-121,PHercParis4,1.129um-0.23m-78keV-volume-20260608103018-L1.zarr,PHercParis4/segments/20260623165742-w120-121/surface-volumes/1.129um-0.23m-78keV-volume-20260608103018-L1.zarr,zarr,True,layers-zarr,"144690,51570","116,51570,144690",True,1,/volumes/esrf/20260311/1.129um_mosaic_PHerc_Paris4_ROI-1_masked.zarr/,True,True,6,6,not_reproduced_from_any_published_variant,2,PHercParis4/segments/20260623165742-w120-121/mesh/intermediate/tifxyz_normalized,tifxyz_normalized,0.5,,,,2,3.55257e-05,,reproduced_at_documented_scale,6,PHercParis4/segments/20260623165742-w120-121/mesh/20260623165742-on-20260608103018-1.129um.tifxyz,transformed,0.5,0.499998,0.500002,0.5,0,0,True,reproduced_at_documented_scale,False,False,False
PHercParis4/segments/20260623165742-w120-121,PHercParis4,2.4um-0.22m-78keV-volume-20260411134726.zarr,PHercParis4/segments/20260623165742-w120-121/surface-volumes/2.4um-0.22m-78keV-volume-20260411134726.zarr,zarr,True,layers-zarr,"136240,48560","109,48560,136240",True,0,/volumes/esrf/20260311/2.4um_PHerc-Paris4_masked.zarr/,True,True,6,6,reproduced_at_another_scale,2,PHercParis4/segments/20260623165742-w120-121/mesh/intermediate/tifxyz_normalized,tifxyz_normalized,1,3.99999,4.00001,4,0,0,,reproduced_at_documented_scale,6,PHercParis4/segments/20260623165742-w120-121/mesh/20260623165742-on-20260411134726-2.4um.tifxyz,transformed,1,0.999996,1,1,0,0,True,reproduced_at_documented_scale,False,True,False
PHercParis4/segments/20260623165742-w120-121,PHercParis4,45.532um-11.0m-74keV-volume-20260310170716.zarr,PHercParis4/segments/20260623165742-w120-121/surface-volumes/45.532um-11.0m-74keV-volume-20260310170716.zarr,zarr,True,layers-zarr,"7180,2560","6,2560,7180",True,0,/volumes/esrf/20260311/45.532um_PHerc-Paris4_ID17-mokup_0001_masked.zarr/,True,True,6,6,not_reproduced_from_any_published_variant,2,PHercParis4/segments/20260623165742-w120-121/mesh/intermediate/tifxyz_normalized,tifxyz_normalized,1,,,,1,0.000325818,,reproduced_at_documented_scale,6,PHercParis4/segments/20260623165742-w120-121/mesh/20260623165742-on-20260310170716-45.532um.tifxyz,transformed,1,0.99993,1.00007,1,0,0,True,reproduced_at_documented_scale,False,True,False
PHercParis4/segments/20260623170305-w122-123,PHercParis4,1.129um-0.23m-78keV-volume-20260608103018-L1.zarr,PHercParis4/segments/20260623170305-w122-123/surface-volumes/1.129um-0.23m-78keV-volume-20260608103018-L1.zarr,zarr,True,layers-zarr,"145370,51490","116,51490,145370",True,1,/volumes/esrf/20260311/1.129um_mosaic_PHerc_Paris4_ROI-1_masked.zarr/,True,True,6,6,not_reproduced_from_any_published_variant,2,PHercParis4/segments/20260623170305-w122-123/mesh/intermediate/tifxyz_normalized,tifxyz_normalized,0.5,,,,3,5.86872e-05,,reproduced_at_documented_scale,6,PHercParis4/segments/20260623170305-w122-123/mesh/20260623170305-on-20260608103018-1.129um.tifxyz,transformed,0.5,0.499998,0.500002,0.5,0,0,True,reproduced_at_documented_scale,False,False,False
PHercParis4/segments/20260623170305-w122-123,PHercParis4,2.4um-0.22m-78keV-volume-20260411134726.zarr,PHercParis4/segments/20260623170305-w122-123/surface-volumes/2.4um-0.22m-78keV-volume-20260411134726.zarr,zarr,True,layers-zarr,"136880,48480","109,48480,136880",True,0,/volumes/esrf/20260311/2.4um_PHerc-Paris4_masked.zarr/,True,True,6,6,reproduced_at_another_scale,2,PHercParis4/segments/20260623170305-w122-123/mesh/intermediate/tifxyz_normalized,tifxyz_normalized,1,3.99999,4.00001,4,0,0,,reproduced_at_documented_scale,6,PHercParis4/segments/20260623170305-w122-123/mesh/20260623170305-on-20260411134726-2.4um.tifxyz,transformed,1,0.999996,1,1,0,0,True,reproduced_at_documented_scale,False,True,False
PHercParis4/segments/20260623170305-w122-123,PHercParis4,45.532um-11.0m-74keV-volume-20260310170716.zarr,PHercParis4/segments/20260623170305-w122-123/surface-volumes/45.532um-11.0m-74keV-volume-20260310170716.zarr,zarr,True,layers-zarr,"7220,2560","6,2560,7220",True,0,/volumes/esrf/20260311/45.532um_PHerc-Paris4_ID17-mokup_0001_masked.zarr/,True,True,6,6,not_reproduced_from_any_published_variant,2,PHercParis4/segments/20260623170305-w122-123/mesh/intermediate/tifxyz_normalized,tifxyz_normalized,1,,,,3,0.0011062,,reproduced_at_documented_scale,6,PHercParis4/segments/20260623170305-w122-123/mesh/20260623170305-on-20260310170716-45.532um.tifxyz,transformed,1,0.999931,1.00007,1,0,0,True,reproduced_at_documented_scale,False,True,False
PHercParis4/segments/20260623170833-w124-125,PHercParis4,2.4um-0.22m-78keV-volume-20260411134726.zarr,PHercParis4/segments/20260623170833-w124-125/surface-volumes/2.4um-0.22m-78keV-volume-20260411134726.zarr,zarr,True,layers-zarr,"139200,50640","109,50640,139200",True,0,/volumes/esrf/20260311/2.4um_PHerc-Paris4_masked.zarr/,True,True,5,5,reproduced_at_another_scale,2,PHercParis4/segments/20260623170833-w124-125/mesh/intermediate/tifxyz_normalized,tifxyz_normalized,1,3.99999,4.00001,4,0,0,,reproduced_at_documented_scale,5,PHercParis4/segments/20260623170833-w124-125/mesh/20260623170833-on-20260411134726-2.4um.tifxyz,transformed,1,0.999996,1,1,0,0,True,reproduced_at_documented_scale,False,True,False
PHercParis4/segments/20260623170833-w124-125,PHercParis4,45.532um-11.0m-74keV-volume-20260310170716.zarr,PHercParis4/segments/20260623170833-w124-125/surface-volumes/45.532um-11.0m-74keV-volume-20260310170716.zarr,zarr,True,layers-zarr,"7340,2680","6,2680,7340",True,0,/volumes/esrf/20260311/45.532um_PHerc-Paris4_ID17-mokup_0001_masked.zarr/,True,True,5,5,not_reproduced_from_any_published_variant,2,PHercParis4/segments/20260623170833-w124-125/mesh/intermediate/tifxyz_flattened,tifxyz_flattened,1,,,,4,0.00164346,,reproduced_at_documented_scale,5,PHercParis4/segments/20260623170833-w124-125/mesh/20260623170833-on-20260310170716-45.532um.tifxyz,transformed,1,0.999932,1.00007,1,0,0,True,reproduced_at_documented_scale,False,True,False
PHercParis4/segments/20260623171400-w126-127,PHercParis4,2.4um-0.22m-78keV-volume-20260411134726.zarr,PHercParis4/segments/20260623171400-w126-127/surface-volumes/2.4um-0.22m-78keV-volume-20260411134726.zarr,zarr,True,layers-zarr,"152880,63120","109,63120,152880",True,0,/volumes/esrf/20260311/2.4um_PHerc-Paris4_masked.zarr/,True,True,5,5,reproduced_at_another_scale,2,PHercParis4/segments/20260623171400-w126-127/mesh/intermediate/tifxyz_normalized,tifxyz_normalized,1,3.99999,4.00001,4,0,0,,reproduced_at_documented_scale,5,PHercParis4/segments/20260623171400-w126-127/mesh/20260623171400-on-20260411134726-2.4um.tifxyz,transformed,1,0.999997,1,1,0,0,True,reproduced_at_documented_scale,False,True,False
PHercParis4/segments/20260623171400-w126-127,PHercParis4,45.532um-11.0m-74keV-volume-20260310170716.zarr,PHercParis4/segments/20260623171400-w126-127/surface-volumes/45.532um-11.0m-74keV-volume-20260310170716.zarr,zarr,True,layers-zarr,"8060,3340","6,3340,8060",True,0,/volumes/esrf/20260311/45.532um_PHerc-Paris4_ID17-mokup_0001_masked.zarr/,True,True,5,5,not_reproduced_from_any_published_variant,2,PHercParis4/segments/20260623171400-w126-127/mesh/intermediate/tifxyz_flattened,tifxyz_flattened,1,,,,6,0.00175231,,reproduced_at_documented_scale,5,PHercParis4/segments/20260623171400-w126-127/mesh/20260623171400-on-20260310170716-45.532um.tifxyz,transformed,1,0.999938,1.00006,1,0,0,True,reproduced_at_documented_scale,False,True,False
PHercParis4/segments/20260623171929-w128-129,PHercParis4,2.4um-0.22m-78keV-volume-20260411134726.zarr,PHercParis4/segments/20260623171929-w128-129/surface-volumes/2.4um-0.22m-78keV-volume-20260411134726.zarr,zarr,True,layers-zarr,"155760,70560","109,70560,155760",True,0,/volumes/esrf/20260311/2.4um_PHerc-Paris4_masked.zarr/,True,True,5,5,reproduced_at_another_scale,2,PHercParis4/segments/20260623171929-w128-129/mesh/intermediate/tifxyz_normalized,tifxyz_normalized,1,3.99999,4.00001,4,0,0,,reproduced_at_documented_scale,5,PHercParis4/segments/20260623171929-w128-129/mesh/20260623171929-on-20260411134726-2.4um.tifxyz,transformed,1,0.999997,1,1,0,0,True,reproduced_at_documented_scale,False,True,False
PHercParis4/segments/20260623171929-w128-129,PHercParis4,45.532um-11.0m-74keV-volume-20260310170716.zarr,PHercParis4/segments/20260623171929-w128-129/surface-volumes/45.532um-11.0m-74keV-volume-20260310170716.zarr,zarr,True,layers-zarr,"8220,3720","6,3720,8220",True,0,/volumes/esrf/20260311/45.532um_PHerc-Paris4_ID17-mokup_0001_masked.zarr/,True,True,5,5,not_reproduced_from_any_published_variant,2,PHercParis4/segments/20260623171929-w128-129/mesh/intermediate/tifxyz_normalized,tifxyz_normalized,1,,,,3,0.000994085,,reproduced_at_documented_scale,5,PHercParis4/segments/20260623171929-w128-129/mesh/20260623171929-on-20260310170716-45.532um.tifxyz,transformed,1,0.999939,1.00006,1,0,0,True,reproduced_at_documented_scale,False,True,False
PHercParis4/segments/20260701183124-w010-027,PHercParis4,2.4um-0.22m-78keV-volume-20260411134726.zarr,PHercParis4/segments/20260701183124-w010-027/surface-volumes/2.4um-0.22m-78keV-volume-20260411134726.zarr,zarr,True,layers-zarr,"170000,69760","109,69760,170000",True,0,/volumes/esrf/20260311/2.4um_PHerc-Paris4_masked.zarr/,True,True,5,5,reproduced_at_another_scale,2,PHercParis4/segments/20260701183124-w010-027/mesh/intermediate/tifxyz_normalized,tifxyz_normalized,1,3.99999,4.00001,4,0,0,,reproduced_at_documented_scale,5,PHercParis4/segments/20260701183124-w010-027/mesh/20260701183124-on-20260411134726-2.4um.tifxyz,transformed,1,0.999997,1,1,0,0,True,reproduced_at_documented_scale,False,True,False
PHercParis4/segments/20260701183124-w010-027,PHercParis4,45.532um-11.0m-74keV-volume-20260310170716.zarr,PHercParis4/segments/20260701183124-w010-027/surface-volumes/45.532um-11.0m-74keV-volume-20260310170716.zarr,zarr,True,layers-zarr,"8960,3680","6,3680,8960",True,0,/volumes/esrf/20260311/45.532um_PHerc-Paris4_ID17-mokup_0001_masked.zarr/,True,True,5,5,not_reproduced_from_any_published_variant,2,PHercParis4/segments/20260701183124-w010-027/mesh/intermediate/tifxyz_normalized,tifxyz_normalized,1,,,,3,0.00088057,,reproduced_at_documented_scale,5,PHercParis4/segments/20260701183124-w010-027/mesh/20260701183124-on-20260310170716-45.532um.tifxyz,transformed,1,0.999944,1.00006,1,0,0,True,reproduced_at_documented_scale,False,True,False
PHercParis4/segments/20260701183125-w028-037,PHercParis4,2.4um-0.22m-78keV-volume-20260411134726.zarr,PHercParis4/segments/20260701183125-w028-037/surface-volumes/2.4um-0.22m-78keV-volume-20260411134726.zarr,zarr,True,layers-zarr,"174640,71600","109,71600,174640",True,0,/volumes/esrf/20260311/2.4um_PHerc-Paris4_masked.zarr/,True,True,5,5,reproduced_at_another_scale,2,PHercParis4/segments/20260701183125-w028-037/mesh/intermediate/tifxyz_normalized,tifxyz_normalized,1,3.99999,4.00001,4,0,0,,reproduced_at_documented_scale,5,PHercParis4/segments/20260701183125-w028-037/mesh/20260701183125-on-20260411134726-2.4um.tifxyz,transformed,1,0.999997,1,1,0,0,True,reproduced_at_documented_scale,False,True,False
PHercParis4/segments/20260701183125-w028-037,PHercParis4,45.532um-11.0m-74keV-volume-20260310170716.zarr,PHercParis4/segments/20260701183125-w028-037/surface-volumes/45.532um-11.0m-74keV-volume-20260310170716.zarr,zarr,True,layers-zarr,"9220,3780","6,3780,9220",True,0,/volumes/esrf/20260311/45.532um_PHerc-Paris4_ID17-mokup_0001_masked.zarr/,True,True,5,5,reproduced_at_another_scale,2,PHercParis4/segments/20260701183125-w028-037/mesh/intermediate/tifxyz_normalized,tifxyz_normalized,1,0.211166,0.211189,,0,1.93898e-05,,reproduced_at_documented_scale,5,PHercParis4/segments/20260701183125-w028-037/mesh/20260701183125-on-20260310170716-45.532um.tifxyz,transformed,1,0.999946,1.00005,1,0,0,True,reproduced_at_documented_scale,False,True,False
PHercParis4/segments/20260701183126-w038-045,PHercParis4,2.4um-0.22m-78keV-volume-20260411134726.zarr,PHercParis4/segments/20260701183126-w038-045/surface-volumes/2.4um-0.22m-78keV-volume-20260411134726.zarr,zarr,True,layers-zarr,"183920,74880","109,74880,183920",True,0,/volumes/esrf/20260311/2.4um_PHerc-Paris4_masked.zarr/,True,True,5,5,reproduced_at_another_scale,2,PHercParis4/segments/20260701183126-w038-045/mesh/intermediate/tifxyz_normalized,tifxyz_normalized,1,3.99999,4.00001,4,0,0,,reproduced_at_documented_scale,5,PHercParis4/segments/20260701183126-w038-045/mesh/20260701183126-on-20260411134726-2.4um.tifxyz,transformed,1,0.999997,1,1,0,0,True,reproduced_at_documented_scale,False,True,False
PHercParis4/segments/20260701183126-w038-045,PHercParis4,45.532um-11.0m-74keV-volume-20260310170716.zarr,PHercParis4/segments/20260701183126-w038-045/surface-volumes/45.532um-11.0m-74keV-volume-20260310170716.zarr,zarr,True,layers-zarr,"9700,3960","6,3960,9700",True,0,/volumes/esrf/20260311/45.532um_PHerc-Paris4_ID17-mokup_0001_masked.zarr/,True,True,5,5,not_reproduced_from_any_published_variant,2,PHercParis4/segments/20260701183126-w038-045/mesh/intermediate/tifxyz_normalized,tifxyz_normalized,1,,,,11,0.00273592,,reproduced_at_documented_scale,5,PHercParis4/segments/20260701183126-w038-045/mesh/20260701183126-on-20260310170716-45.532um.tifxyz,transformed,1,0.999948,1.00005,1,0,0,True,reproduced_at_documented_scale,False,True,False
PHercParis4/segments/20260701183127-w046-052,PHercParis4,2.4um-0.22m-78keV-volume-20260411134726.zarr,PHercParis4/segments/20260701183127-w046-052/surface-volumes/2.4um-0.22m-78keV-volume-20260411134726.zarr,zarr,True,layers-zarr,"194800,74960","109,74960,194800",True,0,/volumes/esrf/20260311/2.4um_PHerc-Paris4_masked.zarr/,True,True,4,4,reproduced_at_another_scale,2,PHercParis4/segments/20260701183127-w046-052/mesh/intermediate/tifxyz_normalized,tifxyz_normalized,1,3.99999,4.00001,4,0,0,,reproduced_at_documented_scale,4,PHercParis4/segments/20260701183127-w046-052/mesh/20260701183127-on-20260411134726-2.4um.tifxyz,transformed,1,0.999997,1,1,0,0,True,reproduced_at_documented_scale,False,True,False
PHercParis4/segments/20260701183127-w046-052,PHercParis4,45.532um-11.0m-74keV-volume-20260310170716.zarr,PHercParis4/segments/20260701183127-w046-052/surface-volumes/45.532um-11.0m-74keV-volume-20260310170716.zarr,zarr,True,layers-zarr,"10280,3960","6,3960,10280",True,0,/volumes/esrf/20260311/45.532um_PHerc-Paris4_ID17-mokup_0001_masked.zarr/,True,True,4,4,not_reproduced_from_any_published_variant,2,PHercParis4/segments/20260701183127-w046-052/mesh/intermediate/tifxyz_normalized,tifxyz_normalized,1,,,,4,0.00106308,,reproduced_at_documented_scale,4,PHercParis4/segments/20260701183127-w046-052/mesh/20260701183127-on-20260310170716-45.532um.tifxyz,transformed,1,0.999951,1.00005,1,0,0,True,reproduced_at_documented_scale,False,True,False
PHercParis4/segments/20260701183128-w053-058,PHercParis4,2.4um-0.22m-78keV-volume-20260411134726.zarr,PHercParis4/segments/20260701183128-w053-058/surface-volumes/2.4um-0.22m-78keV-volume-20260411134726.zarr,zarr,True,layers-zarr,"184880,73200","109,73200,184880",True,0,/volumes/esrf/20260311/2.4um_PHerc-Paris4_masked.zarr/,True,True,4,4,reproduced_at_another_scale,2,PHercParis4/segments/20260701183128-w053-058/mesh/intermediate/tifxyz_normalized,tifxyz_normalized,1,3.99999,4.00001,4,0,0,,reproduced_at_documented_scale,4,PHercParis4/segments/20260701183128-w053-058/mesh/20260701183128-on-20260411134726-2.4um.tifxyz,transformed,1,0.999997,1,1,0,0,True,reproduced_at_documented_scale,False,True,False
PHercParis4/segments/20260701183128-w053-058,PHercParis4,45.532um-11.0m-74keV-volume-20260310170716.zarr,PHercParis4/segments/20260701183128-w053-058/surface-volumes/45.532um-11.0m-74keV-volume-20260310170716.zarr,zarr,True,layers-zarr,"9760,3860","6,3860,9760",True,0,/volumes/esrf/20260311/45.532um_PHerc-Paris4_ID17-mokup_0001_masked.zarr/,True,True,4,4,not_reproduced_from_any_published_variant,2,PHercParis4/segments/20260701183128-w053-058/mesh/intermediate/tifxyz_normalized,tifxyz_normalized,1,,,,4,0.00111429,,reproduced_at_documented_scale,4,PHercParis4/segments/20260701183128-w053-058/mesh/20260701183128-on-20260310170716-45.532um.tifxyz,transformed,1,0.999949,1.00005,1,0,0,True,reproduced_at_documented_scale,False,True,False
PHercParis4/segments/20260701183129-w059-063,PHercParis4,2.4um-0.22m-78keV-volume-20260411134726.zarr,PHercParis4/segments/20260701183129-w059-063/surface-volumes/2.4um-0.22m-78keV-volume-20260411134726.zarr,zarr,True,layers-zarr,"176000,73840","109,73840,176000",True,0,/volumes/esrf/20260311/2.4um_PHerc-Paris4_masked.zarr/,True,True,4,4,reproduced_at_another_scale,2,PHercParis4/segments/20260701183129-w059-063/mesh/intermediate/tifxyz_normalized,tifxyz_normalized,1,3.99999,4.00001,4,0,0,,reproduced_at_documented_scale,4,PHercParis4/segments/20260701183129-w059-063/mesh/20260701183129-on-20260411134726-2.4um.tifxyz,transformed,1,0.999997,1,1,0,0,True,reproduced_at_documented_scale,False,True,False
PHercParis4/segments/20260701183129-w059-063,PHercParis4,45.532um-11.0m-74keV-volume-20260310170716.zarr,PHercParis4/segments/20260701183129-w059-063/surface-volumes/45.532um-11.0m-74keV-volume-20260310170716.zarr,zarr,True,layers-zarr,"9280,3900","6,3900,9280",True,0,/volumes/esrf/20260311/45.532um_PHerc-Paris4_ID17-mokup_0001_masked.zarr/,True,True,4,4,not_reproduced_from_any_published_variant,2,PHercParis4/segments/20260701183129-w059-063/mesh/intermediate/tifxyz_normalized,tifxyz_normalized,1,,,,6,0.00169985,,reproduced_at_documented_scale,4,PHercParis4/segments/20260701183129-w059-063/mesh/20260701183129-on-20260310170716-45.532um.tifxyz,transformed,1,0.999946,1.00005,1,0,0,True,reproduced_at_documented_scale,False,True,False
PHercParis4/segments/20260701183130-w064-068,PHercParis4,2.4um-0.22m-78keV-volume-20260411134726.zarr,PHercParis4/segments/20260701183130-w064-068/surface-volumes/2.4um-0.22m-78keV-volume-20260411134726.zarr,zarr,True,layers-zarr,"192240,74000","109,74000,192240",True,0,/volumes/esrf/20260311/2.4um_PHerc-Paris4_masked.zarr/,True,True,4,4,reproduced_at_another_scale,2,PHercParis4/segments/20260701183130-w064-068/mesh/intermediate/tifxyz_normalized,tifxyz_normalized,1,3.99999,4.00001,4,0,0,,reproduced_at_documented_scale,4,PHercParis4/segments/20260701183130-w064-068/mesh/20260701183130-on-20260411134726-2.4um.tifxyz,transformed,1,0.999997,1,1,0,0,True,reproduced_at_documented_scale,False,True,False
PHercParis4/segments/20260701183130-w064-068,PHercParis4,45.532um-11.0m-74keV-volume-20260310170716.zarr,PHercParis4/segments/20260701183130-w064-068/surface-volumes/45.532um-11.0m-74keV-volume-20260310170716.zarr,zarr,True,layers-zarr,"10140,3900","6,3900,10140",True,0,/volumes/esrf/20260311/45.532um_PHerc-Paris4_ID17-mokup_0001_masked.zarr/,True,True,4,4,not_reproduced_from_any_published_variant,2,PHercParis4/segments/20260701183130-w064-068/mesh/intermediate/tifxyz_normalized,tifxyz_normalized,1,,,,3,0.000832293,,reproduced_at_documented_scale,4,PHercParis4/segments/20260701183130-w064-068/mesh/20260701183130-on-20260310170716-45.532um.tifxyz,transformed,1,0.999951,1.00005,1,0,0,True,reproduced_at_documented_scale,False,True,False
PHercParis4/segments/20260701183131-w069-072,PHercParis4,2.4um-0.22m-78keV-volume-20260411134726.zarr,PHercParis4/segments/20260701183131-w069-072/surface-volumes/2.4um-0.22m-78keV-volume-20260411134726.zarr,zarr,True,layers-zarr,"165040,73680","109,73680,165040",True,0,/volumes/esrf/20260311/2.4um_PHerc-Paris4_masked.zarr/,True,True,4,4,reproduced_at_another_scale,2,PHercParis4/segments/20260701183131-w069-072/mesh/intermediate/tifxyz_normalized,tifxyz_normalized,1,3.99999,4.00001,4,0,0,,reproduced_at_documented_scale,4,PHercParis4/segments/20260701183131-w069-072/mesh/20260701183131-on-20260411134726-2.4um.tifxyz,transformed,1,0.999997,1,1,0,0,True,reproduced_at_documented_scale,False,True,False
PHercParis4/segments/20260701183131-w069-072,PHercParis4,45.532um-11.0m-74keV-volume-20260310170716.zarr,PHercParis4/segments/20260701183131-w069-072/surface-volumes/45.532um-11.0m-74keV-volume-20260310170716.zarr,zarr,True,layers-zarr,"8700,3880","6,3880,8700",True,0,/volumes/esrf/20260311/45.532um_PHerc-Paris4_ID17-mokup_0001_masked.zarr/,True,True,4,4,not_reproduced_from_any_published_variant,2,PHercParis4/segments/20260701183131-w069-072/mesh/intermediate/tifxyz_normalized,tifxyz_normalized,1,,,,4,0.00103193,,reproduced_at_documented_scale,4,PHercParis4/segments/20260701183131-w069-072/mesh/20260701183131-on-20260310170716-45.532um.tifxyz,transformed,1,0.999943,1.00006,1,0,0,True,reproduced_at_documented_scale,False,True,False
PHercParis4/segments/20260701183132-w073-076,PHercParis4,2.4um-0.22m-78keV-volume-20260411134726.zarr,PHercParis4/segments/20260701183132-w073-076/surface-volumes/2.4um-0.22m-78keV-volume-20260411134726.zarr,zarr,True,layers-zarr,"174080,80240","109,80240,174080",True,0,/volumes/esrf/20260311/2.4um_PHerc-Paris4_masked.zarr/,True,True,4,4,reproduced_at_another_scale,2,PHercParis4/segments/20260701183132-w073-076/mesh/intermediate/tifxyz_normalized,tifxyz_normalized,1,3.99999,4.00001,4,0,0,,reproduced_at_documented_scale,4,PHercParis4/segments/20260701183132-w073-076/mesh/20260701183132-on-20260411134726-2.4um.tifxyz,transformed,1,0.999997,1,1,0,0,True,reproduced_at_documented_scale,False,True,False
PHercParis4/segments/20260701183132-w073-076,PHercParis4,45.532um-11.0m-74keV-volume-20260310170716.zarr,PHercParis4/segments/20260701183132-w073-076/surface-volumes/45.532um-11.0m-74keV-volume-20260310170716.zarr,zarr,True,layers-zarr,"9180,4240","6,4240,9180",True,0,/volumes/esrf/20260311/45.532um_PHerc-Paris4_ID17-mokup_0001_masked.zarr/,True,True,4,4,not_reproduced_from_any_published_variant,2,PHercParis4/segments/20260701183132-w073-076/mesh/intermediate/tifxyz_normalized,tifxyz_normalized,1,,,,8,0.00203094,,reproduced_at_documented_scale,4,PHercParis4/segments/20260701183132-w073-076/mesh/20260701183132-on-20260310170716-45.532um.tifxyz,transformed,1,0.999946,1.00005,1,0,0,True,reproduced_at_documented_scale,False,True,False
PHercParis4/segments/20260701183133-w077-080,PHercParis4,2.4um-0.22m-78keV-volume-20260411134726.zarr,PHercParis4/segments/20260701183133-w077-080/surface-volumes/2.4um-0.22m-78keV-volume-20260411134726.zarr,zarr,True,layers-zarr,"184560,78480","109,78480,184560",True,0,/volumes/esrf/20260311/2.4um_PHerc-Paris4_masked.zarr/,True,True,4,4,reproduced_at_another_scale,2,PHercParis4/segments/20260701183133-w077-080/mesh/intermediate/tifxyz_normalized,tifxyz_normalized,1,3.99999,4.00001,4,0,0,,reproduced_at_documented_scale,4,PHercParis4/segments/20260701183133-w077-080/mesh/20260701183133-on-20260411134726-2.4um.tifxyz,transformed,1,0.999997,1,1,0,0,True,reproduced_at_documented_scale,False,True,False
PHercParis4/segments/20260701183133-w077-080,PHercParis4,45.532um-11.0m-74keV-volume-20260310170716.zarr,PHercParis4/segments/20260701183133-w077-080/surface-volumes/45.532um-11.0m-74keV-volume-20260310170716.zarr,zarr,True,layers-zarr,"9740,4140","6,4140,9740",True,0,/volumes/esrf/20260311/45.532um_PHerc-Paris4_ID17-mokup_0001_masked.zarr/,True,True,4,4,not_reproduced_from_any_published_variant,2,PHercParis4/segments/20260701183133-w077-080/mesh/intermediate/tifxyz_normalized,tifxyz_normalized,1,,,,2,0.000414617,,reproduced_at_documented_scale,4,PHercParis4/segments/20260701183133-w077-080/mesh/20260701183133-on-20260310170716-45.532um.tifxyz,transformed,1,0.999949,1.00005,1,0,0,True,reproduced_at_documented_scale,False,True,False
PHercParis4/segments/20260701183134-w081-084,PHercParis4,2.4um-0.22m-78keV-volume-20260411134726.zarr,PHercParis4/segments/20260701183134-w081-084/surface-volumes/2.4um-0.22m-78keV-volume-20260411134726.zarr,zarr,True,layers-zarr,"195040,78720","109,78720,195040",True,0,/volumes/esrf/20260311/2.4um_PHerc-Paris4_masked.zarr/,True,True,4,4,reproduced_at_another_scale,2,PHercParis4/segments/20260701183134-w081-084/mesh/intermediate/tifxyz_normalized,tifxyz_normalized,1,3.99999,4.00001,4,0,0,,reproduced_at_documented_scale,4,PHercParis4/segments/20260701183134-w081-084/mesh/20260701183134-on-20260411134726-2.4um.tifxyz,transformed,1,0.999997,1,1,0,0,True,reproduced_at_documented_scale,False,True,False
PHercParis4/segments/20260701183134-w081-084,PHercParis4,45.532um-11.0m-74keV-volume-20260310170716.zarr,PHercParis4/segments/20260701183134-w081-084/surface-volumes/45.532um-11.0m-74keV-volume-20260310170716.zarr,zarr,True,layers-zarr,"10280,4160","6,4160,10280",True,0,/volumes/esrf/20260311/45.532um_PHerc-Paris4_ID17-mokup_0001_masked.zarr/,True,True,4,4,not_reproduced_from_any_published_variant,2,PHercParis4/segments/20260701183134-w081-084/mesh/intermediate/tifxyz_normalized,tifxyz_normalized,1,,,,11,0.00262567,,reproduced_at_documented_scale,4,PHercParis4/segments/20260701183134-w081-084/mesh/20260701183134-on-20260310170716-45.532um.tifxyz,transformed,1,0.999951,1.00005,1,0,0,True,reproduced_at_documented_scale,False,True,False
PHercParis4/segments/20260701183135-w085-088,PHercParis4,2.4um-0.22m-78keV-volume-20260411134726.zarr,PHercParis4/segments/20260701183135-w085-088/surface-volumes/2.4um-0.22m-78keV-volume-20260411134726.zarr,zarr,True,layers-zarr,"204640,78640","109,78640,204640",True,0,/volumes/esrf/20260311/2.4um_PHerc-Paris4_masked.zarr/,True,True,4,4,reproduced_at_another_scale,2,PHercParis4/segments/20260701183135-w085-088/mesh/intermediate/tifxyz_normalized,tifxyz_normalized,1,3.99999,4.00001,4,0,0,,reproduced_at_documented_scale,4,PHercParis4/segments/20260701183135-w085-088/mesh/20260701183135-on-20260411134726-2.4um.tifxyz,transformed,1,0.999998,1,1,0,0,True,reproduced_at_documented_scale,False,True,False
PHercParis4/segments/20260701183135-w085-088,PHercParis4,45.532um-11.0m-74keV-volume-20260310170716.zarr,PHercParis4/segments/20260701183135-w085-088/surface-volumes/45.532um-11.0m-74keV-volume-20260310170716.zarr,zarr,True,layers-zarr,"10800,4140","6,4140,10800",True,0,/volumes/esrf/20260311/45.532um_PHerc-Paris4_ID17-mokup_0001_masked.zarr/,True,True,4,4,not_reproduced_from_any_published_variant,2,PHercParis4/segments/20260701183135-w085-088/mesh/intermediate/tifxyz_normalized,tifxyz_normalized,1,,,,10,0.00248156,,reproduced_at_documented_scale,4,PHercParis4/segments/20260701183135-w085-088/mesh/20260701183135-on-20260310170716-45.532um.tifxyz,transformed,1,0.999954,1.00005,1,0,0,True,reproduced_at_documented_scale,False,True,False
PHercParis4/segments/20260701183136-w089-091,PHercParis4,2.4um-0.22m-78keV-volume-20260411134726.zarr,PHercParis4/segments/20260701183136-w089-091/surface-volumes/2.4um-0.22m-78keV-volume-20260411134726.zarr,zarr,True,layers-zarr,"163040,76880","109,76880,163040",True,0,/volumes/esrf/20260311/2.4um_PHerc-Paris4_masked.zarr/,True,True,4,4,reproduced_at_another_scale,2,PHercParis4/segments/20260701183136-w089-091/mesh/intermediate/tifxyz_normalized,tifxyz_normalized,1,3.99999,4.00001,4,0,0,,reproduced_at_documented_scale,4,PHercParis4/segments/20260701183136-w089-091/mesh/20260701183136-on-20260411134726-2.4um.tifxyz,transformed,1,0.999997,1,1,0,0,True,reproduced_at_documented_scale,False,True,False
PHercParis4/segments/20260701183136-w089-091,PHercParis4,45.532um-11.0m-74keV-volume-20260310170716.zarr,PHercParis4/segments/20260701183136-w089-091/surface-volumes/45.532um-11.0m-74keV-volume-20260310170716.zarr,zarr,True,layers-zarr,"8600,4060","6,4060,8600",True,0,/volumes/esrf/20260311/45.532um_PHerc-Paris4_ID17-mokup_0001_masked.zarr/,True,True,4,4,not_reproduced_from_any_published_variant,2,PHercParis4/segments/20260701183136-w089-091/mesh/intermediate/tifxyz_normalized,tifxyz_normalized,1,,,,5,0.00117126,,reproduced_at_documented_scale,4,PHercParis4/segments/20260701183136-w089-091/mesh/20260701183136-on-20260310170716-45.532um.tifxyz,transformed,1,0.999942,1.00006,1,0,0,True,reproduced_at_documented_scale,False,True,False
PHercParis4/segments/20260701183137-w092-094,PHercParis4,2.4um-0.22m-78keV-volume-20260411134726.zarr,PHercParis4/segments/20260701183137-w092-094/surface-volumes/2.4um-0.22m-78keV-volume-20260411134726.zarr,zarr,True,layers-zarr,"168560,76240","109,76240,168560",True,0,/volumes/esrf/20260311/2.4um_PHerc-Paris4_masked.zarr/,True,True,4,4,reproduced_at_another_scale,2,PHercParis4/segments/20260701183137-w092-094/mesh/intermediate/tifxyz_normalized,tifxyz_normalized,1,3.99999,4.00001,4,0,0,,reproduced_at_documented_scale,4,PHercParis4/segments/20260701183137-w092-094/mesh/20260701183137-on-20260411134726-2.4um.tifxyz,transformed,1,0.999997,1,1,0,0,True,reproduced_at_documented_scale,False,True,False
PHercParis4/segments/20260701183137-w092-094,PHercParis4,45.532um-11.0m-74keV-volume-20260310170716.zarr,PHercParis4/segments/20260701183137-w092-094/surface-volumes/45.532um-11.0m-74keV-volume-20260310170716.zarr,zarr,True,layers-zarr,"8900,4020","6,4020,8900",True,0,/volumes/esrf/20260311/45.532um_PHerc-Paris4_ID17-mokup_0001_masked.zarr/,True,True,4,4,not_reproduced_from_any_published_variant,2,PHercParis4/segments/20260701183137-w092-094/mesh/intermediate/tifxyz_normalized,tifxyz_normalized,1,,,,5,0.00136479,,reproduced_at_documented_scale,4,PHercParis4/segments/20260701183137-w092-094/mesh/20260701183137-on-20260310170716-45.532um.tifxyz,transformed,1,0.999944,1.00006,1,0,0,True,reproduced_at_documented_scale,False,True,False
PHercParis4/segments/20260701183138-w095-097,PHercParis4,2.4um-0.22m-78keV-volume-20260411134726.zarr,PHercParis4/segments/20260701183138-w095-097/surface-volumes/2.4um-0.22m-78keV-volume-20260411134726.zarr,zarr,True,layers-zarr,"173120,77440","109,77440,173120",True,0,/volumes/esrf/20260311/2.4um_PHerc-Paris4_masked.zarr/,True,True,4,4,reproduced_at_another_scale,2,PHercParis4/segments/20260701183138-w095-097/mesh/intermediate/tifxyz_normalized,tifxyz_normalized,1,3.99999,4.00001,4,0,0,,reproduced_at_documented_scale,4,PHercParis4/segments/20260701183138-w095-097/mesh/20260701183138-on-20260411134726-2.4um.tifxyz,transformed,1,0.999997,1,1,0,0,True,reproduced_at_documented_scale,False,True,False
PHercParis4/segments/20260701183138-w095-097,PHercParis4,45.532um-11.0m-74keV-volume-20260310170716.zarr,PHercParis4/segments/20260701183138-w095-097/surface-volumes/45.532um-11.0m-74keV-volume-20260310170716.zarr,zarr,True,layers-zarr,"9140,4080","6,4080,9140",True,0,/volumes/esrf/20260311/45.532um_PHerc-Paris4_ID17-mokup_0001_masked.zarr/,True,True,4,4,not_reproduced_from_any_published_variant,2,PHercParis4/segments/20260701183138-w095-097/mesh/intermediate/tifxyz_normalized,tifxyz_normalized,1,,,,8,0.00208401,,reproduced_at_documented_scale,4,PHercParis4/segments/20260701183138-w095-097/mesh/20260701183138-on-20260310170716-45.532um.tifxyz,transformed,1,0.999945,1.00005,1,0,0,True,reproduced_at_documented_scale,False,True,False
PHercParis4/segments/20260701183139-w098-100,PHercParis4,2.4um-0.22m-78keV-volume-20260411134726.zarr,PHercParis4/segments/20260701183139-w098-100/surface-volumes/2.4um-0.22m-78keV-volume-20260411134726.zarr,zarr,True,layers-zarr,"176720,77280","109,77280,176720",True,0,/volumes/esrf/20260311/2.4um_PHerc-Paris4_masked.zarr/,True,True,4,4,reproduced_at_another_scale,2,PHercParis4/segments/20260701183139-w098-100/mesh/intermediate/tifxyz_normalized,tifxyz_normalized,1,3.99999,4.00001,4,0,0,,reproduced_at_documented_scale,4,PHercParis4/segments/20260701183139-w098-100/mesh/20260701183139-on-20260411134726-2.4um.tifxyz,transformed,1,0.999997,1,1,0,0,True,reproduced_at_documented_scale,False,True,False
PHercParis4/segments/20260701183139-w098-100,PHercParis4,45.532um-11.0m-74keV-volume-20260310170716.zarr,PHercParis4/segments/20260701183139-w098-100/surface-volumes/45.532um-11.0m-74keV-volume-20260310170716.zarr,zarr,True,layers-zarr,"9320,4080","6,4080,9320",True,0,/volumes/esrf/20260311/45.532um_PHerc-Paris4_ID17-mokup_0001_masked.zarr/,True,True,4,4,not_reproduced_from_any_published_variant,2,PHercParis4/segments/20260701183139-w098-100/mesh/intermediate/tifxyz_normalized,tifxyz_normalized,1,,,,4,0.0010663,,reproduced_at_documented_scale,4,PHercParis4/segments/20260701183139-w098-100/mesh/20260701183139-on-20260310170716-45.532um.tifxyz,transformed,1,0.999946,1.00005,1,0,0,True,reproduced_at_documented_scale,False,True,False
PHercParis4/segments/20260701183140-w101-103,PHercParis4,2.4um-0.22m-78keV-volume-20260411134726.zarr,PHercParis4/segments/20260701183140-w101-103/surface-volumes/2.4um-0.22m-78keV-volume-20260411134726.zarr,zarr,True,layers-zarr,"180400,78320","109,78320,180400",True,0,/volumes/esrf/20260311/2.4um_PHerc-Paris4_masked.zarr/,True,True,4,4,reproduced_at_another_scale,2,PHercParis4/segments/20260701183140-w101-103/mesh/intermediate/tifxyz_normalized,tifxyz_normalized,1,3.99999,4.00001,4,0,0,,reproduced_at_documented_scale,4,PHercParis4/segments/20260701183140-w101-103/mesh/20260701183140-on-20260411134726-2.4um.tifxyz,transformed,1,0.999997,1,1,0,0,True,reproduced_at_documented_scale,False,True,False
PHercParis4/segments/20260701183140-w101-103,PHercParis4,45.532um-11.0m-74keV-volume-20260310170716.zarr,PHercParis4/segments/20260701183140-w101-103/surface-volumes/45.532um-11.0m-74keV-volume-20260310170716.zarr,zarr,True,layers-zarr,"9520,4140","6,4140,9520",True,0,/volumes/esrf/20260311/45.532um_PHerc-Paris4_ID17-mokup_0001_masked.zarr/,True,True,4,4,not_reproduced_from_any_published_variant,2,PHercParis4/segments/20260701183140-w101-103/mesh/intermediate/tifxyz_normalized,tifxyz_normalized,1,,,,7,0.00167595,,reproduced_at_documented_scale,4,PHercParis4/segments/20260701183140-w101-103/mesh/20260701183140-on-20260310170716-45.532um.tifxyz,transformed,1,0.999947,1.00005,1,0,0,True,reproduced_at_documented_scale,False,True,False
PHercParis4/segments/20260701183141-w104-106,PHercParis4,2.4um-0.22m-78keV-volume-20260411134726.zarr,PHercParis4/segments/20260701183141-w104-106/surface-volumes/2.4um-0.22m-78keV-volume-20260411134726.zarr,zarr,True,layers-zarr,"182480,76320","109,76320,182480",True,0,/volumes/esrf/20260311/2.4um_PHerc-Paris4_masked.zarr/,True,True,4,4,reproduced_at_another_scale,2,PHercParis4/segments/20260701183141-w104-106/mesh/intermediate/tifxyz_normalized,tifxyz_normalized,1,3.99999,4.00001,4,0,0,,reproduced_at_documented_scale,4,PHercParis4/segments/20260701183141-w104-106/mesh/20260701183141-on-20260411134726-2.4um.tifxyz,transformed,1,0.999997,1,1,0,0,True,reproduced_at_documented_scale,False,True,False
PHercParis4/segments/20260701183141-w104-106,PHercParis4,45.532um-11.0m-74keV-volume-20260310170716.zarr,PHercParis4/segments/20260701183141-w104-106/surface-volumes/45.532um-11.0m-74keV-volume-20260310170716.zarr,zarr,True,layers-zarr,"9620,4020","6,4020,9620",True,0,/volumes/esrf/20260311/45.532um_PHerc-Paris4_ID17-mokup_0001_masked.zarr/,True,True,4,4,not_reproduced_from_any_published_variant,2,PHercParis4/segments/20260701183141-w104-106/mesh/intermediate/tifxyz_normalized,tifxyz_normalized,1,,,,3,0.000857178,,reproduced_at_documented_scale,4,PHercParis4/segments/20260701183141-w104-106/mesh/20260701183141-on-20260310170716-45.532um.tifxyz,transformed,1,0.999948,1.00005,1,0,0,True,reproduced_at_documented_scale,False,True,False
PHercParis4/segments/20260701183142-w107-109,PHercParis4,2.4um-0.22m-78keV-volume-20260411134726.zarr,PHercParis4/segments/20260701183142-w107-109/surface-volumes/2.4um-0.22m-78keV-volume-20260411134726.zarr,zarr,True,layers-zarr,"186480,75920","109,75920,186480",True,0,/volumes/esrf/20260311/2.4um_PHerc-Paris4_masked.zarr/,True,True,4,4,reproduced_at_another_scale,2,PHercParis4/segments/20260701183142-w107-109/mesh/intermediate/tifxyz_normalized,tifxyz_normalized,1,3.99999,4.00001,4,0,0,,reproduced_at_documented_scale,4,PHercParis4/segments/20260701183142-w107-109/mesh/20260701183142-on-20260411134726-2.4um.tifxyz,transformed,1,0.999997,1,1,0,0,True,reproduced_at_documented_scale,False,True,False
PHercParis4/segments/20260701183142-w107-109,PHercParis4,45.532um-11.0m-74keV-volume-20260310170716.zarr,PHercParis4/segments/20260701183142-w107-109/surface-volumes/45.532um-11.0m-74keV-volume-20260310170716.zarr,zarr,True,layers-zarr,"9840,4000","6,4000,9840",True,0,/volumes/esrf/20260311/45.532um_PHerc-Paris4_ID17-mokup_0001_masked.zarr/,True,True,4,4,not_reproduced_from_any_published_variant,2,PHercParis4/segments/20260701183142-w107-109/mesh/intermediate/tifxyz_normalized,tifxyz_normalized,1,,,,6,0.00151866,,reproduced_at_documented_scale,4,PHercParis4/segments/20260701183142-w107-109/mesh/20260701183142-on-20260310170716-45.532um.tifxyz,transformed,1,0.999949,1.00005,1,0,0,True,reproduced_at_documented_scale,False,True,False
PHercParis4/segments/20260701183143-w110-112,PHercParis4,2.4um-0.22m-78keV-volume-20260411134726.zarr,PHercParis4/segments/20260701183143-w110-112/surface-volumes/2.4um-0.22m-78keV-volume-20260411134726.zarr,zarr,True,layers-zarr,"190320,75200","109,75200,190320",True,0,/volumes/esrf/20260311/2.4um_PHerc-Paris4_masked.zarr/,True,True,4,4,reproduced_at_another_scale,2,PHercParis4/segments/20260701183143-w110-112/mesh/intermediate/tifxyz_normalized,tifxyz_normalized,1,3.99999,4.00001,4,0,0,,reproduced_at_documented_scale,4,PHercParis4/segments/20260701183143-w110-112/mesh/20260701183143-on-20260411134726-2.4um.tifxyz,transformed,1,0.999997,1,1,0,0,True,reproduced_at_documented_scale,False,True,False
PHercParis4/segments/20260701183143-w110-112,PHercParis4,45.532um-11.0m-74keV-volume-20260310170716.zarr,PHercParis4/segments/20260701183143-w110-112/surface-volumes/45.532um-11.0m-74keV-volume-20260310170716.zarr,zarr,True,layers-zarr,"10040,3960","6,3960,10040",True,0,/volumes/esrf/20260311/45.532um_PHerc-Paris4_ID17-mokup_0001_masked.zarr/,True,True,4,4,not_reproduced_from_any_published_variant,2,PHercParis4/segments/20260701183143-w110-112/mesh/intermediate/tifxyz_normalized,tifxyz_normalized,1,,,,7,0.00177903,,reproduced_at_documented_scale,4,PHercParis4/segments/20260701183143-w110-112/mesh/20260701183143-on-20260310170716-45.532um.tifxyz,transformed,1,0.99995,1.00005,1,0,0,True,reproduced_at_documented_scale,False,True,False
PHercParis4/segments/20260701183144-w113-115,PHercParis4,2.4um-0.22m-78keV-volume-20260411134726.zarr,PHercParis4/segments/20260701183144-w113-115/surface-volumes/2.4um-0.22m-78keV-volume-20260411134726.zarr,zarr,True,layers-zarr,"193760,74880","109,74880,193760",True,0,/volumes/esrf/20260311/2.4um_PHerc-Paris4_masked.zarr/,True,True,4,4,reproduced_at_another_scale,2,PHercParis4/segments/20260701183144-w113-115/mesh/intermediate/tifxyz_normalized,tifxyz_normalized,1,3.99999,4.00001,4,0,0,,reproduced_at_documented_scale,4,PHercParis4/segments/20260701183144-w113-115/mesh/20260701183144-on-20260411134726-2.4um.tifxyz,transformed,1,0.999997,1,1,0,0,True,reproduced_at_documented_scale,False,True,False
PHercParis4/segments/20260701183144-w113-115,PHercParis4,45.532um-11.0m-74keV-volume-20260310170716.zarr,PHercParis4/segments/20260701183144-w113-115/surface-volumes/45.532um-11.0m-74keV-volume-20260310170716.zarr,zarr,True,layers-zarr,"10220,3960","6,3960,10220",True,0,/volumes/esrf/20260311/45.532um_PHerc-Paris4_ID17-mokup_0001_masked.zarr/,True,True,4,4,not_reproduced_from_any_published_variant,2,PHercParis4/segments/20260701183144-w113-115/mesh/intermediate/tifxyz_normalized,tifxyz_normalized,1,,,,10,0.00263435,,reproduced_at_documented_scale,4,PHercParis4/segments/20260701183144-w113-115/mesh/20260701183144-on-20260310170716-45.532um.tifxyz,transformed,1,0.999951,1.00005,1,0,0,True,reproduced_at_documented_scale,False,True,False
PHercParis4/segments/20260701183145-w116-117,PHercParis4,2.4um-0.22m-78keV-volume-20260411134726.zarr,PHercParis4/segments/20260701183145-w116-117/surface-volumes/2.4um-0.22m-78keV-volume-20260411134726.zarr,zarr,True,layers-zarr,"134640,74960","109,74960,134640",True,0,/volumes/esrf/20260311/2.4um_PHerc-Paris4_masked.zarr/,True,True,4,4,reproduced_at_another_scale,2,PHercParis4/segments/20260701183145-w116-117/mesh/intermediate/tifxyz_normalized,tifxyz_normalized,1,3.99999,4.00001,4,0,0,,reproduced_at_documented_scale,4,PHercParis4/segments/20260701183145-w116-117/mesh/20260701183145-on-20260411134726-2.4um.tifxyz,transformed,1,0.999996,1,1,0,0,True,reproduced_at_documented_scale,False,True,False
PHercParis4/segments/20260701183145-w116-117,PHercParis4,45.532um-11.0m-74keV-volume-20260310170716.zarr,PHercParis4/segments/20260701183145-w116-117/surface-volumes/45.532um-11.0m-74keV-volume-20260310170716.zarr,zarr,True,layers-zarr,"7100,3960","6,3960,7100",True,0,/volumes/esrf/20260311/45.532um_PHerc-Paris4_ID17-mokup_0001_masked.zarr/,True,True,4,4,not_reproduced_from_any_published_variant,2,PHercParis4/segments/20260701183145-w116-117/mesh/intermediate/tifxyz_normalized,tifxyz_normalized,1,,,,7,0.00180077,,reproduced_at_documented_scale,4,PHercParis4/segments/20260701183145-w116-117/mesh/20260701183145-on-20260310170716-45.532um.tifxyz,transformed,1,0.99993,1.00007,1,0,0,True,reproduced_at_documented_scale,False,True,False
PHercParis4/segments/20260701183146-w118-119,PHercParis4,2.4um-0.22m-78keV-volume-20260411134726.zarr,PHercParis4/segments/20260701183146-w118-119/surface-volumes/2.4um-0.22m-78keV-volume-20260411134726.zarr,zarr,True,layers-zarr,"136800,75200","109,75200,136800",True,0,/volumes/esrf/20260311/2.4um_PHerc-Paris4_masked.zarr/,True,True,4,4,reproduced_at_another_scale,2,PHercParis4/segments/20260701183146-w118-119/mesh/intermediate/tifxyz_normalized,tifxyz_normalized,1,3.99999,4.00001,4,0,0,,reproduced_at_documented_scale,4,PHercParis4/segments/20260701183146-w118-119/mesh/20260701183146-on-20260411134726-2.4um.tifxyz,transformed,1,0.999996,1,1,0,0,True,reproduced_at_documented_scale,False,True,False
PHercParis4/segments/20260701183146-w118-119,PHercParis4,45.532um-11.0m-74keV-volume-20260310170716.zarr,PHercParis4/segments/20260701183146-w118-119/surface-volumes/45.532um-11.0m-74keV-volume-20260310170716.zarr,zarr,True,layers-zarr,"7220,3960","6,3960,7220",True,0,/volumes/esrf/20260311/45.532um_PHerc-Paris4_ID17-mokup_0001_masked.zarr/,True,True,4,4,not_reproduced_from_any_published_variant,2,PHercParis4/segments/20260701183146-w118-119/mesh/intermediate/tifxyz_normalized,tifxyz_normalized,1,,,,9,0.00224467,,reproduced_at_documented_scale,4,PHercParis4/segments/20260701183146-w118-119/mesh/20260701183146-on-20260310170716-45.532um.tifxyz,transformed,1,0.999931,1.00007,1,0,0,True,reproduced_at_documented_scale,False,True,False
PHercParis4/segments/20260701183147-w120-121,PHercParis4,2.4um-0.22m-78keV-volume-20260411134726.zarr,PHercParis4/segments/20260701183147-w120-121/surface-volumes/2.4um-0.22m-78keV-volume-20260411134726.zarr,zarr,True,layers-zarr,"138240,76000","109,76000,138240",True,0,/volumes/esrf/20260311/2.4um_PHerc-Paris4_masked.zarr/,True,True,4,4,reproduced_at_another_scale,2,PHercParis4/segments/20260701183147-w120-121/mesh/intermediate/tifxyz_normalized,tifxyz_normalized,1,3.99999,4.00001,4,0,0,,reproduced_at_documented_scale,4,PHercParis4/segments/20260701183147-w120-121/mesh/20260701183147-on-20260411134726-2.4um.tifxyz,transformed,1,0.999996,1,1,0,0,True,reproduced_at_documented_scale,False,True,False
PHercParis4/segments/20260701183147-w120-121,PHercParis4,45.532um-11.0m-74keV-volume-20260310170716.zarr,PHercParis4/segments/20260701183147-w120-121/surface-volumes/45.532um-11.0m-74keV-volume-20260310170716.zarr,zarr,True,layers-zarr,"7300,4020","6,4020,7300",True,0,/volumes/esrf/20260311/45.532um_PHerc-Paris4_ID17-mokup_0001_masked.zarr/,True,True,4,4,not_reproduced_from_any_published_variant,2,PHercParis4/segments/20260701183147-w120-121/mesh/intermediate/tifxyz_normalized,tifxyz_normalized,1,,,,6,0.00166691,,reproduced_at_documented_scale,4,PHercParis4/segments/20260701183147-w120-121/mesh/20260701183147-on-20260310170716-45.532um.tifxyz,transformed,1,0.999932,1.00007,1,0,0,True,reproduced_at_documented_scale,False,True,False
PHercParis4/segments/20260701183148-w122-123,PHercParis4,2.4um-0.22m-78keV-volume-20260411134726.zarr,PHercParis4/segments/20260701183148-w122-123/surface-volumes/2.4um-0.22m-78keV-volume-20260411134726.zarr,zarr,True,layers-zarr,"137360,79040","109,79040,137360",True,0,/volumes/esrf/20260311/2.4um_PHerc-Paris4_masked.zarr/,True,True,4,4,reproduced_at_another_scale,2,PHercParis4/segments/20260701183148-w122-123/mesh/intermediate/tifxyz_normalized,tifxyz_normalized,1,3.99999,4.00001,4,0,0,,reproduced_at_documented_scale,4,PHercParis4/segments/20260701183148-w122-123/mesh/20260701183148-on-20260411134726-2.4um.tifxyz,transformed,1,0.999996,1,1,0,0,True,reproduced_at_documented_scale,False,True,False
PHercParis4/segments/20260701183148-w122-123,PHercParis4,45.532um-11.0m-74keV-volume-20260310170716.zarr,PHercParis4/segments/20260701183148-w122-123/surface-volumes/45.532um-11.0m-74keV-volume-20260310170716.zarr,zarr,True,layers-zarr,"7240,4180","6,4180,7240",True,0,/volumes/esrf/20260311/45.532um_PHerc-Paris4_ID17-mokup_0001_masked.zarr/,True,True,4,4,not_reproduced_from_any_published_variant,2,PHercParis4/segments/20260701183148-w122-123/mesh/intermediate/tifxyz_normalized,tifxyz_normalized,1,,,,14,0.00334679,,reproduced_at_documented_scale,4,PHercParis4/segments/20260701183148-w122-123/mesh/20260701183148-on-20260310170716-45.532um.tifxyz,transformed,1,0.999931,1.00007,1,0,0,True,reproduced_at_documented_scale,False,True,False
PHercParis4/segments/20260701183149-w124-125,PHercParis4,2.4um-0.22m-78keV-volume-20260411134726.zarr,PHercParis4/segments/20260701183149-w124-125/surface-volumes/2.4um-0.22m-78keV-volume-20260411134726.zarr,zarr,True,layers-zarr,"143360,83920","109,83920,143360",True,0,/volumes/esrf/20260311/2.4um_PHerc-Paris4_masked.zarr/,True,True,4,4,reproduced_at_another_scale,2,PHercParis4/segments/20260701183149-w124-125/mesh/intermediate/tifxyz_normalized,tifxyz_normalized,1,3.99999,4.00001,4,0,0,,reproduced_at_documented_scale,4,PHercParis4/segments/20260701183149-w124-125/mesh/20260701183149-on-20260411134726-2.4um.tifxyz,transformed,1,0.999997,1,1,0,0,True,reproduced_at_documented_scale,False,True,False
PHercParis4/segments/20260701183149-w124-125,PHercParis4,45.532um-11.0m-74keV-volume-20260310170716.zarr,PHercParis4/segments/20260701183149-w124-125/surface-volumes/45.532um-11.0m-74keV-volume-20260310170716.zarr,zarr,True,layers-zarr,"7560,4420","6,4420,7560",True,0,/volumes/esrf/20260311/45.532um_PHerc-Paris4_ID17-mokup_0001_masked.zarr/,True,True,4,4,not_reproduced_from_any_published_variant,2,PHercParis4/segments/20260701183149-w124-125/mesh/intermediate/tifxyz_normalized,tifxyz_normalized,1,,,,5,0.00123727,,reproduced_at_documented_scale,4,PHercParis4/segments/20260701183149-w124-125/mesh/20260701183149-on-20260310170716-45.532um.tifxyz,transformed,1,0.999934,1.00007,1,0,0,True,reproduced_at_documented_scale,False,True,False
PHercParis4/segments/20260701183150-w126-127,PHercParis4,2.4um-0.22m-78keV-volume-20260411134726.zarr,PHercParis4/segments/20260701183150-w126-127/surface-volumes/2.4um-0.22m-78keV-volume-20260411134726.zarr,zarr,True,layers-zarr,"154880,94080","109,94080,154880",True,0,/volumes/esrf/20260311/2.4um_PHerc-Paris4_masked.zarr/,True,True,4,4,reproduced_at_another_scale,2,PHercParis4/segments/20260701183150-w126-127/mesh/intermediate/tifxyz_normalized,tifxyz_normalized,1,3.99999,4.00001,4,0,0,,reproduced_at_documented_scale,4,PHercParis4/segments/20260701183150-w126-127/mesh/20260701183150-on-20260411134726-2.4um.tifxyz,transformed,1,0.999997,1,1,0,0,True,reproduced_at_documented_scale,False,True,False
PHercParis4/segments/20260701183150-w126-127,PHercParis4,45.532um-11.0m-74keV-volume-20260310170716.zarr,PHercParis4/segments/20260701183150-w126-127/surface-volumes/45.532um-11.0m-74keV-volume-20260310170716.zarr,zarr,True,layers-zarr,"8160,4960","6,4960,8160",True,0,/volumes/esrf/20260311/45.532um_PHerc-Paris4_ID17-mokup_0001_masked.zarr/,True,True,4,4,not_reproduced_from_any_published_variant,2,PHercParis4/segments/20260701183150-w126-127/mesh/intermediate/tifxyz_normalized,tifxyz_normalized,1,,,,3,0.000666933,,reproduced_at_documented_scale,4,PHercParis4/segments/20260701183150-w126-127/mesh/20260701183150-on-20260310170716-45.532um.tifxyz,transformed,1,0.999939,1.00006,1,0,0,True,reproduced_at_documented_scale,False,True,False
PHercParis4/segments/20260701183151-w128-129,PHercParis4,2.4um-0.22m-78keV-volume-20260411134726.zarr,PHercParis4/segments/20260701183151-w128-129/surface-volumes/2.4um-0.22m-78keV-volume-20260411134726.zarr,zarr,True,layers-zarr,"142320,89440","109,89440,142320",True,0,/volumes/esrf/20260311/2.4um_PHerc-Paris4_masked.zarr/,True,True,4,4,reproduced_at_another_scale,2,PHercParis4/segments/20260701183151-w128-129/mesh/intermediate/tifxyz_normalized,tifxyz_normalized,1,3.99999,4.00001,4,0,0,,reproduced_at_documented_scale,4,PHercParis4/segments/20260701183151-w128-129/mesh/20260701183151-on-20260411134726-2.4um.tifxyz,transformed,1,0.999997,1,1,0,0,True,reproduced_at_documented_scale,False,True,False
PHercParis4/segments/20260701183151-w128-129,PHercParis4,45.532um-11.0m-74keV-volume-20260310170716.zarr,PHercParis4/segments/20260701183151-w128-129/surface-volumes/45.532um-11.0m-74keV-volume-20260310170716.zarr,zarr,True,layers-zarr,"7500,4720","6,4720,7500",True,0,/volumes/esrf/20260311/45.532um_PHerc-Paris4_ID17-mokup_0001_masked.zarr/,True,True,4,4,not_reproduced_from_any_published_variant,2,PHercParis4/segments/20260701183151-w128-129/mesh/intermediate/tifxyz_normalized,tifxyz_normalized,1,,,,6,0.00141682,,reproduced_at_documented_scale,4,PHercParis4/segments/20260701183151-w128-129/mesh/20260701183151-on-20260310170716-45.532um.tifxyz,transformed,1,0.999933,1.00007,1,0,0,True,reproduced_at_documented_scale,False,True,False
