seg,sample,volume,volume_dir,store_format,in_catalogue,catalogue_types,declared_levels,levels_present,levels_empty,empty_levels,levels_inconclusive,level0_shape_zyx,level0_dtype,level0_fill_value,level0_chunks,verdict
PHerc0009B/segments/20250510172639,PHerc0009B,2.401um-0.35m-77keV-volume-20250820154339.zarr,PHerc0009B/segments/20250510172639/surface-volumes/2.401um-0.35m-77keV-volume-20250820154339.zarr,zarr,True,layers-zarr,6,6,0,,0,"109,18520,14760",|u1,0,"109,128,128",populated
PHerc0009B/segments/20250510172639,PHerc0009B,8.64um-1.2m-116keV-volume-20250521125136.zarr,PHerc0009B/segments/20250510172639/surface-volumes/8.64um-1.2m-116keV-volume-20250521125136.zarr,zarr,True,layers-zarr,6,6,0,,0,"31,5140,4100",|u1,0,"31,128,128",populated
PHerc0009B/segments/20250510172804,PHerc0009B,2.401um-0.35m-77keV-volume-20250820154339.zarr,PHerc0009B/segments/20250510172804/surface-volumes/2.401um-0.35m-77keV-volume-20250820154339.zarr,zarr,True,layers-zarr,6,6,0,,0,"109,14680,21240",|u1,0,"109,128,128",populated
PHerc0009B/segments/20250510172804,PHerc0009B,8.64um-1.2m-116keV-volume-20250521125136.zarr,PHerc0009B/segments/20250510172804/surface-volumes/8.64um-1.2m-116keV-volume-20250521125136.zarr,zarr,True,layers-zarr,6,6,0,,0,"31,4080,5900",|u1,0,"31,128,128",populated
PHerc0009B/segments/20250511200236,PHerc0009B,2.401um-0.35m-77keV-volume-20250820154339.zarr,PHerc0009B/segments/20250511200236/surface-volumes/2.401um-0.35m-77keV-volume-20250820154339.zarr,zarr,True,layers-zarr,6,6,0,,0,"109,14980,14460",|u1,0,"109,128,128",populated
PHerc0009B/segments/20250511200236,PHerc0009B,8.64um-1.2m-116keV-volume-20250521125136.zarr,PHerc0009B/segments/20250511200236/surface-volumes/8.64um-1.2m-116keV-volume-20250521125136.zarr,zarr,True,layers-zarr,6,6,0,,0,"31,4160,4020",|u1,0,"31,128,128",populated
PHerc0009B/segments/20250919064353-auto_grown_20250918234353791,PHerc0009B,2.401um-0.35m-77keV-volume-20250820154339.zarr,PHerc0009B/segments/20250919064353-auto_grown_20250918234353791/surface-volumes/2.401um-0.35m-77keV-volume-20250820154339.zarr,zarr,True,layers-zarr,6,6,0,,0,"109,24200,20880",|u1,0,"109,128,128",populated
PHerc0009B/segments/20250919064353-auto_grown_20250918234353791,PHerc0009B,8.64um-1.2m-116keV-volume-20250521125136.zarr,PHerc0009B/segments/20250919064353-auto_grown_20250918234353791/surface-volumes/8.64um-1.2m-116keV-volume-20250521125136.zarr,zarr,True,layers-zarr,6,6,0,,0,"31,6720,5800",|u1,0,"31,128,128",populated
PHerc0009B/segments/20250919123506-auto_grown_20250919053506178_inp_hr,PHerc0009B,2.401um-0.35m-77keV-volume-20250820154339.zarr,PHerc0009B/segments/20250919123506-auto_grown_20250919053506178_inp_hr/surface-volumes/2.401um-0.35m-77keV-volume-20250820154339.zarr,zarr,True,layers-zarr,6,6,0,,0,"109,26140,20360",|u1,0,"109,128,128",populated
PHerc0009B/segments/20250919123506-auto_grown_20250919053506178_inp_hr,PHerc0009B,8.64um-1.2m-116keV-volume-20250521125136.zarr,PHerc0009B/segments/20250919123506-auto_grown_20250919053506178_inp_hr/surface-volumes/8.64um-1.2m-116keV-volume-20250521125136.zarr,zarr,True,layers-zarr,6,6,0,,0,"31,7260,5660",|u1,0,"31,128,128",populated
PHerc0009B/segments/20250919124722-auto_grown_20250919054722721_inp_hr,PHerc0009B,2.401um-0.35m-77keV-volume-20250820154339.zarr,PHerc0009B/segments/20250919124722-auto_grown_20250919054722721_inp_hr/surface-volumes/2.401um-0.35m-77keV-volume-20250820154339.zarr,zarr,True,layers-zarr,6,6,0,,0,"109,26360,18000",|u1,0,"109,128,128",populated
PHerc0009B/segments/20250919124722-auto_grown_20250919054722721_inp_hr,PHerc0009B,8.64um-1.2m-116keV-volume-20250521125136.zarr,PHerc0009B/segments/20250919124722-auto_grown_20250919054722721_inp_hr/surface-volumes/8.64um-1.2m-116keV-volume-20250521125136.zarr,zarr,True,layers-zarr,6,6,0,,0,"31,7320,5000",|u1,0,"31,128,128",populated
PHerc0009B/segments/20250919124917-auto_grown_20250919054917419_inp_hr,PHerc0009B,2.401um-0.35m-77keV-volume-20250820154339.zarr,PHerc0009B/segments/20250919124917-auto_grown_20250919054917419_inp_hr/surface-volumes/2.401um-0.35m-77keV-volume-20250820154339.zarr,zarr,True,layers-zarr,6,6,0,,0,"109,25200,13600",|u1,0,"109,128,128",populated
PHerc0009B/segments/20250919124917-auto_grown_20250919054917419_inp_hr,PHerc0009B,8.64um-1.2m-116keV-volume-20250521125136.zarr,PHerc0009B/segments/20250919124917-auto_grown_20250919054917419_inp_hr/surface-volumes/8.64um-1.2m-116keV-volume-20250521125136.zarr,zarr,True,layers-zarr,6,6,0,,0,"31,7000,3780",|u1,0,"31,128,128",populated
PHerc0009B/segments/20250919125302-auto_grown_20250919055302061,PHerc0009B,2.401um-0.35m-77keV-volume-20250820154339.zarr,PHerc0009B/segments/20250919125302-auto_grown_20250919055302061/surface-volumes/2.401um-0.35m-77keV-volume-20250820154339.zarr,zarr,True,layers-zarr,6,6,0,,0,"109,22260,18580",|u1,0,"109,128,128",populated
PHerc0009B/segments/20250919125302-auto_grown_20250919055302061,PHerc0009B,8.64um-1.2m-116keV-volume-20250521125136.zarr,PHerc0009B/segments/20250919125302-auto_grown_20250919055302061/surface-volumes/8.64um-1.2m-116keV-volume-20250521125136.zarr,zarr,True,layers-zarr,6,6,0,,0,"31,6180,5160",|u1,0,"31,128,128",populated
PHerc0009B/segments/20250919125605-auto_grown_20250919055605407,PHerc0009B,2.401um-0.35m-77keV-volume-20250820154339.zarr,PHerc0009B/segments/20250919125605-auto_grown_20250919055605407/surface-volumes/2.401um-0.35m-77keV-volume-20250820154339.zarr,zarr,True,layers-zarr,6,6,0,,0,"109,25060,20660",|u1,0,"109,128,128",populated
PHerc0009B/segments/20250919125605-auto_grown_20250919055605407,PHerc0009B,8.64um-1.2m-116keV-volume-20250521125136.zarr,PHerc0009B/segments/20250919125605-auto_grown_20250919055605407/surface-volumes/8.64um-1.2m-116keV-volume-20250521125136.zarr,zarr,True,layers-zarr,6,6,0,,0,"31,6960,5740",|u1,0,"31,128,128",populated
PHerc0009B/segments/20250919125754-auto_grown_20250919055754487_inp_hr,PHerc0009B,2.401um-0.35m-77keV-volume-20250820154339.zarr,PHerc0009B/segments/20250919125754-auto_grown_20250919055754487_inp_hr/surface-volumes/2.401um-0.35m-77keV-volume-20250820154339.zarr,zarr,True,layers-zarr,6,6,0,,0,"109,25360,20520",|u1,0,"109,128,128",populated
PHerc0009B/segments/20250919125754-auto_grown_20250919055754487_inp_hr,PHerc0009B,8.64um-1.2m-116keV-volume-20250521125136.zarr,PHerc0009B/segments/20250919125754-auto_grown_20250919055754487_inp_hr/surface-volumes/8.64um-1.2m-116keV-volume-20250521125136.zarr,zarr,True,layers-zarr,6,6,0,,0,"31,7040,5700",|u1,0,"31,128,128",populated
PHerc0009B/segments/20250919130642-auto_grown_20250919060642061,PHerc0009B,2.401um-0.35m-77keV-volume-20250820154339.zarr,PHerc0009B/segments/20250919130642-auto_grown_20250919060642061/surface-volumes/2.401um-0.35m-77keV-volume-20250820154339.zarr,zarr,True,layers-zarr,6,6,0,,0,"109,25860,18940",|u1,0,"109,128,128",populated
PHerc0009B/segments/20250919130642-auto_grown_20250919060642061,PHerc0009B,8.64um-1.2m-116keV-volume-20250521125136.zarr,PHerc0009B/segments/20250919130642-auto_grown_20250919060642061/surface-volumes/8.64um-1.2m-116keV-volume-20250521125136.zarr,zarr,True,layers-zarr,6,6,0,,0,"31,7180,5260",|u1,0,"31,128,128",populated
PHerc0009B/segments/20250919131352-auto_grown_20250919061352722_inp_hr,PHerc0009B,2.401um-0.35m-77keV-volume-20250820154339.zarr,PHerc0009B/segments/20250919131352-auto_grown_20250919061352722_inp_hr/surface-volumes/2.401um-0.35m-77keV-volume-20250820154339.zarr,zarr,True,layers-zarr,6,6,0,,0,"109,27520,20520",|u1,0,"109,128,128",populated
PHerc0009B/segments/20250919131352-auto_grown_20250919061352722_inp_hr,PHerc0009B,8.64um-1.2m-116keV-volume-20250521125136.zarr,PHerc0009B/segments/20250919131352-auto_grown_20250919061352722_inp_hr/surface-volumes/8.64um-1.2m-116keV-volume-20250521125136.zarr,zarr,True,layers-zarr,6,6,0,,0,"31,7640,5700",|u1,0,"31,128,128",populated
PHerc0009B/segments/20250919131642-auto_grown_20250919061642215_inp_hr,PHerc0009B,2.401um-0.35m-77keV-volume-20250820154339.zarr,PHerc0009B/segments/20250919131642-auto_grown_20250919061642215_inp_hr/surface-volumes/2.401um-0.35m-77keV-volume-20250820154339.zarr,zarr,True,layers-zarr,6,6,0,,0,"109,23700,13020",|u1,0,"109,128,128",populated
PHerc0009B/segments/20250919131642-auto_grown_20250919061642215_inp_hr,PHerc0009B,8.64um-1.2m-116keV-volume-20250521125136.zarr,PHerc0009B/segments/20250919131642-auto_grown_20250919061642215_inp_hr/surface-volumes/8.64um-1.2m-116keV-volume-20250521125136.zarr,zarr,True,layers-zarr,6,6,0,,0,"31,6580,3620",|u1,0,"31,128,128",populated
PHerc0009B/segments/20250919132115-auto_grown_20250919062115592_inp_hr,PHerc0009B,2.401um-0.35m-77keV-volume-20250820154339.zarr,PHerc0009B/segments/20250919132115-auto_grown_20250919062115592_inp_hr/surface-volumes/2.401um-0.35m-77keV-volume-20250820154339.zarr,zarr,True,layers-zarr,6,6,0,,0,"109,26060,23620",|u1,0,"109,128,128",populated
PHerc0009B/segments/20250919132115-auto_grown_20250919062115592_inp_hr,PHerc0009B,8.64um-1.2m-116keV-volume-20250521125136.zarr,PHerc0009B/segments/20250919132115-auto_grown_20250919062115592_inp_hr/surface-volumes/8.64um-1.2m-116keV-volume-20250521125136.zarr,zarr,True,layers-zarr,6,6,0,,0,"31,7240,6560",|u1,0,"31,128,128",populated
PHerc0009B/segments/20250919133208-auto_grown_20250919063208154_inp_hr,PHerc0009B,2.401um-0.35m-77keV-volume-20250820154339.zarr,PHerc0009B/segments/20250919133208-auto_grown_20250919063208154_inp_hr/surface-volumes/2.401um-0.35m-77keV-volume-20250820154339.zarr,zarr,True,layers-zarr,6,6,0,,0,"109,24560,18060",|u1,0,"109,128,128",populated
PHerc0009B/segments/20250919133208-auto_grown_20250919063208154_inp_hr,PHerc0009B,8.64um-1.2m-116keV-volume-20250521125136.zarr,PHerc0009B/segments/20250919133208-auto_grown_20250919063208154_inp_hr/surface-volumes/8.64um-1.2m-116keV-volume-20250521125136.zarr,zarr,True,layers-zarr,6,6,0,,0,"31,6820,5020",|u1,0,"31,128,128",populated
PHerc0009B/segments/20250919135433-auto_grown_20250919065433578_inp_hr,PHerc0009B,2.401um-0.35m-77keV-volume-20250820154339.zarr,PHerc0009B/segments/20250919135433-auto_grown_20250919065433578_inp_hr/surface-volumes/2.401um-0.35m-77keV-volume-20250820154339.zarr,zarr,True,layers-zarr,6,6,0,,0,"109,25360,24760",|u1,0,"109,128,128",populated
PHerc0009B/segments/20250919135433-auto_grown_20250919065433578_inp_hr,PHerc0009B,8.64um-1.2m-116keV-volume-20250521125136.zarr,PHerc0009B/segments/20250919135433-auto_grown_20250919065433578_inp_hr/surface-volumes/8.64um-1.2m-116keV-volume-20250521125136.zarr,zarr,True,layers-zarr,6,6,0,,0,"31,7040,6880",|u1,0,"31,128,128",populated
PHerc0009B/segments/20250919135915-auto_grown_20250919065915092_inp_hr,PHerc0009B,2.401um-0.35m-77keV-volume-20250820154339.zarr,PHerc0009B/segments/20250919135915-auto_grown_20250919065915092_inp_hr/surface-volumes/2.401um-0.35m-77keV-volume-20250820154339.zarr,zarr,True,layers-zarr,6,6,0,,0,"109,23700,19360",|u1,0,"109,128,128",populated
PHerc0009B/segments/20250919135915-auto_grown_20250919065915092_inp_hr,PHerc0009B,8.64um-1.2m-116keV-volume-20250521125136.zarr,PHerc0009B/segments/20250919135915-auto_grown_20250919065915092_inp_hr/surface-volumes/8.64um-1.2m-116keV-volume-20250521125136.zarr,zarr,True,layers-zarr,6,6,0,,0,"31,6580,5380",|u1,0,"31,128,128",populated
PHerc0009B/segments/20250919140325-auto_grown_20250919070325767_inp_hr,PHerc0009B,2.401um-0.35m-77keV-volume-20250820154339.zarr,PHerc0009B/segments/20250919140325-auto_grown_20250919070325767_inp_hr/surface-volumes/2.401um-0.35m-77keV-volume-20250820154339.zarr,zarr,True,layers-zarr,6,6,0,,0,"109,25700,17000",|u1,0,"109,128,128",populated
PHerc0009B/segments/20250919140325-auto_grown_20250919070325767_inp_hr,PHerc0009B,8.64um-1.2m-116keV-volume-20250521125136.zarr,PHerc0009B/segments/20250919140325-auto_grown_20250919070325767_inp_hr/surface-volumes/8.64um-1.2m-116keV-volume-20250521125136.zarr,zarr,True,layers-zarr,6,6,0,,0,"31,7140,4720",|u1,0,"31,128,128",populated
PHerc0139/segments/20250108000000-w025_2025010863,PHerc0139,1.129um-0.22m-59keV-volume-20260413113053-L1.zarr,PHerc0139/segments/20250108000000-w025_2025010863/surface-volumes/1.129um-0.22m-59keV-volume-20260413113053-L1.zarr,zarr,True,layers-zarr,6,6,0,,0,"116,30120,28170",|u1,0,"116,128,128",populated
PHerc0139/segments/20250108000000-w025_2025010863,PHerc0139,2.399um-0.22m-78keV-volume-20260102150214.zarr,PHerc0139/segments/20250108000000-w025_2025010863/surface-volumes/2.399um-0.22m-78keV-volume-20260102150214.zarr,zarr,True,layers-zarr,6,6,0,,0,"109,28320,26480",|u1,0,"109,128,128",populated
PHerc0139/segments/20250108000000-w025_2025010863,PHerc0139,9.362um-1.2m-113keV-volume-20250728140407.zarr,PHerc0139/segments/20250108000000-w025_2025010863/surface-volumes/9.362um-1.2m-113keV-volume-20250728140407.zarr,zarr,True,layers-zarr,6,6,0,,0,"28,7280,6800",|u1,0,"28,128,128",populated
PHerc0139/segments/20250108000001-w026_2025010854,PHerc0139,1.129um-0.22m-59keV-volume-20260413113053-L1.zarr,PHerc0139/segments/20250108000001-w026_2025010854/surface-volumes/1.129um-0.22m-59keV-volume-20260413113053-L1.zarr,zarr,True,layers-zarr,6,6,0,,0,"116,30800,30300",|u1,0,"116,128,128",populated
PHerc0139/segments/20250108000001-w026_2025010854,PHerc0139,2.399um-0.22m-78keV-volume-20260102150214.zarr,PHerc0139/segments/20250108000001-w026_2025010854/surface-volumes/2.399um-0.22m-78keV-volume-20260102150214.zarr,zarr,True,layers-zarr,6,6,0,,0,"109,28960,28480",|u1,0,"109,128,128",populated
PHerc0139/segments/20250108000001-w026_2025010854,PHerc0139,9.362um-1.2m-113keV-volume-20250728140407.zarr,PHerc0139/segments/20250108000001-w026_2025010854/surface-volumes/9.362um-1.2m-113keV-volume-20250728140407.zarr,zarr,True,layers-zarr,6,6,0,,0,"28,7440,7320",|u1,0,"28,128,128",populated
PHerc0139/segments/20250108000002-w027_2025010845,PHerc0139,1.129um-0.22m-59keV-volume-20260413113053-L1.zarr,PHerc0139/segments/20250108000002-w027_2025010845/surface-volumes/1.129um-0.22m-59keV-volume-20260413113053-L1.zarr,zarr,True,layers-zarr,6,6,0,,0,"116,30290,30210",|u1,0,"116,128,128",populated
PHerc0139/segments/20250108000002-w027_2025010845,PHerc0139,2.399um-0.22m-78keV-volume-20260102150214.zarr,PHerc0139/segments/20250108000002-w027_2025010845/surface-volumes/2.399um-0.22m-78keV-volume-20260102150214.zarr,zarr,True,layers-zarr,6,6,0,,0,"109,28480,28400",|u1,0,"109,128,128",populated
PHerc0139/segments/20250108000002-w027_2025010845,PHerc0139,9.362um-1.2m-113keV-volume-20250728140407.zarr,PHerc0139/segments/20250108000002-w027_2025010845/surface-volumes/9.362um-1.2m-113keV-volume-20250728140407.zarr,zarr,True,layers-zarr,6,6,0,,0,"28,7320,7300",|u1,0,"28,128,128",populated
PHerc0139/segments/20250108000003-w028_2025010836,PHerc0139,1.129um-0.22m-59keV-volume-20260413113053-L1.zarr,PHerc0139/segments/20250108000003-w028_2025010836/surface-volumes/1.129um-0.22m-59keV-volume-20260413113053-L1.zarr,zarr,True,layers-zarr,6,6,0,,0,"116,30030,30460",|u1,0,"116,128,128",populated
PHerc0139/segments/20250108000003-w028_2025010836,PHerc0139,2.399um-0.22m-78keV-volume-20260102150214.zarr,PHerc0139/segments/20250108000003-w028_2025010836/surface-volumes/2.399um-0.22m-78keV-volume-20260102150214.zarr,zarr,True,layers-zarr,6,6,0,,0,"109,28240,28640",|u1,0,"109,128,128",populated
PHerc0139/segments/20250108000003-w028_2025010836,PHerc0139,9.362um-1.2m-113keV-volume-20250728140407.zarr,PHerc0139/segments/20250108000003-w028_2025010836/surface-volumes/9.362um-1.2m-113keV-volume-20250728140407.zarr,zarr,True,layers-zarr,6,6,0,,0,"28,7260,7360",|u1,0,"28,128,128",populated
PHerc0139/segments/20250108000004-w029_2025010827,PHerc0139,1.129um-0.22m-59keV-volume-20260413113053-L1.zarr,PHerc0139/segments/20250108000004-w029_2025010827/surface-volumes/1.129um-0.22m-59keV-volume-20260413113053-L1.zarr,zarr,True,layers-zarr,6,6,0,,0,"116,29860,30720",|u1,0,"116,128,128",populated
PHerc0139/segments/20250108000004-w029_2025010827,PHerc0139,2.399um-0.22m-78keV-volume-20260102150214.zarr,PHerc0139/segments/20250108000004-w029_2025010827/surface-volumes/2.399um-0.22m-78keV-volume-20260102150214.zarr,zarr,True,layers-zarr,6,6,0,,0,"109,28080,28880",|u1,0,"109,128,128",populated
PHerc0139/segments/20250108000004-w029_2025010827,PHerc0139,9.362um-1.2m-113keV-volume-20250728140407.zarr,PHerc0139/segments/20250108000004-w029_2025010827/surface-volumes/9.362um-1.2m-113keV-volume-20250728140407.zarr,zarr,True,layers-zarr,6,6,0,,0,"28,7220,7420",|u1,0,"28,128,128",populated
PHerc0139/segments/20250108000005-w030_2025010818,PHerc0139,1.129um-0.22m-59keV-volume-20260413113053-L1.zarr,PHerc0139/segments/20250108000005-w030_2025010818/surface-volumes/1.129um-0.22m-59keV-volume-20260413113053-L1.zarr,zarr,True,layers-zarr,6,6,0,,0,"116,29520,30890",|u1,0,"116,128,128",populated
PHerc0139/segments/20250108000005-w030_2025010818,PHerc0139,2.399um-0.22m-78keV-volume-20260102150214.zarr,PHerc0139/segments/20250108000005-w030_2025010818/surface-volumes/2.399um-0.22m-78keV-volume-20260102150214.zarr,zarr,True,layers-zarr,6,6,0,,0,"109,27760,29040",|u1,0,"109,128,128",populated
PHerc0139/segments/20250108000005-w030_2025010818,PHerc0139,9.362um-1.2m-113keV-volume-20250728140407.zarr,PHerc0139/segments/20250108000005-w030_2025010818/surface-volumes/9.362um-1.2m-113keV-volume-20250728140407.zarr,zarr,True,layers-zarr,6,6,0,,0,"28,7140,7460",|u1,0,"28,128,128",populated
PHerc0139/segments/20250223000000-w059_2025022312,PHerc0139,1.129um-0.22m-59keV-volume-20260413113053-L1.zarr,PHerc0139/segments/20250223000000-w059_2025022312/surface-volumes/1.129um-0.22m-59keV-volume-20260413113053-L1.zarr,zarr,True,layers-zarr,6,6,0,,0,"116,29860,41440",|u1,0,"116,128,128",populated
PHerc0139/segments/20250223000000-w059_2025022312,PHerc0139,2.399um-0.22m-78keV-volume-20260102150214.zarr,PHerc0139/segments/20250223000000-w059_2025022312/surface-volumes/2.399um-0.22m-78keV-volume-20260102150214.zarr,zarr,True,layers-zarr,6,6,0,,0,"109,28080,38960",|u1,0,"109,128,128",populated
PHerc0139/segments/20250223000000-w059_2025022312,PHerc0139,9.362um-1.2m-113keV-volume-20250728140407.zarr,PHerc0139/segments/20250223000000-w059_2025022312/surface-volumes/9.362um-1.2m-113keV-volume-20250728140407.zarr,zarr,True,layers-zarr,6,6,0,,0,"28,7220,10020",|u1,0,"28,128,128",populated
PHerc0139/segments/20250831000000-w040_2025083102,PHerc0139,1.129um-0.22m-59keV-volume-20260413113053-L1.zarr,PHerc0139/segments/20250831000000-w040_2025083102/surface-volumes/1.129um-0.22m-59keV-volume-20260413113053-L1.zarr,zarr,True,layers-zarr,6,6,0,,0,"116,26460,33020",|u1,0,"116,128,128",populated
PHerc0139/segments/20250831000000-w040_2025083102,PHerc0139,2.399um-0.22m-78keV-volume-20260102150214.zarr,PHerc0139/segments/20250831000000-w040_2025083102/surface-volumes/2.399um-0.22m-78keV-volume-20260102150214.zarr,zarr,True,layers-zarr,6,6,0,,0,"109,24880,31040",|u1,0,"109,128,128",populated
PHerc0139/segments/20250831000000-w040_2025083102,PHerc0139,9.362um-1.2m-113keV-volume-20250728140407.zarr,PHerc0139/segments/20250831000000-w040_2025083102/surface-volumes/9.362um-1.2m-113keV-volume-20250728140407.zarr,zarr,True,layers-zarr,6,6,0,,0,"28,6400,7980",|u1,0,"28,128,128",populated
PHerc0139/segments/20251226000000-w055_2025122611,PHerc0139,1.129um-0.22m-59keV-volume-20260413113053-L1.zarr,PHerc0139/segments/20251226000000-w055_2025122611/surface-volumes/1.129um-0.22m-59keV-volume-20260413113053-L1.zarr,zarr,True,layers-zarr,6,6,0,,0,"116,31910,43150",|u1,0,"116,128,128",populated
PHerc0139/segments/20251226000000-w055_2025122611,PHerc0139,2.399um-0.22m-78keV-volume-20260102150214.zarr,PHerc0139/segments/20251226000000-w055_2025122611/surface-volumes/2.399um-0.22m-78keV-volume-20260102150214.zarr,zarr,True,layers-zarr,6,6,0,,0,"109,30000,40560",|u1,0,"109,128,128",populated
PHerc0139/segments/20251226000000-w055_2025122611,PHerc0139,9.362um-1.2m-113keV-volume-20250728140407.zarr,PHerc0139/segments/20251226000000-w055_2025122611/surface-volumes/9.362um-1.2m-113keV-volume-20250728140407.zarr,zarr,True,layers-zarr,6,6,0,,0,"28,7720,10420",|u1,0,"28,128,128",populated
PHerc0139/segments/20260108000000-w041_2026010816,PHerc0139,1.129um-0.22m-59keV-volume-20260413113053-L1.zarr,PHerc0139/segments/20260108000000-w041_2026010816/surface-volumes/1.129um-0.22m-59keV-volume-20260413113053-L1.zarr,zarr,True,layers-zarr,6,6,0,,0,"116,25610,33190",|u1,0,"116,128,128",populated
PHerc0139/segments/20260108000000-w041_2026010816,PHerc0139,2.399um-0.22m-78keV-volume-20260102150214.zarr,PHerc0139/segments/20260108000000-w041_2026010816/surface-volumes/2.399um-0.22m-78keV-volume-20260102150214.zarr,zarr,True,layers-zarr,6,6,0,,0,"109,24080,31200",|u1,0,"109,128,128",populated
PHerc0139/segments/20260108000000-w041_2026010816,PHerc0139,9.362um-1.2m-113keV-volume-20250728140407.zarr,PHerc0139/segments/20260108000000-w041_2026010816/surface-volumes/9.362um-1.2m-113keV-volume-20250728140407.zarr,zarr,True,layers-zarr,6,6,0,,0,"28,6200,8020",|u1,0,"28,128,128",populated
PHerc0139/segments/20260112000000-w043_2026011217,PHerc0139,1.129um-0.22m-59keV-volume-20260413113053-L1.zarr,PHerc0139/segments/20260112000000-w043_2026011217/surface-volumes/1.129um-0.22m-59keV-volume-20260413113053-L1.zarr,zarr,True,layers-zarr,6,6,0,,0,"116,25270,33610",|u1,0,"116,128,128",populated
PHerc0139/segments/20260112000000-w043_2026011217,PHerc0139,2.399um-0.22m-78keV-volume-20260102150214.zarr,PHerc0139/segments/20260112000000-w043_2026011217/surface-volumes/2.399um-0.22m-78keV-volume-20260102150214.zarr,zarr,True,layers-zarr,6,6,0,,0,"109,23760,31600",|u1,0,"109,128,128",populated
PHerc0139/segments/20260112000000-w043_2026011217,PHerc0139,9.362um-1.2m-113keV-volume-20250728140407.zarr,PHerc0139/segments/20260112000000-w043_2026011217/surface-volumes/9.362um-1.2m-113keV-volume-20250728140407.zarr,zarr,True,layers-zarr,6,6,0,,0,"28,6120,8120",|u1,0,"28,128,128",populated
PHerc0139/segments/20260115000000-w044_2026011522,PHerc0139,1.129um-0.22m-59keV-volume-20260413113053-L1.zarr,PHerc0139/segments/20260115000000-w044_2026011522/surface-volumes/1.129um-0.22m-59keV-volume-20260413113053-L1.zarr,zarr,True,layers-zarr,6,6,0,,0,"116,25010,33780",|u1,0,"116,128,128",populated
PHerc0139/segments/20260115000000-w044_2026011522,PHerc0139,2.399um-0.22m-78keV-volume-20260102150214.zarr,PHerc0139/segments/20260115000000-w044_2026011522/surface-volumes/2.399um-0.22m-78keV-volume-20260102150214.zarr,zarr,True,layers-zarr,6,6,0,,0,"109,23520,31760",|u1,0,"109,128,128",populated
PHerc0139/segments/20260115000000-w044_2026011522,PHerc0139,9.362um-1.2m-113keV-volume-20250728140407.zarr,PHerc0139/segments/20260115000000-w044_2026011522/surface-volumes/9.362um-1.2m-113keV-volume-20250728140407.zarr,zarr,True,layers-zarr,6,6,0,,0,"28,6040,8160",|u1,0,"28,128,128",populated
PHerc0139/segments/20260115000001-w056_2026011514,PHerc0139,1.129um-0.22m-59keV-volume-20260413113053-L1.zarr,PHerc0139/segments/20260115000001-w056_2026011514/surface-volumes/1.129um-0.22m-59keV-volume-20260413113053-L1.zarr,zarr,True,layers-zarr,6,6,0,,0,"116,29690,40340",|u1,0,"116,128,128",populated
PHerc0139/segments/20260115000001-w056_2026011514,PHerc0139,2.399um-0.22m-78keV-volume-20260102150214.zarr,PHerc0139/segments/20260115000001-w056_2026011514/surface-volumes/2.399um-0.22m-78keV-volume-20260102150214.zarr,zarr,True,layers-zarr,6,6,0,,0,"109,27920,37920",|u1,0,"109,128,128",populated
PHerc0139/segments/20260115000001-w056_2026011514,PHerc0139,9.362um-1.2m-113keV-volume-20250728140407.zarr,PHerc0139/segments/20260115000001-w056_2026011514/surface-volumes/9.362um-1.2m-113keV-volume-20250728140407.zarr,zarr,True,layers-zarr,6,6,0,,0,"28,7180,9740",|u1,0,"28,128,128",populated
PHerc0139/segments/20260126000000-w045_2026012619,PHerc0139,1.129um-0.22m-59keV-volume-20260413113053-L1.zarr,PHerc0139/segments/20260126000000-w045_2026012619/surface-volumes/1.129um-0.22m-59keV-volume-20260413113053-L1.zarr,zarr,True,layers-zarr,6,6,0,,0,"116,24760,34120",|u1,0,"116,128,128",populated
PHerc0139/segments/20260126000000-w045_2026012619,PHerc0139,2.399um-0.22m-78keV-volume-20260102150214.zarr,PHerc0139/segments/20260126000000-w045_2026012619/surface-volumes/2.399um-0.22m-78keV-volume-20260102150214.zarr,zarr,True,layers-zarr,6,6,0,,0,"109,23280,32080",|u1,0,"109,128,128",populated
PHerc0139/segments/20260126000000-w045_2026012619,PHerc0139,9.362um-1.2m-113keV-volume-20250728140407.zarr,PHerc0139/segments/20260126000000-w045_2026012619/surface-volumes/9.362um-1.2m-113keV-volume-20250728140407.zarr,zarr,True,layers-zarr,6,6,0,,0,"28,5980,8240",|u1,0,"28,128,128",populated
PHerc0139/segments/20260127000000-w057_2026012713,PHerc0139,1.129um-0.22m-59keV-volume-20260413113053-L1.zarr,PHerc0139/segments/20260127000000-w057_2026012713/surface-volumes/1.129um-0.22m-59keV-volume-20260413113053-L1.zarr,zarr,True,layers-zarr,6,6,0,,0,"116,31400,40510",|u1,0,"116,128,128",populated
PHerc0139/segments/20260127000000-w057_2026012713,PHerc0139,2.399um-0.22m-78keV-volume-20260102150214.zarr,PHerc0139/segments/20260127000000-w057_2026012713/surface-volumes/2.399um-0.22m-78keV-volume-20260102150214.zarr,zarr,True,layers-zarr,6,6,0,,0,"109,29520,38080",|u1,0,"109,128,128",populated
PHerc0139/segments/20260127000000-w057_2026012713,PHerc0139,9.362um-1.2m-113keV-volume-20250728140407.zarr,PHerc0139/segments/20260127000000-w057_2026012713/surface-volumes/9.362um-1.2m-113keV-volume-20250728140407.zarr,zarr,True,layers-zarr,6,6,0,,0,"28,7600,9780",|u1,0,"28,128,128",populated
PHerc0139/segments/20260130000000-w031_2026013019,PHerc0139,1.129um-0.22m-59keV-volume-20260413113053-L1.zarr,PHerc0139/segments/20260130000000-w031_2026013019/surface-volumes/1.129um-0.22m-59keV-volume-20260413113053-L1.zarr,zarr,True,layers-zarr,6,6,0,,0,"116,29270,31060",|u1,0,"116,128,128",populated
PHerc0139/segments/20260130000000-w031_2026013019,PHerc0139,2.399um-0.22m-78keV-volume-20260102150214.zarr,PHerc0139/segments/20260130000000-w031_2026013019/surface-volumes/2.399um-0.22m-78keV-volume-20260102150214.zarr,zarr,True,layers-zarr,6,6,0,,0,"109,27520,29200",|u1,0,"109,128,128",populated
PHerc0139/segments/20260130000000-w031_2026013019,PHerc0139,9.362um-1.2m-113keV-volume-20250728140407.zarr,PHerc0139/segments/20260130000000-w031_2026013019/surface-volumes/9.362um-1.2m-113keV-volume-20250728140407.zarr,zarr,True,layers-zarr,6,6,0,,0,"28,7080,7500",|u1,0,"28,128,128",populated
PHerc0139/segments/20260203000000-w032_2026020303,PHerc0139,1.129um-0.22m-59keV-volume-20260413113053-L1.zarr,PHerc0139/segments/20260203000000-w032_2026020303/surface-volumes/1.129um-0.22m-59keV-volume-20260413113053-L1.zarr,zarr,True,layers-zarr,6,6,0,,0,"116,29350,31490",|u1,0,"116,128,128",populated
PHerc0139/segments/20260203000000-w032_2026020303,PHerc0139,2.399um-0.22m-78keV-volume-20260102150214.zarr,PHerc0139/segments/20260203000000-w032_2026020303/surface-volumes/2.399um-0.22m-78keV-volume-20260102150214.zarr,zarr,True,layers-zarr,6,6,0,,0,"109,27600,29600",|u1,0,"109,128,128",populated
PHerc0139/segments/20260203000000-w032_2026020303,PHerc0139,9.362um-1.2m-113keV-volume-20250728140407.zarr,PHerc0139/segments/20260203000000-w032_2026020303/surface-volumes/9.362um-1.2m-113keV-volume-20250728140407.zarr,zarr,True,layers-zarr,6,6,0,,0,"28,7100,7600",|u1,0,"28,128,128",populated
PHerc0139/segments/20260206000000-w042_2026020613,PHerc0139,1.129um-0.22m-59keV-volume-20260413113053-L1.zarr,PHerc0139/segments/20260206000000-w042_2026020613/surface-volumes/1.129um-0.22m-59keV-volume-20260413113053-L1.zarr,zarr,True,layers-zarr,6,6,0,,0,"116,24760,32590",|u1,0,"116,128,128",populated
PHerc0139/segments/20260206000000-w042_2026020613,PHerc0139,2.399um-0.22m-78keV-volume-20260102150214.zarr,PHerc0139/segments/20260206000000-w042_2026020613/surface-volumes/2.399um-0.22m-78keV-volume-20260102150214.zarr,zarr,True,layers-zarr,6,6,0,,0,"109,23280,30640",|u1,0,"109,128,128",populated
PHerc0139/segments/20260206000000-w042_2026020613,PHerc0139,9.362um-1.2m-113keV-volume-20250728140407.zarr,PHerc0139/segments/20260206000000-w042_2026020613/surface-volumes/9.362um-1.2m-113keV-volume-20250728140407.zarr,zarr,True,layers-zarr,6,6,0,,0,"28,5980,7880",|u1,0,"28,128,128",populated
PHerc0139/segments/20260206000001-w047_2026020613,PHerc0139,1.129um-0.22m-59keV-volume-20260413113053-L1.zarr,PHerc0139/segments/20260206000001-w047_2026020613/surface-volumes/1.129um-0.22m-59keV-volume-20260413113053-L1.zarr,zarr,True,layers-zarr,6,6,0,,0,"116,24160,34890",|u1,0,"116,128,128",populated
PHerc0139/segments/20260206000001-w047_2026020613,PHerc0139,2.399um-0.22m-78keV-volume-20260102150214.zarr,PHerc0139/segments/20260206000001-w047_2026020613/surface-volumes/2.399um-0.22m-78keV-volume-20260102150214.zarr,zarr,True,layers-zarr,6,6,0,,0,"109,22720,32800",|u1,0,"109,128,128",populated
PHerc0139/segments/20260206000001-w047_2026020613,PHerc0139,9.362um-1.2m-113keV-volume-20250728140407.zarr,PHerc0139/segments/20260206000001-w047_2026020613/surface-volumes/9.362um-1.2m-113keV-volume-20250728140407.zarr,zarr,True,layers-zarr,6,6,0,,0,"28,5840,8440",|u1,0,"28,128,128",populated
PHerc0139/segments/20260206000002-w054_2026020617,PHerc0139,1.129um-0.22m-59keV-volume-20260413113053-L1.zarr,PHerc0139/segments/20260206000002-w054_2026020617/surface-volumes/1.129um-0.22m-59keV-volume-20260413113053-L1.zarr,zarr,True,layers-zarr,6,6,0,,0,"116,31650,46120",|u1,0,"116,128,128",populated
PHerc0139/segments/20260206000002-w054_2026020617,PHerc0139,2.399um-0.22m-78keV-volume-20260102150214.zarr,PHerc0139/segments/20260206000002-w054_2026020617/surface-volumes/2.399um-0.22m-78keV-volume-20260102150214.zarr,zarr,True,layers-zarr,6,6,0,,0,"109,29760,43360",|u1,0,"109,128,128",populated
PHerc0139/segments/20260206000002-w054_2026020617,PHerc0139,9.362um-1.2m-113keV-volume-20250728140407.zarr,PHerc0139/segments/20260206000002-w054_2026020617/surface-volumes/9.362um-1.2m-113keV-volume-20250728140407.zarr,zarr,True,layers-zarr,6,6,0,,0,"28,7660,11140",|u1,0,"28,128,128",populated
PHerc0139/segments/20260210000000-w058_2026021020,PHerc0139,1.129um-0.22m-59keV-volume-20260413113053-L1.zarr,PHerc0139/segments/20260210000000-w058_2026021020/surface-volumes/1.129um-0.22m-59keV-volume-20260413113053-L1.zarr,zarr,True,layers-zarr,6,6,0,,0,"116,31060,40850",|u1,0,"116,128,128",populated
PHerc0139/segments/20260210000000-w058_2026021020,PHerc0139,2.399um-0.22m-78keV-volume-20260102150214.zarr,PHerc0139/segments/20260210000000-w058_2026021020/surface-volumes/2.399um-0.22m-78keV-volume-20260102150214.zarr,zarr,True,layers-zarr,6,6,0,,0,"109,29200,38400",|u1,0,"109,128,128",populated
PHerc0139/segments/20260210000000-w058_2026021020,PHerc0139,9.362um-1.2m-113keV-volume-20250728140407.zarr,PHerc0139/segments/20260210000000-w058_2026021020/surface-volumes/9.362um-1.2m-113keV-volume-20250728140407.zarr,zarr,True,layers-zarr,6,6,0,,0,"28,7500,9880",|u1,0,"28,128,128",populated
PHerc0139/segments/20260215000000-w024_2026021572,PHerc0139,1.129um-0.22m-59keV-volume-20260413113053-L1.zarr,PHerc0139/segments/20260215000000-w024_2026021572/surface-volumes/1.129um-0.22m-59keV-volume-20260413113053-L1.zarr,zarr,True,layers-zarr,6,6,0,,0,"116,29350,27400",|u1,0,"116,128,128",populated
PHerc0139/segments/20260215000000-w024_2026021572,PHerc0139,2.399um-0.22m-78keV-volume-20260102150214.zarr,PHerc0139/segments/20260215000000-w024_2026021572/surface-volumes/2.399um-0.22m-78keV-volume-20260102150214.zarr,zarr,True,layers-zarr,6,6,0,,0,"109,27600,25760",|u1,0,"109,128,128",populated
PHerc0139/segments/20260215000000-w024_2026021572,PHerc0139,9.362um-1.2m-113keV-volume-20250728140407.zarr,PHerc0139/segments/20260215000000-w024_2026021572/surface-volumes/9.362um-1.2m-113keV-volume-20250728140407.zarr,zarr,True,layers-zarr,6,6,0,,0,"28,7100,6620",|u1,0,"28,128,128",populated
PHerc0139/segments/20260219000000-w033_2026021913,PHerc0139,1.129um-0.22m-59keV-volume-20260413113053-L1.zarr,PHerc0139/segments/20260219000000-w033_2026021913/surface-volumes/1.129um-0.22m-59keV-volume-20260413113053-L1.zarr,zarr,True,layers-zarr,6,6,0,,0,"116,29350,31740",|u1,0,"116,128,128",populated
PHerc0139/segments/20260219000000-w033_2026021913,PHerc0139,2.399um-0.22m-78keV-volume-20260102150214.zarr,PHerc0139/segments/20260219000000-w033_2026021913/surface-volumes/2.399um-0.22m-78keV-volume-20260102150214.zarr,zarr,True,layers-zarr,6,6,0,,0,"109,27600,29840",|u1,0,"109,128,128",populated
PHerc0139/segments/20260219000000-w033_2026021913,PHerc0139,9.362um-1.2m-113keV-volume-20250728140407.zarr,PHerc0139/segments/20260219000000-w033_2026021913/surface-volumes/9.362um-1.2m-113keV-volume-20250728140407.zarr,zarr,True,layers-zarr,6,6,0,,0,"28,7100,7680",|u1,0,"28,128,128",populated
PHerc0139/segments/20260219000001-w048_2026021912,PHerc0139,1.129um-0.22m-59keV-volume-20260413113053-L1.zarr,PHerc0139/segments/20260219000001-w048_2026021912/surface-volumes/1.129um-0.22m-59keV-volume-20260413113053-L1.zarr,zarr,True,layers-zarr,6,6,0,,0,"116,23650,35230",|u1,0,"116,128,128",populated
PHerc0139/segments/20260219000001-w048_2026021912,PHerc0139,2.399um-0.22m-78keV-volume-20260102150214.zarr,PHerc0139/segments/20260219000001-w048_2026021912/surface-volumes/2.399um-0.22m-78keV-volume-20260102150214.zarr,zarr,True,layers-zarr,6,6,0,,0,"109,22240,33120",|u1,0,"109,128,128",populated
PHerc0139/segments/20260219000001-w048_2026021912,PHerc0139,9.362um-1.2m-113keV-volume-20250728140407.zarr,PHerc0139/segments/20260219000001-w048_2026021912/surface-volumes/9.362um-1.2m-113keV-volume-20250728140407.zarr,zarr,True,layers-zarr,6,6,0,,0,"28,5720,8520",|u1,0,"28,128,128",populated
PHerc0139/segments/20260220000000-w053_2026022021,PHerc0139,1.129um-0.22m-59keV-volume-20260413113053-L1.zarr,PHerc0139/segments/20260220000000-w053_2026022021/surface-volumes/1.129um-0.22m-59keV-volume-20260413113053-L1.zarr,zarr,True,layers-zarr,6,6,0,,0,"116,30800,42890",|u1,0,"116,128,128",populated
PHerc0139/segments/20260220000000-w053_2026022021,PHerc0139,2.399um-0.22m-78keV-volume-20260102150214.zarr,PHerc0139/segments/20260220000000-w053_2026022021/surface-volumes/2.399um-0.22m-78keV-volume-20260102150214.zarr,zarr,True,layers-zarr,6,6,0,,0,"109,28960,40320",|u1,0,"109,128,128",populated
PHerc0139/segments/20260220000000-w053_2026022021,PHerc0139,9.362um-1.2m-113keV-volume-20250728140407.zarr,PHerc0139/segments/20260220000000-w053_2026022021/surface-volumes/9.362um-1.2m-113keV-volume-20250728140407.zarr,zarr,True,layers-zarr,6,6,0,,0,"28,7440,10360",|u1,0,"28,128,128",populated
PHerc0139/segments/20260227000000-w052_2026022705,PHerc0139,1.129um-0.22m-59keV-volume-20260413113053-L1.zarr,PHerc0139/segments/20260227000000-w052_2026022705/surface-volumes/1.129um-0.22m-59keV-volume-20260413113053-L1.zarr,zarr,True,layers-zarr,6,6,0,,0,"116,31820,40420",|u1,0,"116,128,128",populated
PHerc0139/segments/20260227000000-w052_2026022705,PHerc0139,2.399um-0.22m-78keV-volume-20260102150214.zarr,PHerc0139/segments/20260227000000-w052_2026022705/surface-volumes/2.399um-0.22m-78keV-volume-20260102150214.zarr,zarr,True,layers-zarr,6,6,0,,0,"109,29920,38000",|u1,0,"109,128,128",populated
PHerc0139/segments/20260227000000-w052_2026022705,PHerc0139,9.362um-1.2m-113keV-volume-20250728140407.zarr,PHerc0139/segments/20260227000000-w052_2026022705/surface-volumes/9.362um-1.2m-113keV-volume-20250728140407.zarr,zarr,True,layers-zarr,6,6,0,,0,"28,7700,9760",|u1,0,"28,128,128",populated
PHerc0139/segments/20260302000000-w039_2026030210,PHerc0139,1.129um-0.22m-59keV-volume-20260413113053-L1.zarr,PHerc0139/segments/20260302000000-w039_2026030210/surface-volumes/1.129um-0.22m-59keV-volume-20260413113053-L1.zarr,zarr,True,layers-zarr,6,6,0,,0,"116,35390,31910",|u1,0,"116,128,128",populated
PHerc0139/segments/20260302000000-w039_2026030210,PHerc0139,2.399um-0.22m-78keV-volume-20260102150214.zarr,PHerc0139/segments/20260302000000-w039_2026030210/surface-volumes/2.399um-0.22m-78keV-volume-20260102150214.zarr,zarr,True,layers-zarr,6,6,0,,0,"109,33280,30000",|u1,0,"109,128,128",populated
PHerc0139/segments/20260302000000-w039_2026030210,PHerc0139,9.362um-1.2m-113keV-volume-20250728140407.zarr,PHerc0139/segments/20260302000000-w039_2026030210/surface-volumes/9.362um-1.2m-113keV-volume-20250728140407.zarr,zarr,True,layers-zarr,6,6,0,,0,"28,8560,7720",|u1,0,"28,128,128",populated
PHerc0139/segments/20260302000001-w050_2026030220,PHerc0139,1.129um-0.22m-59keV-volume-20260413113053-L1.zarr,PHerc0139/segments/20260302000001-w050_2026030220/surface-volumes/1.129um-0.22m-59keV-volume-20260413113053-L1.zarr,zarr,True,layers-zarr,6,6,0,,0,"116,21950,16080",|u1,0,"116,128,128",populated
PHerc0139/segments/20260302000001-w050_2026030220,PHerc0139,1.129um-0.22m-59keV-volume-20260413113053.zarr,PHerc0139/segments/20260302000001-w050_2026030220/surface-volumes/1.129um-0.22m-59keV-volume-20260413113053.zarr,zarr,True,layers-zarr,6,6,0,,0,"231,43900,32160",|u1,0,"231,128,128",populated
PHerc0139/segments/20260302000001-w050_2026030220,PHerc0139,2.399um-0.22m-78keV-volume-20260102150214.zarr,PHerc0139/segments/20260302000001-w050_2026030220/surface-volumes/2.399um-0.22m-78keV-volume-20260102150214.zarr,zarr,True,layers-zarr,6,6,0,,0,"109,20640,15120",|u1,0,"109,128,128",populated
PHerc0139/segments/20260302000001-w050_2026030220,PHerc0139,9.362um-1.2m-113keV-volume-20250728140407.zarr,PHerc0139/segments/20260302000001-w050_2026030220/surface-volumes/9.362um-1.2m-113keV-volume-20250728140407.zarr,zarr,True,layers-zarr,6,6,0,,0,"28,5300,3880",|u1,0,"28,128,128",populated
PHerc0139/segments/20260303000000-w034_2026030317,PHerc0139,1.129um-0.22m-59keV-volume-20260413113053-L1.zarr,PHerc0139/segments/20260303000000-w034_2026030317/surface-volumes/1.129um-0.22m-59keV-volume-20260413113053-L1.zarr,zarr,True,layers-zarr,6,6,0,,0,"116,29100,31910",|u1,0,"116,128,128",populated
PHerc0139/segments/20260303000000-w034_2026030317,PHerc0139,2.399um-0.22m-78keV-volume-20260102150214.zarr,PHerc0139/segments/20260303000000-w034_2026030317/surface-volumes/2.399um-0.22m-78keV-volume-20260102150214.zarr,zarr,True,layers-zarr,6,6,0,,0,"109,27360,30000",|u1,0,"109,128,128",populated
PHerc0139/segments/20260303000000-w034_2026030317,PHerc0139,9.362um-1.2m-113keV-volume-20250728140407.zarr,PHerc0139/segments/20260303000000-w034_2026030317/surface-volumes/9.362um-1.2m-113keV-volume-20250728140407.zarr,zarr,True,layers-zarr,6,6,0,,0,"28,7040,7720",|u1,0,"28,128,128",populated
PHerc0139/segments/20260306000000-w038_2026030608,PHerc0139,1.129um-0.22m-59keV-volume-20260413113053-L1.zarr,PHerc0139/segments/20260306000000-w038_2026030608/surface-volumes/1.129um-0.22m-59keV-volume-20260413113053-L1.zarr,zarr,True,layers-zarr,6,6,0,,0,"116,25610,30810",|u1,0,"116,128,128",populated
PHerc0139/segments/20260306000000-w038_2026030608,PHerc0139,2.399um-0.22m-78keV-volume-20260102150214.zarr,PHerc0139/segments/20260306000000-w038_2026030608/surface-volumes/2.399um-0.22m-78keV-volume-20260102150214.zarr,zarr,True,layers-zarr,6,6,0,,0,"109,24080,28960",|u1,0,"109,128,128",populated
PHerc0139/segments/20260306000000-w038_2026030608,PHerc0139,9.362um-1.2m-113keV-volume-20250728140407.zarr,PHerc0139/segments/20260306000000-w038_2026030608/surface-volumes/9.362um-1.2m-113keV-volume-20250728140407.zarr,zarr,True,layers-zarr,6,6,0,,0,"28,6200,7440",|u1,0,"28,128,128",populated
PHerc0139/segments/20260306000001-w051_2026030600,PHerc0139,1.129um-0.22m-59keV-volume-20260413113053-L1.zarr,PHerc0139/segments/20260306000001-w051_2026030600/surface-volumes/1.129um-0.22m-59keV-volume-20260413113053-L1.zarr,zarr,True,layers-zarr,6,6,0,,0,"116,31310,39740",|u1,0,"116,128,128",populated
PHerc0139/segments/20260306000001-w051_2026030600,PHerc0139,2.399um-0.22m-78keV-volume-20260102150214.zarr,PHerc0139/segments/20260306000001-w051_2026030600/surface-volumes/2.399um-0.22m-78keV-volume-20260102150214.zarr,zarr,True,layers-zarr,6,6,0,,0,"109,29440,37360",|u1,0,"109,128,128",populated
PHerc0139/segments/20260306000001-w051_2026030600,PHerc0139,9.362um-1.2m-113keV-volume-20250728140407.zarr,PHerc0139/segments/20260306000001-w051_2026030600/surface-volumes/9.362um-1.2m-113keV-volume-20250728140407.zarr,zarr,True,layers-zarr,6,6,0,,0,"28,7580,9600",|u1,0,"28,128,128",populated
PHerc0139/segments/20260310000000-w037_2026031015,PHerc0139,1.129um-0.22m-59keV-volume-20260413113053-L1.zarr,PHerc0139/segments/20260310000000-w037_2026031015/surface-volumes/1.129um-0.22m-59keV-volume-20260413113053-L1.zarr,zarr,True,layers-zarr,6,6,0,,0,"116,25350,29780",|u1,0,"116,128,128",populated
PHerc0139/segments/20260310000000-w037_2026031015,PHerc0139,2.399um-0.22m-78keV-volume-20260102150214.zarr,PHerc0139/segments/20260310000000-w037_2026031015/surface-volumes/2.399um-0.22m-78keV-volume-20260102150214.zarr,zarr,True,layers-zarr,6,6,0,,0,"109,23840,28000",|u1,0,"109,128,128",populated
PHerc0139/segments/20260310000000-w037_2026031015,PHerc0139,9.362um-1.2m-113keV-volume-20250728140407.zarr,PHerc0139/segments/20260310000000-w037_2026031015/surface-volumes/9.362um-1.2m-113keV-volume-20250728140407.zarr,zarr,True,layers-zarr,6,6,0,,0,"28,6140,7200",|u1,0,"28,128,128",populated
PHerc0139/segments/20260311000000-w023_202603112281,PHerc0139,1.129um-0.22m-59keV-volume-20260413113053-L1.zarr,PHerc0139/segments/20260311000000-w023_202603112281/surface-volumes/1.129um-0.22m-59keV-volume-20260413113053-L1.zarr,zarr,True,layers-zarr,6,6,0,,0,"116,28670,26380",|u1,0,"116,128,128",populated
PHerc0139/segments/20260311000000-w023_202603112281,PHerc0139,2.399um-0.22m-78keV-volume-20260102150214.zarr,PHerc0139/segments/20260311000000-w023_202603112281/surface-volumes/2.399um-0.22m-78keV-volume-20260102150214.zarr,zarr,True,layers-zarr,6,6,0,,0,"109,26960,24800",|u1,0,"109,128,128",populated
PHerc0139/segments/20260311000000-w023_202603112281,PHerc0139,9.362um-1.2m-113keV-volume-20250728140407.zarr,PHerc0139/segments/20260311000000-w023_202603112281/surface-volumes/9.362um-1.2m-113keV-volume-20250728140407.zarr,zarr,True,layers-zarr,6,6,0,,0,"28,6940,6380",|u1,0,"28,128,128",populated
PHerc0139/segments/20260316000000-w036_2026031607,PHerc0139,1.129um-0.22m-59keV-volume-20260413113053-L1.zarr,PHerc0139/segments/20260316000000-w036_2026031607/surface-volumes/1.129um-0.22m-59keV-volume-20260413113053-L1.zarr,zarr,True,layers-zarr,6,6,0,,0,"116,24760,28850",|u1,0,"116,128,128",populated
PHerc0139/segments/20260316000000-w036_2026031607,PHerc0139,2.399um-0.22m-78keV-volume-20260102150214.zarr,PHerc0139/segments/20260316000000-w036_2026031607/surface-volumes/2.399um-0.22m-78keV-volume-20260102150214.zarr,zarr,True,layers-zarr,6,6,0,,0,"109,23280,27120",|u1,0,"109,128,128",populated
PHerc0139/segments/20260316000000-w036_2026031607,PHerc0139,9.362um-1.2m-113keV-volume-20250728140407.zarr,PHerc0139/segments/20260316000000-w036_2026031607/surface-volumes/9.362um-1.2m-113keV-volume-20250728140407.zarr,zarr,True,layers-zarr,6,6,0,,0,"28,5980,6980",|u1,0,"28,128,128",populated
PHerc0139/segments/20260317000000-w035_2026031718,PHerc0139,1.129um-0.22m-59keV-volume-20260413113053-L1.zarr,PHerc0139/segments/20260317000000-w035_2026031718/surface-volumes/1.129um-0.22m-59keV-volume-20260413113053-L1.zarr,zarr,True,layers-zarr,6,6,0,,0,"116,24080,21700",|u1,0,"116,128,128",populated
PHerc0139/segments/20260317000000-w035_2026031718,PHerc0139,2.399um-0.22m-78keV-volume-20260102150214.zarr,PHerc0139/segments/20260317000000-w035_2026031718/surface-volumes/2.399um-0.22m-78keV-volume-20260102150214.zarr,zarr,True,layers-zarr,6,6,0,,0,"109,22640,20400",|u1,0,"109,128,128",populated
PHerc0139/segments/20260317000000-w035_2026031718,PHerc0139,9.362um-1.2m-113keV-volume-20250728140407.zarr,PHerc0139/segments/20260317000000-w035_2026031718/surface-volumes/9.362um-1.2m-113keV-volume-20250728140407.zarr,zarr,True,layers-zarr,6,6,0,,0,"28,5820,5240",|u1,0,"28,128,128",populated
PHerc0139/segments/20260318000000-w049_20260318,PHerc0139,1.129um-0.22m-59keV-volume-20260413113053-L1.zarr,PHerc0139/segments/20260318000000-w049_20260318/surface-volumes/1.129um-0.22m-59keV-volume-20260413113053-L1.zarr,zarr,True,layers-zarr,6,6,0,,0,"116,23400,38890",|u1,0,"116,128,128",populated
PHerc0139/segments/20260318000000-w049_20260318,PHerc0139,2.399um-0.22m-78keV-volume-20260102150214.zarr,PHerc0139/segments/20260318000000-w049_20260318/surface-volumes/2.399um-0.22m-78keV-volume-20260102150214.zarr,zarr,True,layers-zarr,6,6,0,,0,"109,22000,36560",|u1,0,"109,128,128",populated
PHerc0139/segments/20260318000000-w049_20260318,PHerc0139,9.362um-1.2m-113keV-volume-20250728140407.zarr,PHerc0139/segments/20260318000000-w049_20260318/surface-volumes/9.362um-1.2m-113keV-volume-20250728140407.zarr,zarr,True,layers-zarr,6,6,0,,0,"28,5660,9400",|u1,0,"28,128,128",populated
PHerc0139/segments/20260325000000-w046_20260325,PHerc0139,1.129um-0.22m-59keV-volume-20260413113053-L1.zarr,PHerc0139/segments/20260325000000-w046_20260325/surface-volumes/1.129um-0.22m-59keV-volume-20260413113053-L1.zarr,zarr,True,layers-zarr,6,6,0,,0,"116,24760,34210",|u1,0,"116,128,128",populated
PHerc0139/segments/20260325000000-w046_20260325,PHerc0139,2.399um-0.22m-78keV-volume-20260102150214.zarr,PHerc0139/segments/20260325000000-w046_20260325/surface-volumes/2.399um-0.22m-78keV-volume-20260102150214.zarr,zarr,True,layers-zarr,6,6,0,,0,"109,23280,32160",|u1,0,"109,128,128",populated
PHerc0139/segments/20260325000000-w046_20260325,PHerc0139,9.362um-1.2m-113keV-volume-20250728140407.zarr,PHerc0139/segments/20260325000000-w046_20260325/surface-volumes/9.362um-1.2m-113keV-volume-20250728140407.zarr,zarr,True,layers-zarr,6,6,0,,0,"28,5980,8260",|u1,0,"28,128,128",populated
PHerc0139/segments/20260422000000-title_2026042222_zmid_flatboi,PHerc0139,2.399um-0.22m-78keV-volume-20260102150214.zarr,PHerc0139/segments/20260422000000-title_2026042222_zmid_flatboi/surface-volumes/2.399um-0.22m-78keV-volume-20260102150214.zarr,zarr,True,layers-zarr,6,6,0,,0,"109,6960,20880",|u1,0,"109,128,128",populated
PHerc0139/segments/20260422000000-title_2026042222_zmid_flatboi,PHerc0139,9.362um-1.2m-113keV-volume-20250728140407.zarr,PHerc0139/segments/20260422000000-title_2026042222_zmid_flatboi/surface-volumes/9.362um-1.2m-113keV-volume-20250728140407.zarr,zarr,True,layers-zarr,6,6,0,,0,"28,1780,5360",|u1,0,"28,128,128",populated
PHerc0172/segments/20250917143559-w062_20250917143559205_flatboi,PHerc0172,7.91um-53keV-volume-20241024131838.zarr,PHerc0172/segments/20250917143559-w062_20250917143559205_flatboi/surface-volumes/7.91um-53keV-volume-20241024131838.zarr,zarr,True,layers-zarr,6,6,0,,0,"33,12600,13740",|u1,0,"33,128,128",populated
PHerc0172/segments/20250926112011-w078_20250926112011918_flatboi,PHerc0172,7.91um-53keV-volume-20241024131838.zarr,PHerc0172/segments/20250926112011-w078_20250926112011918_flatboi/surface-volumes/7.91um-53keV-volume-20241024131838.zarr,zarr,True,layers-zarr,6,6,0,,0,"33,13700,12500",|u1,0,"33,128,128",populated
PHerc0172/segments/20250926113336-w079_20250926113336891_flatboi,PHerc0172,7.91um-53keV-volume-20241024131838.zarr,PHerc0172/segments/20250926113336-w079_20250926113336891_flatboi/surface-volumes/7.91um-53keV-volume-20241024131838.zarr,zarr,True,layers-zarr,6,6,0,,0,"33,14520,16380",|u1,0,"33,128,128",populated
PHerc0172/segments/20250926114310-w080_20250926114310705_flatboi,PHerc0172,7.91um-53keV-volume-20241024131838.zarr,PHerc0172/segments/20250926114310-w080_20250926114310705_flatboi/surface-volumes/7.91um-53keV-volume-20241024131838.zarr,zarr,True,layers-zarr,6,6,0,,0,"33,12480,11420",|u1,0,"33,128,128",populated
PHerc0172/segments/20250926122938-w082_20250926122938619_flatboi,PHerc0172,7.91um-53keV-volume-20241024131838.zarr,PHerc0172/segments/20250926122938-w082_20250926122938619_flatboi/surface-volumes/7.91um-53keV-volume-20241024131838.zarr,zarr,True,layers-zarr,6,6,0,,0,"33,14320,11520",|u1,0,"33,128,128",populated
PHerc0172/segments/20250926132117-w083_20250926132117595_flatboi,PHerc0172,7.91um-53keV-volume-20241024131838.zarr,PHerc0172/segments/20250926132117-w083_20250926132117595_flatboi/surface-volumes/7.91um-53keV-volume-20241024131838.zarr,zarr,True,layers-zarr,6,6,0,,0,"33,13940,11620",|u1,0,"33,128,128",populated
PHerc0172/segments/20250926145427-w084_20250926145427439_flatboi,PHerc0172,7.91um-53keV-volume-20241024131838.zarr,PHerc0172/segments/20250926145427-w084_20250926145427439_flatboi/surface-volumes/7.91um-53keV-volume-20241024131838.zarr,zarr,True,layers-zarr,6,6,0,,0,"33,9660,12020",|u1,0,"33,128,128",populated
PHerc0172/segments/20250926150345-w086_20250926150345176_flatboi,PHerc0172,7.91um-53keV-volume-20241024131838.zarr,PHerc0172/segments/20250926150345-w086_20250926150345176_flatboi/surface-volumes/7.91um-53keV-volume-20241024131838.zarr,zarr,True,layers-zarr,6,6,0,,0,"33,12460,9700",|u1,0,"33,128,128",populated
PHerc0172/segments/20250926153406-w088_20250926153406704_flatboi,PHerc0172,7.91um-53keV-volume-20241024131838.zarr,PHerc0172/segments/20250926153406-w088_20250926153406704_flatboi/surface-volumes/7.91um-53keV-volume-20241024131838.zarr,zarr,True,layers-zarr,6,6,0,,0,"33,14560,12500",|u1,0,"33,128,128",populated
PHerc0172/segments/20251106133152-w077_20251106133152767_flatboi,PHerc0172,7.91um-53keV-volume-20241024131838.zarr,PHerc0172/segments/20251106133152-w077_20251106133152767_flatboi/surface-volumes/7.91um-53keV-volume-20241024131838.zarr,zarr,True,layers-zarr,6,6,0,,0,"33,15940,11800",|u1,0,"33,128,128",populated
PHerc0172/segments/20251106170358-w076_20251106170358232_flatboi,PHerc0172,7.91um-53keV-volume-20241024131838.zarr,PHerc0172/segments/20251106170358-w076_20251106170358232_flatboi/surface-volumes/7.91um-53keV-volume-20241024131838.zarr,zarr,True,layers-zarr,6,6,0,,0,"33,13460,12160",|u1,0,"33,128,128",populated
PHerc0172/segments/20251107063327-w063_20251107063327215_flatboi,PHerc0172,7.91um-53keV-volume-20241024131838.zarr,PHerc0172/segments/20251107063327-w063_20251107063327215_flatboi/surface-volumes/7.91um-53keV-volume-20241024131838.zarr,zarr,True,layers-zarr,6,6,0,,0,"33,12840,14080",|u1,0,"33,128,128",populated
PHerc0172/segments/20251107110950-w064_20251107110950052_flatboi,PHerc0172,7.91um-53keV-volume-20241024131838.zarr,PHerc0172/segments/20251107110950-w064_20251107110950052_flatboi/surface-volumes/7.91um-53keV-volume-20241024131838.zarr,zarr,True,layers-zarr,6,6,0,,0,"33,13420,14940",|u1,0,"33,128,128",populated
PHerc0172/segments/20251107175958-w061_20251107175958270_flatboi,PHerc0172,7.91um-53keV-volume-20241024131838.zarr,PHerc0172/segments/20251107175958-w061_20251107175958270_flatboi/surface-volumes/7.91um-53keV-volume-20241024131838.zarr,zarr,True,layers-zarr,6,6,0,,0,"33,12040,12680",|u1,0,"33,128,128",populated
PHerc0172/segments/20251109232817-w065_20251109232817724_flatboi,PHerc0172,7.91um-53keV-volume-20241024131838.zarr,PHerc0172/segments/20251109232817-w065_20251109232817724_flatboi/surface-volumes/7.91um-53keV-volume-20241024131838.zarr,zarr,True,layers-zarr,6,6,0,,0,"33,15180,14860",|u1,0,"33,128,128",populated
PHerc0172/segments/20251110110112-w066_20251110110112608_flatboi,PHerc0172,7.91um-53keV-volume-20241024131838.zarr,PHerc0172/segments/20251110110112-w066_20251110110112608_flatboi/surface-volumes/7.91um-53keV-volume-20241024131838.zarr,zarr,True,layers-zarr,6,6,0,,0,"33,16740,14980",|u1,0,"33,128,128",populated
PHerc0172/segments/20251110135146-w085_20251110135146457_flatboi,PHerc0172,7.91um-53keV-volume-20241024131838.zarr,PHerc0172/segments/20251110135146-w085_20251110135146457_flatboi/surface-volumes/7.91um-53keV-volume-20241024131838.zarr,zarr,True,layers-zarr,6,6,0,,0,"33,12640,9680",|u1,0,"33,128,128",populated
PHerc0172/segments/20251110135803-w067_20251110135803677_flatboi,PHerc0172,7.91um-53keV-volume-20241024131838.zarr,PHerc0172/segments/20251110135803-w067_20251110135803677_flatboi/surface-volumes/7.91um-53keV-volume-20241024131838.zarr,zarr,True,layers-zarr,6,6,0,,0,"33,13140,14860",|u1,0,"33,128,128",populated
PHerc0172/segments/20251111010954-w068_20251111010954408_flatboi,PHerc0172,7.91um-53keV-volume-20241024131838.zarr,PHerc0172/segments/20251111010954-w068_20251111010954408_flatboi/surface-volumes/7.91um-53keV-volume-20241024131838.zarr,zarr,True,layers-zarr,6,6,0,,0,"33,13080,14920",|u1,0,"33,128,128",populated
PHerc0172/segments/20251111151836-w069_20251111151836406_flatboi,PHerc0172,7.91um-53keV-volume-20241024131838.zarr,PHerc0172/segments/20251111151836-w069_20251111151836406_flatboi/surface-volumes/7.91um-53keV-volume-20241024131838.zarr,zarr,True,layers-zarr,6,6,0,,0,"33,16360,17460",|u1,0,"33,128,128",populated
PHerc0172/segments/20251111210734-w070_20251111210734722_flatboi,PHerc0172,7.91um-53keV-volume-20241024131838.zarr,PHerc0172/segments/20251111210734-w070_20251111210734722_flatboi/surface-volumes/7.91um-53keV-volume-20241024131838.zarr,zarr,True,layers-zarr,6,6,0,,0,"33,12920,14980",|u1,0,"33,128,128",populated
PHerc0172/segments/20251112000002-w087_20251112000002214_flatboi,PHerc0172,7.91um-53keV-volume-20241024131838.zarr,PHerc0172/segments/20251112000002-w087_20251112000002214_flatboi/surface-volumes/7.91um-53keV-volume-20241024131838.zarr,zarr,True,layers-zarr,6,6,0,,0,"33,12420,9620",|u1,0,"33,128,128",populated
PHerc0172/segments/20251112163527-w071_20251112163527854_flatboi,PHerc0172,7.91um-53keV-volume-20241024131838.zarr,PHerc0172/segments/20251112163527-w071_20251112163527854_flatboi/surface-volumes/7.91um-53keV-volume-20241024131838.zarr,zarr,True,layers-zarr,6,6,0,,0,"33,12900,15080",|u1,0,"33,128,128",populated
PHerc0172/segments/20251113021010-w072_20251113021010674_flatboi,PHerc0172,7.91um-53keV-volume-20241024131838.zarr,PHerc0172/segments/20251113021010-w072_20251113021010674_flatboi/surface-volumes/7.91um-53keV-volume-20241024131838.zarr,zarr,True,layers-zarr,6,6,0,,0,"33,12760,15080",|u1,0,"33,128,128",populated
PHerc0172/segments/20251113130119-w073_20251113130119516_flatboi,PHerc0172,7.91um-53keV-volume-20241024131838.zarr,PHerc0172/segments/20251113130119-w073_20251113130119516_flatboi/surface-volumes/7.91um-53keV-volume-20241024131838.zarr,zarr,True,layers-zarr,6,6,0,,0,"33,12720,15140",|u1,0,"33,128,128",populated
PHerc0172/segments/20251113152136-w074_20251113152136889_flatboi,PHerc0172,7.91um-53keV-volume-20241024131838.zarr,PHerc0172/segments/20251113152136-w074_20251113152136889_flatboi/surface-volumes/7.91um-53keV-volume-20241024131838.zarr,zarr,True,layers-zarr,6,6,0,,0,"33,12680,15040",|u1,0,"33,128,128",populated
PHerc0172/segments/20251113204233-w075_20251113204233755_flatboi,PHerc0172,7.91um-53keV-volume-20241024131838.zarr,PHerc0172/segments/20251113204233-w075_20251113204233755_flatboi/surface-volumes/7.91um-53keV-volume-20241024131838.zarr,zarr,True,layers-zarr,6,6,0,,0,"33,12580,15020",|u1,0,"33,128,128",populated
PHerc0172/segments/20251114202035-w081_20251114202035261_flatboi,PHerc0172,7.91um-53keV-volume-20241024131838.zarr,PHerc0172/segments/20251114202035-w081_20251114202035261_flatboi/surface-volumes/7.91um-53keV-volume-20241024131838.zarr,zarr,True,layers-zarr,6,6,0,,0,"33,11760,11420",|u1,0,"33,128,128",populated
PHerc0172/segments/20251115002740-auto_grown_20251115002740308_0_flatboi,PHerc0172,7.91um-53keV-volume-20241024131838.zarr,PHerc0172/segments/20251115002740-auto_grown_20251115002740308_0_flatboi/surface-volumes/7.91um-53keV-volume-20241024131838.zarr,zarr,True,layers-zarr,6,6,0,,0,"33,11100,49200",|u1,0,"33,128,128",populated
PHerc0172/segments/20251115002741-auto_grown_20251115002740308_1_flatboi,PHerc0172,7.91um-53keV-volume-20241024131838.zarr,PHerc0172/segments/20251115002741-auto_grown_20251115002740308_1_flatboi/surface-volumes/7.91um-53keV-volume-20241024131838.zarr,zarr,True,layers-zarr,6,6,0,,0,"33,12580,56300",|u1,0,"33,128,128",populated
PHerc0172/segments/20251115002742-auto_grown_20251115002740308_2_flatboi,PHerc0172,7.91um-53keV-volume-20241024131838.zarr,PHerc0172/segments/20251115002742-auto_grown_20251115002740308_2_flatboi/surface-volumes/7.91um-53keV-volume-20241024131838.zarr,zarr,True,layers-zarr,6,6,0,,0,"33,12380,55800",|u1,0,"33,128,128",populated
PHerc0172/segments/20251115002743-auto_grown_20251115002740308_3_flatboi,PHerc0172,7.91um-53keV-volume-20241024131838.zarr,PHerc0172/segments/20251115002743-auto_grown_20251115002740308_3_flatboi/surface-volumes/7.91um-53keV-volume-20241024131838.zarr,zarr,True,layers-zarr,6,6,0,,0,"33,12960,57560",|u1,0,"33,128,128",populated
PHerc0172/segments/20251115002744-auto_grown_20251115002740308_4_flatboi,PHerc0172,7.91um-53keV-volume-20241024131838.zarr,PHerc0172/segments/20251115002744-auto_grown_20251115002740308_4_flatboi/surface-volumes/7.91um-53keV-volume-20241024131838.zarr,zarr,True,layers-zarr,6,6,0,,0,"33,16000,58540",|u1,0,"33,128,128",populated
PHerc0172/segments/20251115002745-auto_grown_20251115002740308_5_flatboi,PHerc0172,7.91um-53keV-volume-20241024131838.zarr,PHerc0172/segments/20251115002745-auto_grown_20251115002740308_5_flatboi/surface-volumes/7.91um-53keV-volume-20241024131838.zarr,zarr,True,layers-zarr,6,6,0,,0,"33,12740,61300",|u1,0,"33,128,128",populated
PHerc0172/segments/20251115002746-auto_grown_20251115002740308_6_flatboi,PHerc0172,7.91um-53keV-volume-20241024131838.zarr,PHerc0172/segments/20251115002746-auto_grown_20251115002740308_6_flatboi/surface-volumes/7.91um-53keV-volume-20241024131838.zarr,zarr,True,layers-zarr,6,6,0,,0,"33,11160,55540",|u1,0,"33,128,128",populated
PHerc0172/segments/20251115002747-auto_grown_20251115002740308_7_flatboi,PHerc0172,7.91um-53keV-volume-20241024131838.zarr,PHerc0172/segments/20251115002747-auto_grown_20251115002740308_7_flatboi/surface-volumes/7.91um-53keV-volume-20241024131838.zarr,zarr,True,layers-zarr,6,6,0,,0,"33,12240,56340",|u1,0,"33,128,128",populated
PHerc0172/segments/20251115002748-auto_grown_20251115002740308_8_flatboi,PHerc0172,7.91um-53keV-volume-20241024131838.zarr,PHerc0172/segments/20251115002748-auto_grown_20251115002740308_8_flatboi/surface-volumes/7.91um-53keV-volume-20241024131838.zarr,zarr,True,layers-zarr,6,6,0,,0,"33,12740,37340",|u1,0,"33,128,128",populated
PHerc0172/segments/20251203230500-w089_20251203230500465_flatboi,PHerc0172,7.91um-53keV-volume-20241024131838.zarr,PHerc0172/segments/20251203230500-w089_20251203230500465_flatboi/surface-volumes/7.91um-53keV-volume-20241024131838.zarr,zarr,True,layers-zarr,6,6,0,,0,"33,12920,12220",|u1,0,"33,128,128",populated
PHerc0172/segments/20251204060522-w090_20251204060522416_flatboi,PHerc0172,7.91um-53keV-volume-20241024131838.zarr,PHerc0172/segments/20251204060522-w090_20251204060522416_flatboi/surface-volumes/7.91um-53keV-volume-20241024131838.zarr,zarr,True,layers-zarr,6,6,0,,0,"33,12860,12180",|u1,0,"33,128,128",populated
PHerc0172/segments/20251204071911-w091_20251204071911070_flatboi,PHerc0172,7.91um-53keV-volume-20241024131838.zarr,PHerc0172/segments/20251204071911-w091_20251204071911070_flatboi/surface-volumes/7.91um-53keV-volume-20241024131838.zarr,zarr,True,layers-zarr,6,6,0,,0,"33,12780,12160",|u1,0,"33,128,128",populated
PHerc0172/segments/20251204101314-w092_20251204101314959_flatboi,PHerc0172,7.91um-53keV-volume-20241024131838.zarr,PHerc0172/segments/20251204101314-w092_20251204101314959_flatboi/surface-volumes/7.91um-53keV-volume-20241024131838.zarr,zarr,True,layers-zarr,6,6,0,,0,"33,13540,12560",|u1,0,"33,128,128",populated
PHerc0172/segments/20251204192708-w093_20251204192708445_flatboi,PHerc0172,7.91um-53keV-volume-20241024131838.zarr,PHerc0172/segments/20251204192708-w093_20251204192708445_flatboi/surface-volumes/7.91um-53keV-volume-20241024131838.zarr,zarr,True,layers-zarr,6,6,0,,0,"33,15060,17300",|u1,0,"33,128,128",populated
PHerc0172/segments/20251205115859-w094_20251205115859448_flatboi,PHerc0172,7.91um-53keV-volume-20241024131838.zarr,PHerc0172/segments/20251205115859-w094_20251205115859448_flatboi/surface-volumes/7.91um-53keV-volume-20241024131838.zarr,zarr,True,layers-zarr,6,6,0,,0,"33,11260,10400",|u1,0,"33,128,128",populated
PHerc0172/segments/20251206184729-w095_20251206184729906_flatboi,PHerc0172,7.91um-53keV-volume-20241024131838.zarr,PHerc0172/segments/20251206184729-w095_20251206184729906_flatboi/surface-volumes/7.91um-53keV-volume-20241024131838.zarr,zarr,True,layers-zarr,6,6,0,,0,"33,14480,11420",|u1,0,"33,128,128",populated
PHerc0172/segments/20251207123912-w060_20251207123912611_flatboi,PHerc0172,7.91um-53keV-volume-20241024131838.zarr,PHerc0172/segments/20251207123912-w060_20251207123912611_flatboi/surface-volumes/7.91um-53keV-volume-20241024131838.zarr,zarr,True,layers-zarr,6,6,0,,0,"33,11000,11560",|u1,0,"33,128,128",populated
PHerc0172/segments/20251210142414-w059_20251210142414060_flatboi,PHerc0172,7.91um-53keV-volume-20241024131838.zarr,PHerc0172/segments/20251210142414-w059_20251210142414060_flatboi/surface-volumes/7.91um-53keV-volume-20241024131838.zarr,zarr,True,layers-zarr,6,6,0,,0,"33,9520,13200",|u1,0,"33,128,128",populated
PHerc0172/segments/20251210153304-w058_20251210153304503_flatboi,PHerc0172,7.91um-53keV-volume-20241024131838.zarr,PHerc0172/segments/20251210153304-w058_20251210153304503_flatboi/surface-volumes/7.91um-53keV-volume-20241024131838.zarr,zarr,True,layers-zarr,6,6,0,,0,"33,10920,13200",|u1,0,"33,128,128",populated
PHerc0172/segments/20251210160810-w057_20251210160810301_flatboi,PHerc0172,7.91um-53keV-volume-20241024131838.zarr,PHerc0172/segments/20251210160810-w057_20251210160810301_flatboi/surface-volumes/7.91um-53keV-volume-20241024131838.zarr,zarr,True,layers-zarr,6,6,0,,0,"33,10880,13020",|u1,0,"33,128,128",populated
PHerc0172/segments/20251211095724-w056_20251211095724922_flatboi,PHerc0172,7.91um-53keV-volume-20241024131838.zarr,PHerc0172/segments/20251211095724-w056_20251211095724922_flatboi/surface-volumes/7.91um-53keV-volume-20241024131838.zarr,zarr,True,layers-zarr,6,6,0,,0,"33,10660,12900",|u1,0,"33,128,128",populated
PHerc0172/segments/20251211111451-w055_20251211111451620_flatboi,PHerc0172,7.91um-53keV-volume-20241024131838.zarr,PHerc0172/segments/20251211111451-w055_20251211111451620_flatboi/surface-volumes/7.91um-53keV-volume-20241024131838.zarr,zarr,True,layers-zarr,6,6,0,,0,"33,10740,12700",|u1,0,"33,128,128",populated
PHerc0172/segments/20251211135303-w054_20251211135303394_flatboi,PHerc0172,7.91um-53keV-volume-20241024131838.zarr,PHerc0172/segments/20251211135303-w054_20251211135303394_flatboi/surface-volumes/7.91um-53keV-volume-20241024131838.zarr,zarr,True,layers-zarr,6,6,0,,0,"33,10600,12520",|u1,0,"33,128,128",populated
PHerc0172/segments/20251211152543-w053_20251211152543204_flatboi,PHerc0172,7.91um-53keV-volume-20241024131838.zarr,PHerc0172/segments/20251211152543-w053_20251211152543204_flatboi/surface-volumes/7.91um-53keV-volume-20241024131838.zarr,zarr,True,layers-zarr,6,6,0,,0,"33,10600,12340",|u1,0,"33,128,128",populated
PHerc0172/segments/20251212105627-w052_20251212105627148_flatboi,PHerc0172,7.91um-53keV-volume-20241024131838.zarr,PHerc0172/segments/20251212105627-w052_20251212105627148_flatboi/surface-volumes/7.91um-53keV-volume-20241024131838.zarr,zarr,True,layers-zarr,6,6,0,,0,"33,10580,12200",|u1,0,"33,128,128",populated
PHerc0343P/segments/20250511003658-tifxyz,PHerc0343P,2.215um-0.4m-111keV-volume-20260304131111.zarr,PHerc0343P/segments/20250511003658-tifxyz/surface-volumes/2.215um-0.4m-111keV-volume-20260304131111.zarr,zarr,True,layers-zarr,6,6,0,,0,"118,13420,8020",|u1,0,"118,128,128",populated
PHerc0343P/segments/20250511003658-tifxyz,PHerc0343P,8.64um-1.2m-116keV-volume-20250521134555.zarr,PHerc0343P/segments/20250511003658-tifxyz/surface-volumes/8.64um-1.2m-116keV-volume-20250521134555.zarr,zarr,True,layers-zarr,6,6,0,,0,"31,3440,2060",|u1,0,"31,128,128",populated
PHerc0343P/segments/20250902170435--5_b2,PHerc0343P,2.215um-0.4m-111keV-volume-20260304131111.zarr,PHerc0343P/segments/20250902170435--5_b2/surface-volumes/2.215um-0.4m-111keV-volume-20260304131111.zarr,zarr,True,layers-zarr,6,6,0,,0,"118,12800,9440",|u1,0,"118,128,128",populated
PHerc0343P/segments/20250902170435--5_b2,PHerc0343P,8.64um-1.2m-116keV-volume-20250521134555.zarr,PHerc0343P/segments/20250902170435--5_b2/surface-volumes/8.64um-1.2m-116keV-volume-20250521134555.zarr,zarr,True,layers-zarr,6,6,0,,0,"31,3280,2420",|u1,0,"31,128,128",populated
PHerc0343P/segments/20250902170441--4_b2,PHerc0343P,2.215um-0.4m-111keV-volume-20260304131111.zarr,PHerc0343P/segments/20250902170441--4_b2/surface-volumes/2.215um-0.4m-111keV-volume-20260304131111.zarr,zarr,True,layers-zarr,6,6,0,,0,"118,12880,9820",|u1,0,"118,128,128",populated
PHerc0343P/segments/20250902170441--4_b2,PHerc0343P,8.64um-1.2m-116keV-volume-20250521134555.zarr,PHerc0343P/segments/20250902170441--4_b2/surface-volumes/8.64um-1.2m-116keV-volume-20250521134555.zarr,zarr,True,layers-zarr,6,6,0,,0,"31,3300,2520",|u1,0,"31,128,128",populated
PHerc0343P/segments/20250902170447--3_b2,PHerc0343P,2.215um-0.4m-111keV-volume-20260304131111.zarr,PHerc0343P/segments/20250902170447--3_b2/surface-volumes/2.215um-0.4m-111keV-volume-20260304131111.zarr,zarr,True,layers-zarr,6,6,0,,0,"118,13880,10140",|u1,0,"118,128,128",populated
PHerc0343P/segments/20250902170447--3_b2,PHerc0343P,8.64um-1.2m-116keV-volume-20250521134555.zarr,PHerc0343P/segments/20250902170447--3_b2/surface-volumes/8.64um-1.2m-116keV-volume-20250521134555.zarr,zarr,True,layers-zarr,6,6,0,,0,"31,3560,2600",|u1,0,"31,128,128",populated
PHerc0343P/segments/20250902171202--2_b2,PHerc0343P,2.215um-0.4m-111keV-volume-20260304131111.zarr,PHerc0343P/segments/20250902171202--2_b2/surface-volumes/2.215um-0.4m-111keV-volume-20260304131111.zarr,zarr,True,layers-zarr,6,6,0,,0,"118,13420,9040",|u1,0,"118,128,128",populated
PHerc0343P/segments/20250902171202--2_b2,PHerc0343P,8.64um-1.2m-116keV-volume-20250521134555.zarr,PHerc0343P/segments/20250902171202--2_b2/surface-volumes/8.64um-1.2m-116keV-volume-20250521134555.zarr,zarr,True,layers-zarr,6,6,0,,0,"31,3440,2320",|u1,0,"31,128,128",populated
PHerc0343P/segments/20250902171204--1_b2,PHerc0343P,2.215um-0.4m-111keV-volume-20260304131111.zarr,PHerc0343P/segments/20250902171204--1_b2/surface-volumes/2.215um-0.4m-111keV-volume-20260304131111.zarr,zarr,True,layers-zarr,6,6,0,,0,"118,13040,9120",|u1,0,"118,128,128",populated
PHerc0343P/segments/20250902171204--1_b2,PHerc0343P,8.64um-1.2m-116keV-volume-20250521134555.zarr,PHerc0343P/segments/20250902171204--1_b2/surface-volumes/8.64um-1.2m-116keV-volume-20250521134555.zarr,zarr,True,layers-zarr,6,6,0,,0,"31,3340,2340",|u1,0,"31,128,128",populated
PHerc0343P/segments/20250904233748-0_b2,PHerc0343P,2.215um-0.4m-111keV-volume-20260304131111.zarr,PHerc0343P/segments/20250904233748-0_b2/surface-volumes/2.215um-0.4m-111keV-volume-20260304131111.zarr,zarr,True,layers-zarr,6,6,0,,0,"118,14120,9740",|u1,0,"118,128,128",populated
PHerc0343P/segments/20250904233748-0_b2,PHerc0343P,8.64um-1.2m-116keV-volume-20250521134555.zarr,PHerc0343P/segments/20250904233748-0_b2/surface-volumes/8.64um-1.2m-116keV-volume-20250521134555.zarr,zarr,True,layers-zarr,6,6,0,,0,"31,3620,2500",|u1,0,"31,128,128",populated
PHerc0343P/segments/20250905172054-1_b2,PHerc0343P,2.215um-0.4m-111keV-volume-20260304131111.zarr,PHerc0343P/segments/20250905172054-1_b2/surface-volumes/2.215um-0.4m-111keV-volume-20260304131111.zarr,zarr,True,layers-zarr,6,6,0,,0,"118,11780,8880",|u1,0,"118,128,128",populated
PHerc0343P/segments/20250905172054-1_b2,PHerc0343P,8.64um-1.2m-116keV-volume-20250521134555.zarr,PHerc0343P/segments/20250905172054-1_b2/surface-volumes/8.64um-1.2m-116keV-volume-20250521134555.zarr,zarr,True,layers-zarr,6,6,0,,0,"31,3020,2280",|u1,0,"31,128,128",populated
PHerc0500P2/segments/20250609204953-z_dbg_gen_00612,PHerc0500P2,2.215um-0.4m-111keV-volume-20250526151718.zarr,PHerc0500P2/segments/20250609204953-z_dbg_gen_00612/surface-volumes/2.215um-0.4m-111keV-volume-20250526151718.zarr,zarr,True,layers-zarr,6,6,0,,0,"118,19080,13100",|u1,0,"118,128,128",populated
PHerc0500P2/segments/20250609204953-z_dbg_gen_00612,PHerc0500P2,4.317um-1.2m-111keV-volume-20250528085330.zarr,PHerc0500P2/segments/20250609204953-z_dbg_gen_00612/surface-volumes/4.317um-1.2m-111keV-volume-20250528085330.zarr,zarr,True,layers-zarr,6,6,0,,0,"61,9800,6720",|u1,0,"61,128,128",populated
PHerc0500P2/segments/20250609204953-z_dbg_gen_00612,PHerc0500P2,9.362um-1.2m-113keV-volume-20250820143440.zarr,PHerc0500P2/segments/20250609204953-z_dbg_gen_00612/surface-volumes/9.362um-1.2m-113keV-volume-20250820143440.zarr,zarr,True,layers-zarr,6,6,0,,0,"28,4520,3120",|u1,0,"28,128,128",populated
PHerc0500P2/segments/20250611132918-z_dbg_gen_00302_inp_hr,PHerc0500P2,2.215um-0.4m-111keV-volume-20250526151718.zarr,PHerc0500P2/segments/20250611132918-z_dbg_gen_00302_inp_hr/surface-volumes/2.215um-0.4m-111keV-volume-20250526151718.zarr,zarr,True,layers-zarr,6,6,0,,0,"118,21220,13760",|u1,0,"118,128,128",populated
PHerc0500P2/segments/20250611132918-z_dbg_gen_00302_inp_hr,PHerc0500P2,4.317um-1.2m-111keV-volume-20250528085330.zarr,PHerc0500P2/segments/20250611132918-z_dbg_gen_00302_inp_hr/surface-volumes/4.317um-1.2m-111keV-volume-20250528085330.zarr,zarr,True,layers-zarr,6,6,0,,0,"61,10900,7060",|u1,0,"61,128,128",populated
PHerc0500P2/segments/20250611132918-z_dbg_gen_00302_inp_hr,PHerc0500P2,9.362um-1.2m-113keV-volume-20250820143440.zarr,PHerc0500P2/segments/20250611132918-z_dbg_gen_00302_inp_hr/surface-volumes/9.362um-1.2m-113keV-volume-20250820143440.zarr,zarr,True,layers-zarr,6,6,0,,0,"28,5040,3260",|u1,0,"28,128,128",populated
PHerc0500P2/segments/20250611133823-z_dbg_gen_00130_inp_hr,PHerc0500P2,2.215um-0.4m-111keV-volume-20250526151718.zarr,PHerc0500P2/segments/20250611133823-z_dbg_gen_00130_inp_hr/surface-volumes/2.215um-0.4m-111keV-volume-20250526151718.zarr,zarr,True,layers-zarr,6,6,0,,0,"118,22660,7600",|u1,0,"118,128,128",populated
PHerc0500P2/segments/20250611133823-z_dbg_gen_00130_inp_hr,PHerc0500P2,4.317um-1.2m-111keV-volume-20250528085330.zarr,PHerc0500P2/segments/20250611133823-z_dbg_gen_00130_inp_hr/surface-volumes/4.317um-1.2m-111keV-volume-20250528085330.zarr,zarr,True,layers-zarr,6,6,0,,0,"61,11640,3900",|u1,0,"61,128,128",populated
PHerc0500P2/segments/20250611133823-z_dbg_gen_00130_inp_hr,PHerc0500P2,9.362um-1.2m-113keV-volume-20250820143440.zarr,PHerc0500P2/segments/20250611133823-z_dbg_gen_00130_inp_hr/surface-volumes/9.362um-1.2m-113keV-volume-20250820143440.zarr,zarr,True,layers-zarr,6,6,0,,0,"28,5380,1800",|u1,0,"28,128,128",populated
PHerc0500P2/segments/20250611134135-z_dbg_gen_00331_inp_hr,PHerc0500P2,2.215um-0.4m-111keV-volume-20250526151718.zarr,PHerc0500P2/segments/20250611134135-z_dbg_gen_00331_inp_hr/surface-volumes/2.215um-0.4m-111keV-volume-20250526151718.zarr,zarr,True,layers-zarr,6,6,0,,0,"118,22820,13820",|u1,0,"118,128,128",populated
PHerc0500P2/segments/20250611134135-z_dbg_gen_00331_inp_hr,PHerc0500P2,4.317um-1.2m-111keV-volume-20250528085330.zarr,PHerc0500P2/segments/20250611134135-z_dbg_gen_00331_inp_hr/surface-volumes/4.317um-1.2m-111keV-volume-20250528085330.zarr,zarr,True,layers-zarr,6,6,0,,0,"61,11720,7100",|u1,0,"61,128,128",populated
PHerc0500P2/segments/20250611134135-z_dbg_gen_00331_inp_hr,PHerc0500P2,9.362um-1.2m-113keV-volume-20250820143440.zarr,PHerc0500P2/segments/20250611134135-z_dbg_gen_00331_inp_hr/surface-volumes/9.362um-1.2m-113keV-volume-20250820143440.zarr,zarr,True,layers-zarr,6,6,0,,0,"28,5420,3280",|u1,0,"28,128,128",populated
PHerc0500P2/segments/20250611153340-z_dbg_gen_00275,PHerc0500P2,2.215um-0.4m-111keV-volume-20250526151718.zarr,PHerc0500P2/segments/20250611153340-z_dbg_gen_00275/surface-volumes/2.215um-0.4m-111keV-volume-20250526151718.zarr,zarr,True,layers-zarr,6,6,0,,0,"118,16780,10020",|u1,0,"118,128,128",populated
PHerc0500P2/segments/20250611153340-z_dbg_gen_00275,PHerc0500P2,4.317um-1.2m-111keV-volume-20250528085330.zarr,PHerc0500P2/segments/20250611153340-z_dbg_gen_00275/surface-volumes/4.317um-1.2m-111keV-volume-20250528085330.zarr,zarr,True,layers-zarr,6,6,0,,0,"61,8620,5140",|u1,0,"61,128,128",populated
PHerc0500P2/segments/20250611153340-z_dbg_gen_00275,PHerc0500P2,9.362um-1.2m-113keV-volume-20250820143440.zarr,PHerc0500P2/segments/20250611153340-z_dbg_gen_00275/surface-volumes/9.362um-1.2m-113keV-volume-20250820143440.zarr,zarr,True,layers-zarr,6,6,0,,0,"28,3980,2380",|u1,0,"28,128,128",populated
PHerc0500P2/segments/20250611153346-z_dbg_gen_00286_inp_hr,PHerc0500P2,2.215um-0.4m-111keV-volume-20250526151718.zarr,PHerc0500P2/segments/20250611153346-z_dbg_gen_00286_inp_hr/surface-volumes/2.215um-0.4m-111keV-volume-20250526151718.zarr,zarr,True,layers-zarr,6,6,0,,0,"118,17980,11800",|u1,0,"118,128,128",populated
PHerc0500P2/segments/20250611153346-z_dbg_gen_00286_inp_hr,PHerc0500P2,4.317um-1.2m-111keV-volume-20250528085330.zarr,PHerc0500P2/segments/20250611153346-z_dbg_gen_00286_inp_hr/surface-volumes/4.317um-1.2m-111keV-volume-20250528085330.zarr,zarr,True,layers-zarr,6,6,0,,0,"61,9240,6060",|u1,0,"61,128,128",populated
PHerc0500P2/segments/20250611153346-z_dbg_gen_00286_inp_hr,PHerc0500P2,9.362um-1.2m-113keV-volume-20250820143440.zarr,PHerc0500P2/segments/20250611153346-z_dbg_gen_00286_inp_hr/surface-volumes/9.362um-1.2m-113keV-volume-20250820143440.zarr,zarr,True,layers-zarr,6,6,0,,0,"28,4280,2800",|u1,0,"28,128,128",populated
PHerc0500P2/segments/20250611153347-z_dbg_gen_00105_inp_hr,PHerc0500P2,2.215um-0.4m-111keV-volume-20250526151718.zarr,PHerc0500P2/segments/20250611153347-z_dbg_gen_00105_inp_hr/surface-volumes/2.215um-0.4m-111keV-volume-20250526151718.zarr,zarr,True,layers-zarr,6,6,0,,0,"118,18480,8660",|u1,0,"118,128,128",populated
PHerc0500P2/segments/20250611153347-z_dbg_gen_00105_inp_hr,PHerc0500P2,4.317um-1.2m-111keV-volume-20250528085330.zarr,PHerc0500P2/segments/20250611153347-z_dbg_gen_00105_inp_hr/surface-volumes/4.317um-1.2m-111keV-volume-20250528085330.zarr,zarr,True,layers-zarr,6,6,0,,0,"61,9500,4440",|u1,0,"61,128,128",populated
PHerc0500P2/segments/20250611153347-z_dbg_gen_00105_inp_hr,PHerc0500P2,9.362um-1.2m-113keV-volume-20250820143440.zarr,PHerc0500P2/segments/20250611153347-z_dbg_gen_00105_inp_hr/surface-volumes/9.362um-1.2m-113keV-volume-20250820143440.zarr,zarr,True,layers-zarr,6,6,0,,0,"28,4380,2060",|u1,0,"28,128,128",populated
PHerc0500P2/segments/20250611154256-z_dbg_gen_00354_inp_hr,PHerc0500P2,2.215um-0.4m-111keV-volume-20250526151718.zarr,PHerc0500P2/segments/20250611154256-z_dbg_gen_00354_inp_hr/surface-volumes/2.215um-0.4m-111keV-volume-20250526151718.zarr,zarr,True,layers-zarr,6,6,0,,0,"118,22540,15000",|u1,0,"118,128,128",populated
PHerc0500P2/segments/20250611154256-z_dbg_gen_00354_inp_hr,PHerc0500P2,4.317um-1.2m-111keV-volume-20250528085330.zarr,PHerc0500P2/segments/20250611154256-z_dbg_gen_00354_inp_hr/surface-volumes/4.317um-1.2m-111keV-volume-20250528085330.zarr,zarr,True,layers-zarr,6,6,0,,0,"61,11580,7700",|u1,0,"61,128,128",populated
PHerc0500P2/segments/20250611154256-z_dbg_gen_00354_inp_hr,PHerc0500P2,9.362um-1.2m-113keV-volume-20250820143440.zarr,PHerc0500P2/segments/20250611154256-z_dbg_gen_00354_inp_hr/surface-volumes/9.362um-1.2m-113keV-volume-20250820143440.zarr,zarr,True,layers-zarr,6,6,0,,0,"28,5360,3560",|u1,0,"28,128,128",populated
PHerc0500P2/segments/20250611161023-z_dbg_gen_00205_inp_hr,PHerc0500P2,2.215um-0.4m-111keV-volume-20250526151718.zarr,PHerc0500P2/segments/20250611161023-z_dbg_gen_00205_inp_hr/surface-volumes/2.215um-0.4m-111keV-volume-20250526151718.zarr,zarr,True,layers-zarr,6,6,0,,0,"118,21800,6400",|u1,0,"118,128,128",populated
PHerc0500P2/segments/20250611161023-z_dbg_gen_00205_inp_hr,PHerc0500P2,4.317um-1.2m-111keV-volume-20250528085330.zarr,PHerc0500P2/segments/20250611161023-z_dbg_gen_00205_inp_hr/surface-volumes/4.317um-1.2m-111keV-volume-20250528085330.zarr,zarr,True,layers-zarr,6,6,0,,0,"61,11200,3280",|u1,0,"61,128,128",populated
PHerc0500P2/segments/20250611161023-z_dbg_gen_00205_inp_hr,PHerc0500P2,9.362um-1.2m-113keV-volume-20250820143440.zarr,PHerc0500P2/segments/20250611161023-z_dbg_gen_00205_inp_hr/surface-volumes/9.362um-1.2m-113keV-volume-20250820143440.zarr,zarr,True,layers-zarr,6,6,0,,0,"28,5180,1520",|u1,0,"28,128,128",populated
PHerc0500P2/segments/20250611161415-z_dbg_gen_00411_inp_hr,PHerc0500P2,2.215um-0.4m-111keV-volume-20250526151718.zarr,PHerc0500P2/segments/20250611161415-z_dbg_gen_00411_inp_hr/surface-volumes/2.215um-0.4m-111keV-volume-20250526151718.zarr,zarr,True,layers-zarr,6,6,0,,0,"118,20100,12440",|u1,0,"118,128,128",populated
PHerc0500P2/segments/20250611161415-z_dbg_gen_00411_inp_hr,PHerc0500P2,4.317um-1.2m-111keV-volume-20250528085330.zarr,PHerc0500P2/segments/20250611161415-z_dbg_gen_00411_inp_hr/surface-volumes/4.317um-1.2m-111keV-volume-20250528085330.zarr,zarr,True,layers-zarr,6,6,0,,0,"61,10320,6380",|u1,0,"61,128,128",populated
PHerc0500P2/segments/20250611161415-z_dbg_gen_00411_inp_hr,PHerc0500P2,9.362um-1.2m-113keV-volume-20250820143440.zarr,PHerc0500P2/segments/20250611161415-z_dbg_gen_00411_inp_hr/surface-volumes/9.362um-1.2m-113keV-volume-20250820143440.zarr,zarr,True,layers-zarr,6,6,0,,0,"28,4780,2960",|u1,0,"28,128,128",populated
PHerc0500P2/segments/20250611170257-z_dbg_gen_00308_inp_hr,PHerc0500P2,2.215um-0.4m-111keV-volume-20250526151718.zarr,PHerc0500P2/segments/20250611170257-z_dbg_gen_00308_inp_hr/surface-volumes/2.215um-0.4m-111keV-volume-20250526151718.zarr,zarr,True,layers-zarr,6,6,0,,0,"118,34720,25800",|u1,0,"118,128,128",populated
PHerc0500P2/segments/20250611170257-z_dbg_gen_00308_inp_hr,PHerc0500P2,4.317um-1.2m-111keV-volume-20250528085330.zarr,PHerc0500P2/segments/20250611170257-z_dbg_gen_00308_inp_hr/surface-volumes/4.317um-1.2m-111keV-volume-20250528085330.zarr,zarr,True,layers-zarr,6,6,0,,0,"61,17840,13240",|u1,0,"61,128,128",populated
PHerc0500P2/segments/20250611170257-z_dbg_gen_00308_inp_hr,PHerc0500P2,9.362um-1.2m-113keV-volume-20250820143440.zarr,PHerc0500P2/segments/20250611170257-z_dbg_gen_00308_inp_hr/surface-volumes/9.362um-1.2m-113keV-volume-20250820143440.zarr,zarr,True,layers-zarr,6,6,0,,0,"28,8240,6120",|u1,0,"28,128,128",populated
PHerc0500P2/segments/20250611171318-z_dbg_gen_00440_inp_hr,PHerc0500P2,2.215um-0.4m-111keV-volume-20250526151718.zarr,PHerc0500P2/segments/20250611171318-z_dbg_gen_00440_inp_hr/surface-volumes/2.215um-0.4m-111keV-volume-20250526151718.zarr,zarr,True,layers-zarr,6,6,0,,0,"118,14100,11340",|u1,0,"118,128,128",populated
PHerc0500P2/segments/20250611171318-z_dbg_gen_00440_inp_hr,PHerc0500P2,4.317um-1.2m-111keV-volume-20250528085330.zarr,PHerc0500P2/segments/20250611171318-z_dbg_gen_00440_inp_hr/surface-volumes/4.317um-1.2m-111keV-volume-20250528085330.zarr,zarr,True,layers-zarr,6,6,0,,0,"61,7240,5820",|u1,0,"61,128,128",populated
PHerc0500P2/segments/20250611171318-z_dbg_gen_00440_inp_hr,PHerc0500P2,9.362um-1.2m-113keV-volume-20250820143440.zarr,PHerc0500P2/segments/20250611171318-z_dbg_gen_00440_inp_hr/surface-volumes/9.362um-1.2m-113keV-volume-20250820143440.zarr,zarr,True,layers-zarr,6,6,0,,0,"28,3340,2700",|u1,0,"28,128,128",populated
PHerc0500P2/segments/20250611171745-z_dbg_gen_00225_inp_hr,PHerc0500P2,2.215um-0.4m-111keV-volume-20250526151718.zarr,PHerc0500P2/segments/20250611171745-z_dbg_gen_00225_inp_hr/surface-volumes/2.215um-0.4m-111keV-volume-20250526151718.zarr,zarr,True,layers-zarr,6,6,0,,0,"118,19740,8260",|u1,0,"118,128,128",populated
PHerc0500P2/segments/20250611171745-z_dbg_gen_00225_inp_hr,PHerc0500P2,4.317um-1.2m-111keV-volume-20250528085330.zarr,PHerc0500P2/segments/20250611171745-z_dbg_gen_00225_inp_hr/surface-volumes/4.317um-1.2m-111keV-volume-20250528085330.zarr,zarr,True,layers-zarr,6,6,0,,0,"61,10140,4240",|u1,0,"61,128,128",populated
PHerc0500P2/segments/20250611171745-z_dbg_gen_00225_inp_hr,PHerc0500P2,9.362um-1.2m-113keV-volume-20250820143440.zarr,PHerc0500P2/segments/20250611171745-z_dbg_gen_00225_inp_hr/surface-volumes/9.362um-1.2m-113keV-volume-20250820143440.zarr,zarr,True,layers-zarr,6,6,0,,0,"28,4680,1960",|u1,0,"28,128,128",populated
PHerc0500P2/segments/20250611172135-z_dbg_gen_00346_inp_hr,PHerc0500P2,2.215um-0.4m-111keV-volume-20250526151718.zarr,PHerc0500P2/segments/20250611172135-z_dbg_gen_00346_inp_hr/surface-volumes/2.215um-0.4m-111keV-volume-20250526151718.zarr,zarr,True,layers-zarr,6,6,0,,0,"118,21640,12820",|u1,0,"118,128,128",populated
PHerc0500P2/segments/20250611172135-z_dbg_gen_00346_inp_hr,PHerc0500P2,4.317um-1.2m-111keV-volume-20250528085330.zarr,PHerc0500P2/segments/20250611172135-z_dbg_gen_00346_inp_hr/surface-volumes/4.317um-1.2m-111keV-volume-20250528085330.zarr,zarr,True,layers-zarr,6,6,0,,0,"61,11120,6580",|u1,0,"61,128,128",populated
PHerc0500P2/segments/20250611172135-z_dbg_gen_00346_inp_hr,PHerc0500P2,9.362um-1.2m-113keV-volume-20250820143440.zarr,PHerc0500P2/segments/20250611172135-z_dbg_gen_00346_inp_hr/surface-volumes/9.362um-1.2m-113keV-volume-20250820143440.zarr,zarr,True,layers-zarr,6,6,0,,0,"28,5140,3040",|u1,0,"28,128,128",populated
PHerc0500P2/segments/20250611173014-z_dbg_gen_00506_inp_hr,PHerc0500P2,2.215um-0.4m-111keV-volume-20250526151718.zarr,PHerc0500P2/segments/20250611173014-z_dbg_gen_00506_inp_hr/surface-volumes/2.215um-0.4m-111keV-volume-20250526151718.zarr,zarr,True,layers-zarr,6,6,0,,0,"118,24060,18900",|u1,0,"118,128,128",populated
PHerc0500P2/segments/20250611173014-z_dbg_gen_00506_inp_hr,PHerc0500P2,4.317um-1.2m-111keV-volume-20250528085330.zarr,PHerc0500P2/segments/20250611173014-z_dbg_gen_00506_inp_hr/surface-volumes/4.317um-1.2m-111keV-volume-20250528085330.zarr,zarr,True,layers-zarr,6,6,0,,0,"61,12360,9700",|u1,0,"61,128,128",populated
PHerc0500P2/segments/20250611173014-z_dbg_gen_00506_inp_hr,PHerc0500P2,9.362um-1.2m-113keV-volume-20250820143440.zarr,PHerc0500P2/segments/20250611173014-z_dbg_gen_00506_inp_hr/surface-volumes/9.362um-1.2m-113keV-volume-20250820143440.zarr,zarr,True,layers-zarr,6,6,0,,0,"28,5720,4500",|u1,0,"28,128,128",populated
PHerc0500P2/segments/20250628074500-500P2_front,PHerc0500P2,2.215um-0.4m-111keV-volume-20250526151718.zarr,PHerc0500P2/segments/20250628074500-500P2_front/surface-volumes/2.215um-0.4m-111keV-volume-20250526151718.zarr,zarr,True,layers-zarr,6,6,0,,0,"118,26440,15060",|u1,0,"118,128,128",populated
PHerc0500P2/segments/20250628074500-500P2_front,PHerc0500P2,4.317um-1.2m-111keV-volume-20250528085330.zarr,PHerc0500P2/segments/20250628074500-500P2_front/surface-volumes/4.317um-1.2m-111keV-volume-20250528085330.zarr,zarr,True,layers-zarr,6,6,0,,0,"61,13580,7720",|u1,0,"61,128,128",populated
PHerc0500P2/segments/20250628074500-500P2_front,PHerc0500P2,9.362um-1.2m-113keV-volume-20250820143440.zarr,PHerc0500P2/segments/20250628074500-500P2_front/surface-volumes/9.362um-1.2m-113keV-volume-20250820143440.zarr,zarr,True,layers-zarr,6,6,0,,0,"28,6280,3580",|u1,0,"28,128,128",populated
PHerc0500P2/segments/20250716055227-z_dbg_gen_00260_inp_hr,PHerc0500P2,2.215um-0.4m-111keV-volume-20250526151718.zarr,PHerc0500P2/segments/20250716055227-z_dbg_gen_00260_inp_hr/surface-volumes/2.215um-0.4m-111keV-volume-20250526151718.zarr,zarr,True,layers-zarr,6,6,0,,0,"118,11180,7440",|u1,0,"118,128,128",populated
PHerc0500P2/segments/20250716055227-z_dbg_gen_00260_inp_hr,PHerc0500P2,4.317um-1.2m-111keV-volume-20250528085330.zarr,PHerc0500P2/segments/20250716055227-z_dbg_gen_00260_inp_hr/surface-volumes/4.317um-1.2m-111keV-volume-20250528085330.zarr,zarr,True,layers-zarr,6,6,0,,0,"61,5740,3820",|u1,0,"61,128,128",populated
PHerc0500P2/segments/20250716055227-z_dbg_gen_00260_inp_hr,PHerc0500P2,9.362um-1.2m-113keV-volume-20250820143440.zarr,PHerc0500P2/segments/20250716055227-z_dbg_gen_00260_inp_hr/surface-volumes/9.362um-1.2m-113keV-volume-20250820143440.zarr,zarr,True,layers-zarr,6,6,0,,0,"28,2660,1760",|u1,0,"28,128,128",populated
PHerc0500P2/segments/20250716055228-z_dbg_gen_00333_inp_hr,PHerc0500P2,2.215um-0.4m-111keV-volume-20250526151718.zarr,PHerc0500P2/segments/20250716055228-z_dbg_gen_00333_inp_hr/surface-volumes/2.215um-0.4m-111keV-volume-20250526151718.zarr,zarr,True,layers-zarr,6,6,0,,0,"118,11600,9320",|u1,0,"118,128,128",populated
PHerc0500P2/segments/20250716055228-z_dbg_gen_00333_inp_hr,PHerc0500P2,4.317um-1.2m-111keV-volume-20250528085330.zarr,PHerc0500P2/segments/20250716055228-z_dbg_gen_00333_inp_hr/surface-volumes/4.317um-1.2m-111keV-volume-20250528085330.zarr,zarr,True,layers-zarr,6,6,0,,0,"61,5960,4780",|u1,0,"61,128,128",populated
PHerc0500P2/segments/20250716055228-z_dbg_gen_00333_inp_hr,PHerc0500P2,9.362um-1.2m-113keV-volume-20250820143440.zarr,PHerc0500P2/segments/20250716055228-z_dbg_gen_00333_inp_hr/surface-volumes/9.362um-1.2m-113keV-volume-20250820143440.zarr,zarr,True,layers-zarr,6,6,0,,0,"28,2760,2220",|u1,0,"28,128,128",populated
PHerc0500P2/segments/20250716055229-z_dbg_gen_00371_inp_hr,PHerc0500P2,2.215um-0.4m-111keV-volume-20250526151718.zarr,PHerc0500P2/segments/20250716055229-z_dbg_gen_00371_inp_hr/surface-volumes/2.215um-0.4m-111keV-volume-20250526151718.zarr,zarr,True,layers-zarr,6,6,0,,0,"118,21560,7880",|u1,0,"118,128,128",populated
PHerc0500P2/segments/20250716055229-z_dbg_gen_00371_inp_hr,PHerc0500P2,4.317um-1.2m-111keV-volume-20250528085330.zarr,PHerc0500P2/segments/20250716055229-z_dbg_gen_00371_inp_hr/surface-volumes/4.317um-1.2m-111keV-volume-20250528085330.zarr,zarr,True,layers-zarr,6,6,0,,0,"61,11080,4040",|u1,0,"61,128,128",populated
PHerc0500P2/segments/20250716055229-z_dbg_gen_00371_inp_hr,PHerc0500P2,9.362um-1.2m-113keV-volume-20250820143440.zarr,PHerc0500P2/segments/20250716055229-z_dbg_gen_00371_inp_hr/surface-volumes/9.362um-1.2m-113keV-volume-20250820143440.zarr,zarr,True,layers-zarr,6,6,0,,0,"28,5120,1880",|u1,0,"28,128,128",populated
PHerc0500P2/segments/20250716055230-z_dbg_gen_00377_inp_hr,PHerc0500P2,2.215um-0.4m-111keV-volume-20250526151718.zarr,PHerc0500P2/segments/20250716055230-z_dbg_gen_00377_inp_hr/surface-volumes/2.215um-0.4m-111keV-volume-20250526151718.zarr,zarr,True,layers-zarr,6,6,0,,0,"118,21720,14060",|u1,0,"118,128,128",populated
PHerc0500P2/segments/20250716055230-z_dbg_gen_00377_inp_hr,PHerc0500P2,4.317um-1.2m-111keV-volume-20250528085330.zarr,PHerc0500P2/segments/20250716055230-z_dbg_gen_00377_inp_hr/surface-volumes/4.317um-1.2m-111keV-volume-20250528085330.zarr,zarr,True,layers-zarr,6,6,0,,0,"61,11160,7220",|u1,0,"61,128,128",populated
PHerc0500P2/segments/20250716055230-z_dbg_gen_00377_inp_hr,PHerc0500P2,9.362um-1.2m-113keV-volume-20250820143440.zarr,PHerc0500P2/segments/20250716055230-z_dbg_gen_00377_inp_hr/surface-volumes/9.362um-1.2m-113keV-volume-20250820143440.zarr,zarr,True,layers-zarr,6,6,0,,0,"28,5160,3340",|u1,0,"28,128,128",populated
PHerc0500P2/segments/20250716055231-z_dbg_gen_00473_inp_hr,PHerc0500P2,2.215um-0.4m-111keV-volume-20250526151718.zarr,PHerc0500P2/segments/20250716055231-z_dbg_gen_00473_inp_hr/surface-volumes/2.215um-0.4m-111keV-volume-20250526151718.zarr,zarr,True,layers-zarr,6,6,0,,0,"118,22540,13940",|u1,0,"118,128,128",populated
PHerc0500P2/segments/20250716055231-z_dbg_gen_00473_inp_hr,PHerc0500P2,4.317um-1.2m-111keV-volume-20250528085330.zarr,PHerc0500P2/segments/20250716055231-z_dbg_gen_00473_inp_hr/surface-volumes/4.317um-1.2m-111keV-volume-20250528085330.zarr,zarr,True,layers-zarr,6,6,0,,0,"61,11580,7160",|u1,0,"61,128,128",populated
PHerc0500P2/segments/20250716055231-z_dbg_gen_00473_inp_hr,PHerc0500P2,9.362um-1.2m-113keV-volume-20250820143440.zarr,PHerc0500P2/segments/20250716055231-z_dbg_gen_00473_inp_hr/surface-volumes/9.362um-1.2m-113keV-volume-20250820143440.zarr,zarr,True,layers-zarr,6,6,0,,0,"28,5360,3320",|u1,0,"28,128,128",populated
PHerc0500P2/segments/20250716055232-z_dbg_gen_00505_inp_hr,PHerc0500P2,2.215um-0.4m-111keV-volume-20250526151718.zarr,PHerc0500P2/segments/20250716055232-z_dbg_gen_00505_inp_hr/surface-volumes/2.215um-0.4m-111keV-volume-20250526151718.zarr,zarr,True,layers-zarr,6,6,0,,0,"118,21180,14620",|u1,0,"118,128,128",populated
PHerc0500P2/segments/20250716055232-z_dbg_gen_00505_inp_hr,PHerc0500P2,4.317um-1.2m-111keV-volume-20250528085330.zarr,PHerc0500P2/segments/20250716055232-z_dbg_gen_00505_inp_hr/surface-volumes/4.317um-1.2m-111keV-volume-20250528085330.zarr,zarr,True,layers-zarr,6,6,0,,0,"61,10880,7500",|u1,0,"61,128,128",populated
PHerc0500P2/segments/20250716055232-z_dbg_gen_00505_inp_hr,PHerc0500P2,9.362um-1.2m-113keV-volume-20250820143440.zarr,PHerc0500P2/segments/20250716055232-z_dbg_gen_00505_inp_hr/surface-volumes/9.362um-1.2m-113keV-volume-20250820143440.zarr,zarr,True,layers-zarr,6,6,0,,0,"28,5020,3480",|u1,0,"28,128,128",populated
PHerc0500P2/segments/20250716055233-z_dbg_gen_00565_inp_hr,PHerc0500P2,2.215um-0.4m-111keV-volume-20250526151718.zarr,PHerc0500P2/segments/20250716055233-z_dbg_gen_00565_inp_hr/surface-volumes/2.215um-0.4m-111keV-volume-20250526151718.zarr,zarr,True,layers-zarr,6,6,0,,0,"118,18720,15460",|u1,0,"118,128,128",populated
PHerc0500P2/segments/20250716055233-z_dbg_gen_00565_inp_hr,PHerc0500P2,4.317um-1.2m-111keV-volume-20250528085330.zarr,PHerc0500P2/segments/20250716055233-z_dbg_gen_00565_inp_hr/surface-volumes/4.317um-1.2m-111keV-volume-20250528085330.zarr,zarr,True,layers-zarr,6,6,0,,0,"61,9620,7940",|u1,0,"61,128,128",populated
PHerc0500P2/segments/20250716055233-z_dbg_gen_00565_inp_hr,PHerc0500P2,9.362um-1.2m-113keV-volume-20250820143440.zarr,PHerc0500P2/segments/20250716055233-z_dbg_gen_00565_inp_hr/surface-volumes/9.362um-1.2m-113keV-volume-20250820143440.zarr,zarr,True,layers-zarr,6,6,0,,0,"28,4440,3680",|u1,0,"28,128,128",populated
PHerc0500P2/segments/20250716055234-z_dbg_gen_00709_inp_hr,PHerc0500P2,2.215um-0.4m-111keV-volume-20250526151718.zarr,PHerc0500P2/segments/20250716055234-z_dbg_gen_00709_inp_hr/surface-volumes/2.215um-0.4m-111keV-volume-20250526151718.zarr,zarr,True,layers-zarr,6,6,0,,0,"118,15760,9620",|u1,0,"118,128,128",populated
PHerc0500P2/segments/20250716055234-z_dbg_gen_00709_inp_hr,PHerc0500P2,4.317um-1.2m-111keV-volume-20250528085330.zarr,PHerc0500P2/segments/20250716055234-z_dbg_gen_00709_inp_hr/surface-volumes/4.317um-1.2m-111keV-volume-20250528085330.zarr,zarr,True,layers-zarr,6,6,0,,0,"61,8100,4940",|u1,0,"61,128,128",populated
PHerc0500P2/segments/20250716055234-z_dbg_gen_00709_inp_hr,PHerc0500P2,9.362um-1.2m-113keV-volume-20250820143440.zarr,PHerc0500P2/segments/20250716055234-z_dbg_gen_00709_inp_hr/surface-volumes/9.362um-1.2m-113keV-volume-20250820143440.zarr,zarr,True,layers-zarr,6,6,0,,0,"28,3740,2280",|u1,0,"28,128,128",populated
PHerc0500P2/segments/20250716055235-z_dbg_gen_00779_inp_hr,PHerc0500P2,2.215um-0.4m-111keV-volume-20250526151718.zarr,PHerc0500P2/segments/20250716055235-z_dbg_gen_00779_inp_hr/surface-volumes/2.215um-0.4m-111keV-volume-20250526151718.zarr,zarr,True,layers-zarr,6,6,0,,0,"118,23700,24680",|u1,0,"118,128,128",populated
PHerc0500P2/segments/20250716055235-z_dbg_gen_00779_inp_hr,PHerc0500P2,4.317um-1.2m-111keV-volume-20250528085330.zarr,PHerc0500P2/segments/20250716055235-z_dbg_gen_00779_inp_hr/surface-volumes/4.317um-1.2m-111keV-volume-20250528085330.zarr,zarr,True,layers-zarr,6,6,0,,0,"61,12180,12660",|u1,0,"61,128,128",populated
PHerc0500P2/segments/20250716055235-z_dbg_gen_00779_inp_hr,PHerc0500P2,9.362um-1.2m-113keV-volume-20250820143440.zarr,PHerc0500P2/segments/20250716055235-z_dbg_gen_00779_inp_hr/surface-volumes/9.362um-1.2m-113keV-volume-20250820143440.zarr,zarr,True,layers-zarr,6,6,0,,0,"28,5640,5860",|u1,0,"28,128,128",populated
PHerc0500P2/segments/20250716055236-z_dbg_gen_00356_inp_hr,PHerc0500P2,2.215um-0.4m-111keV-volume-20250526151718.zarr,PHerc0500P2/segments/20250716055236-z_dbg_gen_00356_inp_hr/surface-volumes/2.215um-0.4m-111keV-volume-20250526151718.zarr,zarr,True,layers-zarr,6,6,0,,0,"118,22700,13200",|u1,0,"118,128,128",populated
PHerc0500P2/segments/20250716055236-z_dbg_gen_00356_inp_hr,PHerc0500P2,4.317um-1.2m-111keV-volume-20250528085330.zarr,PHerc0500P2/segments/20250716055236-z_dbg_gen_00356_inp_hr/surface-volumes/4.317um-1.2m-111keV-volume-20250528085330.zarr,zarr,True,layers-zarr,6,6,0,,0,"61,11660,6780",|u1,0,"61,128,128",populated
PHerc0500P2/segments/20250716055236-z_dbg_gen_00356_inp_hr,PHerc0500P2,9.362um-1.2m-113keV-volume-20250820143440.zarr,PHerc0500P2/segments/20250716055236-z_dbg_gen_00356_inp_hr/surface-volumes/9.362um-1.2m-113keV-volume-20250820143440.zarr,zarr,True,layers-zarr,6,6,0,,0,"28,5380,3140",|u1,0,"28,128,128",populated
PHerc0500P2/segments/20250825181859--1,PHerc0500P2,2.215um-0.4m-111keV-volume-20250526151718.zarr,PHerc0500P2/segments/20250825181859--1/surface-volumes/2.215um-0.4m-111keV-volume-20250526151718.zarr,zarr,True,layers-zarr,6,6,0,,0,"118,24760,13880",|u1,0,"118,128,128",populated
PHerc0500P2/segments/20250825181859--1,PHerc0500P2,4.317um-1.2m-111keV-volume-20250528085330.zarr,PHerc0500P2/segments/20250825181859--1/surface-volumes/4.317um-1.2m-111keV-volume-20250528085330.zarr,zarr,True,layers-zarr,6,6,0,,0,"61,12720,7120",|u1,0,"61,128,128",populated
PHerc0500P2/segments/20250825181859--1,PHerc0500P2,9.362um-1.2m-113keV-volume-20250820143440.zarr,PHerc0500P2/segments/20250825181859--1/surface-volumes/9.362um-1.2m-113keV-volume-20250820143440.zarr,zarr,True,layers-zarr,6,6,0,,0,"28,5880,3300",|u1,0,"28,128,128",populated
PHerc0500P2/segments/20250825181907-0,PHerc0500P2,2.215um-0.4m-111keV-volume-20250526151718.zarr,PHerc0500P2/segments/20250825181907-0/surface-volumes/2.215um-0.4m-111keV-volume-20250526151718.zarr,zarr,True,layers-zarr,6,6,0,,0,"118,24680,14120",|u1,0,"118,128,128",populated
PHerc0500P2/segments/20250825181907-0,PHerc0500P2,4.317um-1.2m-111keV-volume-20250528085330.zarr,PHerc0500P2/segments/20250825181907-0/surface-volumes/4.317um-1.2m-111keV-volume-20250528085330.zarr,zarr,True,layers-zarr,6,6,0,,0,"61,12680,7240",|u1,0,"61,128,128",populated
PHerc0500P2/segments/20250825181907-0,PHerc0500P2,9.362um-1.2m-113keV-volume-20250820143440.zarr,PHerc0500P2/segments/20250825181907-0/surface-volumes/9.362um-1.2m-113keV-volume-20250820143440.zarr,zarr,True,layers-zarr,6,6,0,,0,"28,5860,3360",|u1,0,"28,128,128",populated
PHerc0500P2/segments/20250825181917--2,PHerc0500P2,2.215um-0.4m-111keV-volume-20250526151718.zarr,PHerc0500P2/segments/20250825181917--2/surface-volumes/2.215um-0.4m-111keV-volume-20250526151718.zarr,zarr,True,layers-zarr,6,6,0,,0,"118,23280,13640",|u1,0,"118,128,128",populated
PHerc0500P2/segments/20250825181917--2,PHerc0500P2,4.317um-1.2m-111keV-volume-20250528085330.zarr,PHerc0500P2/segments/20250825181917--2/surface-volumes/4.317um-1.2m-111keV-volume-20250528085330.zarr,zarr,True,layers-zarr,6,6,0,,0,"61,11960,7000",|u1,0,"61,128,128",populated
PHerc0500P2/segments/20250825181917--2,PHerc0500P2,9.362um-1.2m-113keV-volume-20250820143440.zarr,PHerc0500P2/segments/20250825181917--2/surface-volumes/9.362um-1.2m-113keV-volume-20250820143440.zarr,zarr,True,layers-zarr,6,6,0,,0,"28,5520,3240",|u1,0,"28,128,128",populated
PHerc0500P2/segments/20250825181922-1,PHerc0500P2,2.215um-0.4m-111keV-volume-20250526151718.zarr,PHerc0500P2/segments/20250825181922-1/surface-volumes/2.215um-0.4m-111keV-volume-20250526151718.zarr,zarr,True,layers-zarr,6,6,0,,0,"118,24840,14260",|u1,0,"118,128,128",populated
PHerc0500P2/segments/20250825181922-1,PHerc0500P2,4.317um-1.2m-111keV-volume-20250528085330.zarr,PHerc0500P2/segments/20250825181922-1/surface-volumes/4.317um-1.2m-111keV-volume-20250528085330.zarr,zarr,True,layers-zarr,6,6,0,,0,"61,12760,7320",|u1,0,"61,128,128",populated
PHerc0500P2/segments/20250825181922-1,PHerc0500P2,9.362um-1.2m-113keV-volume-20250820143440.zarr,PHerc0500P2/segments/20250825181922-1/surface-volumes/9.362um-1.2m-113keV-volume-20250820143440.zarr,zarr,True,layers-zarr,6,6,0,,0,"28,5900,3380",|u1,0,"28,128,128",populated
PHerc0500P2/segments/20250825181928-2,PHerc0500P2,2.215um-0.4m-111keV-volume-20250526151718.zarr,PHerc0500P2/segments/20250825181928-2/surface-volumes/2.215um-0.4m-111keV-volume-20250526151718.zarr,zarr,True,layers-zarr,6,6,0,,0,"118,23200,12940",|u1,0,"118,128,128",populated
PHerc0500P2/segments/20250825181928-2,PHerc0500P2,4.317um-1.2m-111keV-volume-20250528085330.zarr,PHerc0500P2/segments/20250825181928-2/surface-volumes/4.317um-1.2m-111keV-volume-20250528085330.zarr,zarr,True,layers-zarr,6,6,0,,0,"61,11920,6640",|u1,0,"61,128,128",populated
PHerc0500P2/segments/20250825181928-2,PHerc0500P2,9.362um-1.2m-113keV-volume-20250820143440.zarr,PHerc0500P2/segments/20250825181928-2/surface-volumes/9.362um-1.2m-113keV-volume-20250820143440.zarr,zarr,True,layers-zarr,6,6,0,,0,"28,5500,3080",|u1,0,"28,128,128",populated
PHerc0500P2/segments/20250825181934-3,PHerc0500P2,2.215um-0.4m-111keV-volume-20250526151718.zarr,PHerc0500P2/segments/20250825181934-3/surface-volumes/2.215um-0.4m-111keV-volume-20250526151718.zarr,zarr,True,layers-zarr,6,6,0,,0,"118,23440,12860",|u1,0,"118,128,128",populated
PHerc0500P2/segments/20250825181934-3,PHerc0500P2,4.317um-1.2m-111keV-volume-20250528085330.zarr,PHerc0500P2/segments/20250825181934-3/surface-volumes/4.317um-1.2m-111keV-volume-20250528085330.zarr,zarr,True,layers-zarr,6,6,0,,0,"61,12040,6600",|u1,0,"61,128,128",populated
PHerc0500P2/segments/20250825181934-3,PHerc0500P2,9.362um-1.2m-113keV-volume-20250820143440.zarr,PHerc0500P2/segments/20250825181934-3/surface-volumes/9.362um-1.2m-113keV-volume-20250820143440.zarr,zarr,True,layers-zarr,6,6,0,,0,"28,5560,3060",|u1,0,"28,128,128",populated
PHerc0500P2/segments/20250825181939-4,PHerc0500P2,2.215um-0.4m-111keV-volume-20250526151718.zarr,PHerc0500P2/segments/20250825181939-4/surface-volumes/2.215um-0.4m-111keV-volume-20250526151718.zarr,zarr,True,layers-zarr,6,6,0,,0,"118,23040,13020",|u1,0,"118,128,128",populated
PHerc0500P2/segments/20250825181939-4,PHerc0500P2,4.317um-1.2m-111keV-volume-20250528085330.zarr,PHerc0500P2/segments/20250825181939-4/surface-volumes/4.317um-1.2m-111keV-volume-20250528085330.zarr,zarr,True,layers-zarr,6,6,0,,0,"61,11840,6680",|u1,0,"61,128,128",populated
PHerc0500P2/segments/20250825181939-4,PHerc0500P2,9.362um-1.2m-113keV-volume-20250820143440.zarr,PHerc0500P2/segments/20250825181939-4/surface-volumes/9.362um-1.2m-113keV-volume-20250820143440.zarr,zarr,True,layers-zarr,6,6,0,,0,"28,5480,3100",|u1,0,"28,128,128",populated
PHerc0500P2/segments/20250919184428-0500P2-wrap01_0919,PHerc0500P2,2.215um-0.4m-111keV-volume-20250526151718.zarr,PHerc0500P2/segments/20250919184428-0500P2-wrap01_0919/surface-volumes/2.215um-0.4m-111keV-volume-20250526151718.zarr,zarr,True,layers-zarr,6,6,0,,0,"118,1160,1400",|u1,0,"118,128,128",populated
PHerc0500P2/segments/20250919184428-0500P2-wrap01_0919,PHerc0500P2,4.317um-1.2m-111keV-volume-20250528085330.zarr,PHerc0500P2/segments/20250919184428-0500P2-wrap01_0919/surface-volumes/4.317um-1.2m-111keV-volume-20250528085330.zarr,zarr,True,layers-zarr,6,6,0,,0,"61,600,720",|u1,0,"61,128,128",populated
PHerc0500P2/segments/20250919184428-0500P2-wrap01_0919,PHerc0500P2,9.362um-1.2m-113keV-volume-20250820143440.zarr,PHerc0500P2/segments/20250919184428-0500P2-wrap01_0919/surface-volumes/9.362um-1.2m-113keV-volume-20250820143440.zarr,zarr,True,layers-zarr,6,6,0,,0,"28,280,340",|u1,0,"28,128,128",populated
PHerc0500P2/segments/20250919184429-0500P2-wrap02_0919,PHerc0500P2,2.215um-0.4m-111keV-volume-20250526151718.zarr,PHerc0500P2/segments/20250919184429-0500P2-wrap02_0919/surface-volumes/2.215um-0.4m-111keV-volume-20250526151718.zarr,zarr,True,layers-zarr,6,6,0,,0,"118,1720,2340",|u1,0,"118,128,128",populated
PHerc0500P2/segments/20250919184429-0500P2-wrap02_0919,PHerc0500P2,4.317um-1.2m-111keV-volume-20250528085330.zarr,PHerc0500P2/segments/20250919184429-0500P2-wrap02_0919/surface-volumes/4.317um-1.2m-111keV-volume-20250528085330.zarr,zarr,True,layers-zarr,6,6,0,,0,"61,880,1200",|u1,0,"61,128,128",populated
PHerc0500P2/segments/20250919184429-0500P2-wrap02_0919,PHerc0500P2,9.362um-1.2m-113keV-volume-20250820143440.zarr,PHerc0500P2/segments/20250919184429-0500P2-wrap02_0919/surface-volumes/9.362um-1.2m-113keV-volume-20250820143440.zarr,zarr,True,layers-zarr,6,6,0,,0,"28,400,560",|u1,0,"28,128,128",populated
PHerc0500P2/segments/20250919184430-0500P2-wrap03_0919,PHerc0500P2,2.215um-0.4m-111keV-volume-20250526151718.zarr,PHerc0500P2/segments/20250919184430-0500P2-wrap03_0919/surface-volumes/2.215um-0.4m-111keV-volume-20250526151718.zarr,zarr,True,layers-zarr,6,6,0,,0,"118,2340,3280",|u1,0,"118,128,128",populated
PHerc0500P2/segments/20250919184430-0500P2-wrap03_0919,PHerc0500P2,4.317um-1.2m-111keV-volume-20250528085330.zarr,PHerc0500P2/segments/20250919184430-0500P2-wrap03_0919/surface-volumes/4.317um-1.2m-111keV-volume-20250528085330.zarr,zarr,True,layers-zarr,6,6,0,,0,"61,1200,1680",|u1,0,"61,128,128",populated
PHerc0500P2/segments/20250919184430-0500P2-wrap03_0919,PHerc0500P2,9.362um-1.2m-113keV-volume-20250820143440.zarr,PHerc0500P2/segments/20250919184430-0500P2-wrap03_0919/surface-volumes/9.362um-1.2m-113keV-volume-20250820143440.zarr,zarr,True,layers-zarr,6,6,0,,0,"28,560,780",|u1,0,"28,128,128",populated
PHerc0500P2/segments/20250919184431-0500P2-wrap04_0919,PHerc0500P2,2.215um-0.4m-111keV-volume-20250526151718.zarr,PHerc0500P2/segments/20250919184431-0500P2-wrap04_0919/surface-volumes/2.215um-0.4m-111keV-volume-20250526151718.zarr,zarr,True,layers-zarr,6,6,0,,0,"118,5480,4020",|u1,0,"118,128,128",populated
PHerc0500P2/segments/20250919184431-0500P2-wrap04_0919,PHerc0500P2,4.317um-1.2m-111keV-volume-20250528085330.zarr,PHerc0500P2/segments/20250919184431-0500P2-wrap04_0919/surface-volumes/4.317um-1.2m-111keV-volume-20250528085330.zarr,zarr,True,layers-zarr,6,6,0,,0,"61,2820,2060",|u1,0,"61,128,128",populated
PHerc0500P2/segments/20250919184431-0500P2-wrap04_0919,PHerc0500P2,9.362um-1.2m-113keV-volume-20250820143440.zarr,PHerc0500P2/segments/20250919184431-0500P2-wrap04_0919/surface-volumes/9.362um-1.2m-113keV-volume-20250820143440.zarr,zarr,True,layers-zarr,6,6,0,,0,"28,1300,960",|u1,0,"28,128,128",populated
PHerc0500P2/segments/20250919184432-0500P2-wrap05_0919,PHerc0500P2,2.215um-0.4m-111keV-volume-20250526151718.zarr,PHerc0500P2/segments/20250919184432-0500P2-wrap05_0919/surface-volumes/2.215um-0.4m-111keV-volume-20250526151718.zarr,zarr,True,layers-zarr,6,6,0,,0,"118,4160,4760",|u1,0,"118,128,128",populated
PHerc0500P2/segments/20250919184432-0500P2-wrap05_0919,PHerc0500P2,4.317um-1.2m-111keV-volume-20250528085330.zarr,PHerc0500P2/segments/20250919184432-0500P2-wrap05_0919/surface-volumes/4.317um-1.2m-111keV-volume-20250528085330.zarr,zarr,True,layers-zarr,6,6,0,,0,"61,2140,2440",|u1,0,"61,128,128",populated
PHerc0500P2/segments/20250919184432-0500P2-wrap05_0919,PHerc0500P2,9.362um-1.2m-113keV-volume-20250820143440.zarr,PHerc0500P2/segments/20250919184432-0500P2-wrap05_0919/surface-volumes/9.362um-1.2m-113keV-volume-20250820143440.zarr,zarr,True,layers-zarr,6,6,0,,0,"28,980,1140",|u1,0,"28,128,128",populated
PHerc0500P2/segments/20250919184433-0500P2-wrap06_0919,PHerc0500P2,2.215um-0.4m-111keV-volume-20250526151718.zarr,PHerc0500P2/segments/20250919184433-0500P2-wrap06_0919/surface-volumes/2.215um-0.4m-111keV-volume-20250526151718.zarr,zarr,True,layers-zarr,6,6,0,,0,"118,3940,3900",|u1,0,"118,128,128",populated
PHerc0500P2/segments/20250919184433-0500P2-wrap06_0919,PHerc0500P2,4.317um-1.2m-111keV-volume-20250528085330.zarr,PHerc0500P2/segments/20250919184433-0500P2-wrap06_0919/surface-volumes/4.317um-1.2m-111keV-volume-20250528085330.zarr,zarr,True,layers-zarr,6,6,0,,0,"61,2020,2000",|u1,0,"61,128,128",populated
PHerc0500P2/segments/20250919184433-0500P2-wrap06_0919,PHerc0500P2,9.362um-1.2m-113keV-volume-20250820143440.zarr,PHerc0500P2/segments/20250919184433-0500P2-wrap06_0919/surface-volumes/9.362um-1.2m-113keV-volume-20250820143440.zarr,zarr,True,layers-zarr,6,6,0,,0,"28,940,920",|u1,0,"28,128,128",populated
PHerc0500P2/segments/20250919184434-0500P2-wrap07_0919,PHerc0500P2,2.215um-0.4m-111keV-volume-20250526151718.zarr,PHerc0500P2/segments/20250919184434-0500P2-wrap07_0919/surface-volumes/2.215um-0.4m-111keV-volume-20250526151718.zarr,zarr,True,layers-zarr,6,6,0,,0,"118,4160,3700",|u1,0,"118,128,128",populated
PHerc0500P2/segments/20250919184434-0500P2-wrap07_0919,PHerc0500P2,4.317um-1.2m-111keV-volume-20250528085330.zarr,PHerc0500P2/segments/20250919184434-0500P2-wrap07_0919/surface-volumes/4.317um-1.2m-111keV-volume-20250528085330.zarr,zarr,True,layers-zarr,6,6,0,,0,"61,2140,1900",|u1,0,"61,128,128",populated
PHerc0500P2/segments/20250919184434-0500P2-wrap07_0919,PHerc0500P2,9.362um-1.2m-113keV-volume-20250820143440.zarr,PHerc0500P2/segments/20250919184434-0500P2-wrap07_0919/surface-volumes/9.362um-1.2m-113keV-volume-20250820143440.zarr,zarr,True,layers-zarr,6,6,0,,0,"28,980,880",|u1,0,"28,128,128",populated
PHerc0500P2/segments/20250919184435-0500P2-wrap08_0919,PHerc0500P2,2.215um-0.4m-111keV-volume-20250526151718.zarr,PHerc0500P2/segments/20250919184435-0500P2-wrap08_0919/surface-volumes/2.215um-0.4m-111keV-volume-20250526151718.zarr,zarr,True,layers-zarr,6,6,0,,0,"118,4080,3900",|u1,0,"118,128,128",populated
PHerc0500P2/segments/20250919184435-0500P2-wrap08_0919,PHerc0500P2,4.317um-1.2m-111keV-volume-20250528085330.zarr,PHerc0500P2/segments/20250919184435-0500P2-wrap08_0919/surface-volumes/4.317um-1.2m-111keV-volume-20250528085330.zarr,zarr,True,layers-zarr,6,6,0,,0,"61,2100,2000",|u1,0,"61,128,128",populated
PHerc0500P2/segments/20250919184435-0500P2-wrap08_0919,PHerc0500P2,9.362um-1.2m-113keV-volume-20250820143440.zarr,PHerc0500P2/segments/20250919184435-0500P2-wrap08_0919/surface-volumes/9.362um-1.2m-113keV-volume-20250820143440.zarr,zarr,True,layers-zarr,6,6,0,,0,"28,960,920",|u1,0,"28,128,128",populated
PHerc0500P2/segments/20250919184436-0500P2-wrap09_0919,PHerc0500P2,2.215um-0.4m-111keV-volume-20250526151718.zarr,PHerc0500P2/segments/20250919184436-0500P2-wrap09_0919/surface-volumes/2.215um-0.4m-111keV-volume-20250526151718.zarr,zarr,True,layers-zarr,6,6,0,,0,"118,4360,2700",|u1,0,"118,128,128",populated
PHerc0500P2/segments/20250919184436-0500P2-wrap09_0919,PHerc0500P2,4.317um-1.2m-111keV-volume-20250528085330.zarr,PHerc0500P2/segments/20250919184436-0500P2-wrap09_0919/surface-volumes/4.317um-1.2m-111keV-volume-20250528085330.zarr,zarr,True,layers-zarr,6,6,0,,0,"61,2240,1380",|u1,0,"61,128,128",populated
PHerc0500P2/segments/20250919184436-0500P2-wrap09_0919,PHerc0500P2,9.362um-1.2m-113keV-volume-20250820143440.zarr,PHerc0500P2/segments/20250919184436-0500P2-wrap09_0919/surface-volumes/9.362um-1.2m-113keV-volume-20250820143440.zarr,zarr,True,layers-zarr,6,6,0,,0,"28,1040,640",|u1,0,"28,128,128",populated
PHerc0500P2/segments/20250920020222-0500P2-wrap10_0919,PHerc0500P2,2.215um-0.4m-111keV-volume-20250526151718.zarr,PHerc0500P2/segments/20250920020222-0500P2-wrap10_0919/surface-volumes/2.215um-0.4m-111keV-volume-20250526151718.zarr,zarr,True,layers-zarr,6,6,0,,0,"118,4080,2680",|u1,0,"118,128,128",populated
PHerc0500P2/segments/20250920020222-0500P2-wrap10_0919,PHerc0500P2,4.317um-1.2m-111keV-volume-20250528085330.zarr,PHerc0500P2/segments/20250920020222-0500P2-wrap10_0919/surface-volumes/4.317um-1.2m-111keV-volume-20250528085330.zarr,zarr,True,layers-zarr,6,6,0,,0,"61,2100,1380",|u1,0,"61,128,128",populated
PHerc0500P2/segments/20250920020222-0500P2-wrap10_0919,PHerc0500P2,9.362um-1.2m-113keV-volume-20250820143440.zarr,PHerc0500P2/segments/20250920020222-0500P2-wrap10_0919/surface-volumes/9.362um-1.2m-113keV-volume-20250820143440.zarr,zarr,True,layers-zarr,6,6,0,,0,"28,980,640",|u1,0,"28,128,128",populated
PHerc0500P2/segments/20250920020223-0500P2-wrap12_0919,PHerc0500P2,2.215um-0.4m-111keV-volume-20250526151718.zarr,PHerc0500P2/segments/20250920020223-0500P2-wrap12_0919/surface-volumes/2.215um-0.4m-111keV-volume-20250526151718.zarr,zarr,True,layers-zarr,6,6,0,,0,"118,3820,2960",|u1,0,"118,128,128",populated
PHerc0500P2/segments/20250920020223-0500P2-wrap12_0919,PHerc0500P2,4.317um-1.2m-111keV-volume-20250528085330.zarr,PHerc0500P2/segments/20250920020223-0500P2-wrap12_0919/surface-volumes/4.317um-1.2m-111keV-volume-20250528085330.zarr,zarr,True,layers-zarr,6,6,0,,0,"61,1960,1520",|u1,0,"61,128,128",populated
PHerc0500P2/segments/20250920020223-0500P2-wrap12_0919,PHerc0500P2,9.362um-1.2m-113keV-volume-20250820143440.zarr,PHerc0500P2/segments/20250920020223-0500P2-wrap12_0919/surface-volumes/9.362um-1.2m-113keV-volume-20250820143440.zarr,zarr,True,layers-zarr,6,6,0,,0,"28,900,700",|u1,0,"28,128,128",populated
PHerc0500P2/segments/20250920020224-0500P2-wrap13_0919,PHerc0500P2,2.215um-0.4m-111keV-volume-20250526151718.zarr,PHerc0500P2/segments/20250920020224-0500P2-wrap13_0919/surface-volumes/2.215um-0.4m-111keV-volume-20250526151718.zarr,zarr,True,layers-zarr,6,6,0,,0,"118,3700,2880",|u1,0,"118,128,128",populated
PHerc0500P2/segments/20250920020224-0500P2-wrap13_0919,PHerc0500P2,4.317um-1.2m-111keV-volume-20250528085330.zarr,PHerc0500P2/segments/20250920020224-0500P2-wrap13_0919/surface-volumes/4.317um-1.2m-111keV-volume-20250528085330.zarr,zarr,True,layers-zarr,6,6,0,,0,"61,1900,1480",|u1,0,"61,128,128",populated
PHerc0500P2/segments/20250920020224-0500P2-wrap13_0919,PHerc0500P2,9.362um-1.2m-113keV-volume-20250820143440.zarr,PHerc0500P2/segments/20250920020224-0500P2-wrap13_0919/surface-volumes/9.362um-1.2m-113keV-volume-20250820143440.zarr,zarr,True,layers-zarr,6,6,0,,0,"28,880,680",|u1,0,"28,128,128",populated
PHerc0500P2/segments/20250922024644-0500P2-wrap11_0919,PHerc0500P2,2.215um-0.4m-111keV-volume-20250526151718.zarr,PHerc0500P2/segments/20250922024644-0500P2-wrap11_0919/surface-volumes/2.215um-0.4m-111keV-volume-20250526151718.zarr,zarr,True,layers-zarr,6,6,0,,0,"118,3000,4360",|u1,0,"118,128,128",populated
PHerc0500P2/segments/20250922024644-0500P2-wrap11_0919,PHerc0500P2,4.317um-1.2m-111keV-volume-20250528085330.zarr,PHerc0500P2/segments/20250922024644-0500P2-wrap11_0919/surface-volumes/4.317um-1.2m-111keV-volume-20250528085330.zarr,zarr,True,layers-zarr,6,6,0,,0,"61,1540,2240",|u1,0,"61,128,128",populated
PHerc0500P2/segments/20250922024644-0500P2-wrap11_0919,PHerc0500P2,9.362um-1.2m-113keV-volume-20250820143440.zarr,PHerc0500P2/segments/20250922024644-0500P2-wrap11_0919/surface-volumes/9.362um-1.2m-113keV-volume-20250820143440.zarr,zarr,True,layers-zarr,6,6,0,,0,"28,720,1040",|u1,0,"28,128,128",populated
PHerc0800/segments/20251028213516-auto_grown_20251028213516907,PHerc0800,8.64um-1.2m-116keV-volume-20250521135224.zarr,PHerc0800/segments/20251028213516-auto_grown_20251028213516907/surface-volumes/8.64um-1.2m-116keV-volume-20250521135224.zarr,zarr,True,layers-zarr,6,6,0,,0,"31,2160,2240",|u1,0,"31,128,128",populated
PHerc0800/segments/20251028220042-auto_grown_20251028220042762,PHerc0800,8.64um-1.2m-116keV-volume-20250521135224.zarr,PHerc0800/segments/20251028220042-auto_grown_20251028220042762/surface-volumes/8.64um-1.2m-116keV-volume-20250521135224.zarr,zarr,True,layers-zarr,6,6,0,,0,"31,2040,2000",|u1,0,"31,128,128",populated
PHerc0800/segments/20251028220955-auto_grown_20251028220955262,PHerc0800,8.64um-1.2m-116keV-volume-20250521135224.zarr,PHerc0800/segments/20251028220955-auto_grown_20251028220955262/surface-volumes/8.64um-1.2m-116keV-volume-20250521135224.zarr,zarr,True,layers-zarr,6,6,0,,0,"31,2100,2100",|u1,0,"31,128,128",populated
PHerc0800/segments/20251028222030-auto_grown_20251028222030940,PHerc0800,8.64um-1.2m-116keV-volume-20250521135224.zarr,PHerc0800/segments/20251028222030-auto_grown_20251028222030940/surface-volumes/8.64um-1.2m-116keV-volume-20250521135224.zarr,zarr,True,layers-zarr,6,6,0,,0,"31,2580,2580",|u1,0,"31,128,128",populated
PHerc0800/segments/20251028225813-auto_grown_20251028225813045,PHerc0800,8.64um-1.2m-116keV-volume-20250521135224.zarr,PHerc0800/segments/20251028225813-auto_grown_20251028225813045/surface-volumes/8.64um-1.2m-116keV-volume-20250521135224.zarr,zarr,True,layers-zarr,6,6,0,,0,"31,2300,2260",|u1,0,"31,128,128",populated
PHerc0800/segments/20251029010146-auto_grown_20251029010146642,PHerc0800,8.64um-1.2m-116keV-volume-20250521135224.zarr,PHerc0800/segments/20251029010146-auto_grown_20251029010146642/surface-volumes/8.64um-1.2m-116keV-volume-20250521135224.zarr,zarr,True,layers-zarr,6,6,0,,0,"31,980,980",|u1,0,"31,128,128",populated
PHerc0814/segments/20250925161630-auto_grown_20250925161630635,PHerc0814,1.129um-0.22m-59keV-volume-20260521123630-L1.zarr,PHerc0814/segments/20250925161630-auto_grown_20250925161630635/surface-volumes/1.129um-0.22m-59keV-volume-20260521123630-L1.zarr,zarr,True,layers-zarr,6,6,0,,0,"116,21350,78620",|u1,0,"116,128,128",populated
PHerc0814/segments/20250925161630-auto_grown_20250925161630635,PHerc0814,1.129um-0.22m-59keV-volume-20260521123630.zarr,PHerc0814/segments/20250925161630-auto_grown_20250925161630635/surface-volumes/1.129um-0.22m-59keV-volume-20260521123630.zarr,zarr,True,layers-zarr,6,6,0,,0,"231,42700,157240",|u1,0,"231,128,128",populated
PHerc0814/segments/20250925161630-auto_grown_20250925161630635,PHerc0814,2.399um-0.22m-78keV-volume-20260309142202.zarr,PHerc0814/segments/20250925161630-auto_grown_20250925161630635/surface-volumes/2.399um-0.22m-78keV-volume-20260309142202.zarr,zarr,True,layers-zarr,6,6,0,,0,"109,20080,73920",|u1,0,"109,128,128",populated
PHerc0814/segments/20250925161630-auto_grown_20250925161630635,PHerc0814,9.362um-1.2m-113keV-volume-20250804134230.zarr,PHerc0814/segments/20250925161630-auto_grown_20250925161630635/surface-volumes/9.362um-1.2m-113keV-volume-20250804134230.zarr,zarr,True,layers-zarr,6,6,0,,0,"28,5160,19000",|u1,0,"28,128,128",populated
PHerc0814/segments/20250925182632-auto_grown_20250925182632715,PHerc0814,1.129um-0.22m-59keV-volume-20260521123630-L1.zarr,PHerc0814/segments/20250925182632-auto_grown_20250925182632715/surface-volumes/1.129um-0.22m-59keV-volume-20260521123630-L1.zarr,zarr,True,layers-zarr,6,6,0,,0,"116,19780,89710",|u1,0,"116,128,128",populated
PHerc0814/segments/20250925182632-auto_grown_20250925182632715,PHerc0814,1.129um-0.22m-59keV-volume-20260521123630.zarr,PHerc0814/segments/20250925182632-auto_grown_20250925182632715/surface-volumes/1.129um-0.22m-59keV-volume-20260521123630.zarr,zarr,True,layers-zarr,6,6,0,,0,"231,39560,179420",|u1,0,"231,128,128",populated
PHerc0814/segments/20250925182632-auto_grown_20250925182632715,PHerc0814,2.399um-0.22m-78keV-volume-20260309142202.zarr,PHerc0814/segments/20250925182632-auto_grown_20250925182632715/surface-volumes/2.399um-0.22m-78keV-volume-20260309142202.zarr,zarr,True,layers-zarr,6,6,0,,0,"109,18600,84340",|u1,0,"109,128,128",populated
PHerc0814/segments/20250925182632-auto_grown_20250925182632715,PHerc0814,9.362um-1.2m-113keV-volume-20250804134230.zarr,PHerc0814/segments/20250925182632-auto_grown_20250925182632715/surface-volumes/9.362um-1.2m-113keV-volume-20250804134230.zarr,zarr,True,layers-zarr,6,6,0,,0,"28,4780,21680",|u1,0,"28,128,128",populated
PHerc0814/segments/20250925204843-auto_grown_20250925204843950,PHerc0814,1.129um-0.22m-59keV-volume-20260521123630-L1.zarr,PHerc0814/segments/20250925204843-auto_grown_20250925204843950/surface-volumes/1.129um-0.22m-59keV-volume-20260521123630-L1.zarr,zarr,True,layers-zarr,6,6,0,,0,"116,19200,131820",|u1,0,"116,128,128",populated
PHerc0814/segments/20250925204843-auto_grown_20250925204843950,PHerc0814,2.399um-0.22m-78keV-volume-20260309142202.zarr,PHerc0814/segments/20250925204843-auto_grown_20250925204843950/surface-volumes/2.399um-0.22m-78keV-volume-20260309142202.zarr,zarr,True,layers-zarr,6,6,0,,0,"109,18060,123940",|u1,0,"109,128,128",populated
PHerc0814/segments/20250925204843-auto_grown_20250925204843950,PHerc0814,9.362um-1.2m-113keV-volume-20250804134230.zarr,PHerc0814/segments/20250925204843-auto_grown_20250925204843950/surface-volumes/9.362um-1.2m-113keV-volume-20250804134230.zarr,zarr,True,layers-zarr,6,6,0,,0,"28,4640,31860",|u1,0,"28,128,128",populated
PHerc0814/segments/20250925212701-auto_grown_20250925212701145,PHerc0814,1.129um-0.22m-59keV-volume-20260521123630-L1.zarr,PHerc0814/segments/20250925212701-auto_grown_20250925212701145/surface-volumes/1.129um-0.22m-59keV-volume-20260521123630-L1.zarr,zarr,True,layers-zarr,6,6,0,,0,"116,16880,28550",|u1,0,"116,128,128",populated
PHerc0814/segments/20250925212701-auto_grown_20250925212701145,PHerc0814,1.129um-0.22m-59keV-volume-20260521123630.zarr,PHerc0814/segments/20250925212701-auto_grown_20250925212701145/surface-volumes/1.129um-0.22m-59keV-volume-20260521123630.zarr,zarr,True,layers-zarr,6,6,0,,0,"231,33760,57100",|u1,0,"231,128,128",populated
PHerc0814/segments/20250925212701-auto_grown_20250925212701145,PHerc0814,2.399um-0.22m-78keV-volume-20260309142202.zarr,PHerc0814/segments/20250925212701-auto_grown_20250925212701145/surface-volumes/2.399um-0.22m-78keV-volume-20260309142202.zarr,zarr,True,layers-zarr,6,6,0,,0,"109,15880,26840",|u1,0,"109,128,128",populated
PHerc0814/segments/20250925212701-auto_grown_20250925212701145,PHerc0814,9.362um-1.2m-113keV-volume-20250804134230.zarr,PHerc0814/segments/20250925212701-auto_grown_20250925212701145/surface-volumes/9.362um-1.2m-113keV-volume-20250804134230.zarr,zarr,True,layers-zarr,6,6,0,,0,"28,4080,6900",|u1,0,"28,128,128",populated
PHerc0814/segments/20250925222237-auto_grown_20250925222237459,PHerc0814,1.129um-0.22m-59keV-volume-20260521123630-L1.zarr,PHerc0814/segments/20250925222237-auto_grown_20250925222237459/surface-volumes/1.129um-0.22m-59keV-volume-20260521123630-L1.zarr,zarr,True,layers-zarr,6,6,0,,0,"116,16220,49240",|u1,0,"116,128,128",populated
PHerc0814/segments/20250925222237-auto_grown_20250925222237459,PHerc0814,1.129um-0.22m-59keV-volume-20260521123630.zarr,PHerc0814/segments/20250925222237-auto_grown_20250925222237459/surface-volumes/1.129um-0.22m-59keV-volume-20260521123630.zarr,zarr,True,layers-zarr,6,6,0,,0,"231,32440,98480",|u1,0,"231,128,128",populated
PHerc0814/segments/20250925222237-auto_grown_20250925222237459,PHerc0814,2.399um-0.22m-78keV-volume-20260309142202.zarr,PHerc0814/segments/20250925222237-auto_grown_20250925222237459/surface-volumes/2.399um-0.22m-78keV-volume-20260309142202.zarr,zarr,True,layers-zarr,6,6,0,,0,"109,15260,46300",|u1,0,"109,128,128",populated
PHerc0814/segments/20250925222237-auto_grown_20250925222237459,PHerc0814,9.362um-1.2m-113keV-volume-20250804134230.zarr,PHerc0814/segments/20250925222237-auto_grown_20250925222237459/surface-volumes/9.362um-1.2m-113keV-volume-20250804134230.zarr,zarr,True,layers-zarr,6,6,0,,0,"28,3920,11900",|u1,0,"28,128,128",populated
PHerc0814/segments/20250926051122-auto_grown_20250926051122829,PHerc0814,1.129um-0.22m-59keV-volume-20260521123630-L1.zarr,PHerc0814/segments/20250926051122-auto_grown_20250926051122829/surface-volumes/1.129um-0.22m-59keV-volume-20260521123630-L1.zarr,zarr,True,layers-zarr,6,6,0,,0,"116,22350,214250",|u1,0,"116,128,128",populated
PHerc0814/segments/20250926051122-auto_grown_20250926051122829,PHerc0814,2.399um-0.22m-78keV-volume-20260309142202.zarr,PHerc0814/segments/20250926051122-auto_grown_20250926051122829/surface-volumes/2.399um-0.22m-78keV-volume-20260309142202.zarr,zarr,True,layers-zarr,6,6,0,,0,"109,21020,201420",|u1,0,"109,128,128",populated
PHerc0814/segments/20250926051122-auto_grown_20250926051122829,PHerc0814,9.362um-1.2m-113keV-volume-20250804134230.zarr,PHerc0814/segments/20250926051122-auto_grown_20250926051122829/surface-volumes/9.362um-1.2m-113keV-volume-20250804134230.zarr,zarr,True,layers-zarr,6,6,0,,0,"28,5400,51780",|u1,0,"28,128,128",populated
PHerc0814/segments/20250926165636-auto_trace_20250926165636789,PHerc0814,1.129um-0.22m-59keV-volume-20260521123630-L1.zarr,PHerc0814/segments/20250926165636-auto_trace_20250926165636789/surface-volumes/1.129um-0.22m-59keV-volume-20260521123630-L1.zarr,zarr,True,layers-zarr,6,6,0,,0,"116,19940,112630",|u1,0,"116,128,128",populated
PHerc0814/segments/20250926165636-auto_trace_20250926165636789,PHerc0814,2.399um-0.22m-78keV-volume-20260309142202.zarr,PHerc0814/segments/20250926165636-auto_trace_20250926165636789/surface-volumes/2.399um-0.22m-78keV-volume-20260309142202.zarr,zarr,True,layers-zarr,6,6,0,,0,"109,18760,105880",|u1,0,"109,128,128",populated
PHerc0814/segments/20250926165636-auto_trace_20250926165636789,PHerc0814,9.362um-1.2m-113keV-volume-20250804134230.zarr,PHerc0814/segments/20250926165636-auto_trace_20250926165636789/surface-volumes/9.362um-1.2m-113keV-volume-20250804134230.zarr,zarr,True,layers-zarr,6,6,0,,0,"28,4820,27220",|u1,0,"28,128,128",populated
PHerc0814/segments/20250926203608-auto_grown_20250926203608932,PHerc0814,1.129um-0.22m-59keV-volume-20260521123630-L1.zarr,PHerc0814/segments/20250926203608-auto_grown_20250926203608932/surface-volumes/1.129um-0.22m-59keV-volume-20260521123630-L1.zarr,zarr,True,layers-zarr,6,6,0,,0,"116,19120,101200",|u1,0,"116,128,128",populated
PHerc0814/segments/20250926203608-auto_grown_20250926203608932,PHerc0814,1.129um-0.22m-59keV-volume-20260521123630.zarr,PHerc0814/segments/20250926203608-auto_grown_20250926203608932/surface-volumes/1.129um-0.22m-59keV-volume-20260521123630.zarr,zarr,True,layers-zarr,6,6,0,,0,"231,38240,202400",|u1,0,"231,128,128",populated
PHerc0814/segments/20250926203608-auto_grown_20250926203608932,PHerc0814,2.399um-0.22m-78keV-volume-20260309142202.zarr,PHerc0814/segments/20250926203608-auto_grown_20250926203608932/surface-volumes/2.399um-0.22m-78keV-volume-20260309142202.zarr,zarr,True,layers-zarr,6,6,0,,0,"109,17980,95140",|u1,0,"109,128,128",populated
PHerc0814/segments/20250926203608-auto_grown_20250926203608932,PHerc0814,9.362um-1.2m-113keV-volume-20250804134230.zarr,PHerc0814/segments/20250926203608-auto_grown_20250926203608932/surface-volumes/9.362um-1.2m-113keV-volume-20250804134230.zarr,zarr,True,layers-zarr,6,6,0,,0,"28,4620,24460",|u1,0,"28,128,128",populated
PHerc0814/segments/20250928235953-auto_grown_20250928235953722,PHerc0814,1.129um-0.22m-59keV-volume-20260521123630-L1.zarr,PHerc0814/segments/20250928235953-auto_grown_20250928235953722/surface-volumes/1.129um-0.22m-59keV-volume-20260521123630-L1.zarr,zarr,True,layers-zarr,6,6,0,,0,"116,20860,218310",|u1,0,"116,128,128",populated
PHerc0814/segments/20250928235953-auto_grown_20250928235953722,PHerc0814,2.399um-0.22m-78keV-volume-20260309142202.zarr,PHerc0814/segments/20250928235953-auto_grown_20250928235953722/surface-volumes/2.399um-0.22m-78keV-volume-20260309142202.zarr,zarr,True,layers-zarr,6,6,0,,0,"109,19620,205240",|u1,0,"109,128,128",populated
PHerc0814/segments/20250928235953-auto_grown_20250928235953722,PHerc0814,9.362um-1.2m-113keV-volume-20250804134230.zarr,PHerc0814/segments/20250928235953-auto_grown_20250928235953722/surface-volumes/9.362um-1.2m-113keV-volume-20250804134230.zarr,zarr,True,layers-zarr,6,6,0,,0,"28,5040,52760",|u1,0,"28,128,128",populated
PHerc0814/segments/20250928235954-auto_grown_20250928235953722_copy,PHerc0814,1.129um-0.22m-59keV-volume-20260521123630-L1.zarr,PHerc0814/segments/20250928235954-auto_grown_20250928235953722_copy/surface-volumes/1.129um-0.22m-59keV-volume-20260521123630-L1.zarr,zarr,True,layers-zarr,6,6,0,,0,"116,2490,3700",|u1,0,"116,128,128",populated
PHerc0814/segments/20250928235954-auto_grown_20250928235953722_copy,PHerc0814,2.399um-0.22m-78keV-volume-20260309142202.zarr,PHerc0814/segments/20250928235954-auto_grown_20250928235953722_copy/surface-volumes/2.399um-0.22m-78keV-volume-20260309142202.zarr,zarr,True,layers-zarr,6,6,0,,0,"109,2340,3480",|u1,0,"109,128,128",populated
PHerc0814/segments/20250928235954-auto_grown_20250928235953722_copy,PHerc0814,9.362um-1.2m-113keV-volume-20250804134230.zarr,PHerc0814/segments/20250928235954-auto_grown_20250928235953722_copy/surface-volumes/9.362um-1.2m-113keV-volume-20250804134230.zarr,zarr,True,layers-zarr,6,6,0,,0,"28,600,900",|u1,0,"28,128,128",populated
PHerc0814/segments/20250929040153-auto_grown_20250929040153260,PHerc0814,1.129um-0.22m-59keV-volume-20260521123630-L1.zarr,PHerc0814/segments/20250929040153-auto_grown_20250929040153260/surface-volumes/1.129um-0.22m-59keV-volume-20260521123630-L1.zarr,zarr,True,layers-zarr,6,6,0,,0,"116,13900,46510",|u1,0,"116,128,128",populated
PHerc0814/segments/20250929040153-auto_grown_20250929040153260,PHerc0814,1.129um-0.22m-59keV-volume-20260521123630.zarr,PHerc0814/segments/20250929040153-auto_grown_20250929040153260/surface-volumes/1.129um-0.22m-59keV-volume-20260521123630.zarr,zarr,True,layers-zarr,6,6,0,,0,"231,27800,93020",|u1,0,"231,128,128",populated
PHerc0814/segments/20250929040153-auto_grown_20250929040153260,PHerc0814,2.399um-0.22m-78keV-volume-20260309142202.zarr,PHerc0814/segments/20250929040153-auto_grown_20250929040153260/surface-volumes/2.399um-0.22m-78keV-volume-20260309142202.zarr,zarr,True,layers-zarr,6,6,0,,0,"109,13080,43720",|u1,0,"109,128,128",populated
PHerc0814/segments/20250929040153-auto_grown_20250929040153260,PHerc0814,9.362um-1.2m-113keV-volume-20250804134230.zarr,PHerc0814/segments/20250929040153-auto_grown_20250929040153260/surface-volumes/9.362um-1.2m-113keV-volume-20250804134230.zarr,zarr,True,layers-zarr,6,6,0,,0,"28,3360,11240",|u1,0,"28,128,128",populated
PHerc0814/segments/20250930083742-auto_grown_20250930083742882,PHerc0814,1.129um-0.22m-59keV-volume-20260521123630-L1.zarr,PHerc0814/segments/20250930083742-auto_grown_20250930083742882/surface-volumes/1.129um-0.22m-59keV-volume-20260521123630-L1.zarr,zarr,True,layers-zarr,6,6,0,,0,"116,20940,84990",|u1,0,"116,128,128",populated
PHerc0814/segments/20250930083742-auto_grown_20250930083742882,PHerc0814,1.129um-0.22m-59keV-volume-20260521123630.zarr,PHerc0814/segments/20250930083742-auto_grown_20250930083742882/surface-volumes/1.129um-0.22m-59keV-volume-20260521123630.zarr,zarr,True,layers-zarr,6,6,0,,0,"231,41880,169980",|u1,0,"231,128,128",populated
PHerc0814/segments/20250930083742-auto_grown_20250930083742882,PHerc0814,2.399um-0.22m-78keV-volume-20260309142202.zarr,PHerc0814/segments/20250930083742-auto_grown_20250930083742882/surface-volumes/2.399um-0.22m-78keV-volume-20260309142202.zarr,zarr,True,layers-zarr,6,6,0,,0,"109,19680,79900",|u1,0,"109,128,128",populated
PHerc0814/segments/20250930083742-auto_grown_20250930083742882,PHerc0814,9.362um-1.2m-113keV-volume-20250804134230.zarr,PHerc0814/segments/20250930083742-auto_grown_20250930083742882/surface-volumes/9.362um-1.2m-113keV-volume-20250804134230.zarr,zarr,True,layers-zarr,6,6,0,,0,"28,5060,20540",|u1,0,"28,128,128",populated
PHerc0814/segments/20251001060526-auto_grown_20251001060526760,PHerc0814,1.129um-0.22m-59keV-volume-20260521123630-L1.zarr,PHerc0814/segments/20251001060526-auto_grown_20251001060526760/surface-volumes/1.129um-0.22m-59keV-volume-20260521123630-L1.zarr,zarr,True,layers-zarr,6,6,0,,0,"116,19530,102120",|u1,0,"116,128,128",populated
PHerc0814/segments/20251001060526-auto_grown_20251001060526760,PHerc0814,1.129um-0.22m-59keV-volume-20260521123630.zarr,PHerc0814/segments/20251001060526-auto_grown_20251001060526760/surface-volumes/1.129um-0.22m-59keV-volume-20260521123630.zarr,zarr,True,layers-zarr,6,6,0,,0,"231,39060,204240",|u1,0,"231,128,128",populated
PHerc0814/segments/20251001060526-auto_grown_20251001060526760,PHerc0814,2.399um-0.22m-78keV-volume-20260309142202.zarr,PHerc0814/segments/20251001060526-auto_grown_20251001060526760/surface-volumes/2.399um-0.22m-78keV-volume-20260309142202.zarr,zarr,True,layers-zarr,6,6,0,,0,"109,18360,96000",|u1,0,"109,128,128",populated
PHerc0814/segments/20251001060526-auto_grown_20251001060526760,PHerc0814,9.362um-1.2m-113keV-volume-20250804134230.zarr,PHerc0814/segments/20251001060526-auto_grown_20251001060526760/surface-volumes/9.362um-1.2m-113keV-volume-20250804134230.zarr,zarr,True,layers-zarr,6,6,0,,0,"28,4720,24680",|u1,0,"28,128,128",populated
PHerc0814/segments/20260225160055-auto_grown_20260225160055913,PHerc0814,1.129um-0.22m-59keV-volume-20260521123630-L1.zarr,PHerc0814/segments/20260225160055-auto_grown_20260225160055913/surface-volumes/1.129um-0.22m-59keV-volume-20260521123630-L1.zarr,zarr,True,layers-zarr,6,6,0,,0,"116,2720,2700",|u1,0,"116,128,128",populated
PHerc0814/segments/20260225160055-auto_grown_20260225160055913,PHerc0814,2.399um-0.22m-78keV-volume-20260309142202.zarr,PHerc0814/segments/20260225160055-auto_grown_20260225160055913/surface-volumes/2.399um-0.22m-78keV-volume-20260309142202.zarr,zarr,True,layers-zarr,6,6,0,,0,"109,2560,2540",|u1,0,"109,128,128",populated
PHerc0814/segments/20260225160055-auto_grown_20260225160055913,PHerc0814,9.362um-1.2m-113keV-volume-20250804134230.zarr,PHerc0814/segments/20260225160055-auto_grown_20260225160055913/surface-volumes/9.362um-1.2m-113keV-volume-20250804134230.zarr,zarr,True,layers-zarr,6,6,0,,0,"28,660,660",|u1,0,"28,128,128",populated
PHerc0814/segments/20260226000000-46527_2um_try2,PHerc0814,1.129um-0.22m-59keV-volume-20260521123630-L1.zarr,PHerc0814/segments/20260226000000-46527_2um_try2/surface-volumes/1.129um-0.22m-59keV-volume-20260521123630-L1.zarr,zarr,True,layers-zarr,6,6,0,,0,"116,9060,14700",|u1,0,"116,128,128",populated
PHerc0814/segments/20260226000000-46527_2um_try2,PHerc0814,2.399um-0.22m-78keV-volume-20260309142202.zarr,PHerc0814/segments/20260226000000-46527_2um_try2/surface-volumes/2.399um-0.22m-78keV-volume-20260309142202.zarr,zarr,True,layers-zarr,6,6,0,,0,"109,8520,13820",|u1,0,"109,128,128",populated
PHerc0814/segments/20260226000000-46527_2um_try2,PHerc0814,9.362um-1.2m-113keV-volume-20250804134230.zarr,PHerc0814/segments/20260226000000-46527_2um_try2/surface-volumes/9.362um-1.2m-113keV-volume-20250804134230.zarr,zarr,True,layers-zarr,6,6,0,,0,"28,2180,3560",|u1,0,"28,128,128",populated
PHerc0814/segments/20260226110425-auto_grown_20260226110425097_abf,PHerc0814,1.129um-0.22m-59keV-volume-20260521123630-L1.zarr,PHerc0814/segments/20260226110425-auto_grown_20260226110425097_abf/surface-volumes/1.129um-0.22m-59keV-volume-20260521123630-L1.zarr,zarr,True,layers-zarr,6,6,0,,0,"116,2450,3960",|u1,0,"116,128,128",populated
PHerc0814/segments/20260226110425-auto_grown_20260226110425097_abf,PHerc0814,2.399um-0.22m-78keV-volume-20260309142202.zarr,PHerc0814/segments/20260226110425-auto_grown_20260226110425097_abf/surface-volumes/2.399um-0.22m-78keV-volume-20260309142202.zarr,zarr,True,layers-zarr,6,6,0,,0,"109,2300,3720",|u1,0,"109,128,128",populated
PHerc0814/segments/20260226110425-auto_grown_20260226110425097_abf,PHerc0814,9.362um-1.2m-113keV-volume-20250804134230.zarr,PHerc0814/segments/20260226110425-auto_grown_20260226110425097_abf/surface-volumes/9.362um-1.2m-113keV-volume-20250804134230.zarr,zarr,True,layers-zarr,6,6,0,,0,"28,600,960",|u1,0,"28,128,128",populated
PHerc0814/segments/20260226113324-auto_grown_20260226113324624_abf,PHerc0814,1.129um-0.22m-59keV-volume-20260521123630-L1.zarr,PHerc0814/segments/20260226113324-auto_grown_20260226113324624_abf/surface-volumes/1.129um-0.22m-59keV-volume-20260521123630-L1.zarr,zarr,True,layers-zarr,6,6,0,,0,"116,2470,4080",|u1,0,"116,128,128",populated
PHerc0814/segments/20260226113324-auto_grown_20260226113324624_abf,PHerc0814,2.399um-0.22m-78keV-volume-20260309142202.zarr,PHerc0814/segments/20260226113324-auto_grown_20260226113324624_abf/surface-volumes/2.399um-0.22m-78keV-volume-20260309142202.zarr,zarr,True,layers-zarr,6,6,0,,0,"109,2320,3840",|u1,0,"109,128,128",populated
PHerc0814/segments/20260226113324-auto_grown_20260226113324624_abf,PHerc0814,9.362um-1.2m-113keV-volume-20250804134230.zarr,PHerc0814/segments/20260226113324-auto_grown_20260226113324624_abf/surface-volumes/9.362um-1.2m-113keV-volume-20250804134230.zarr,zarr,True,layers-zarr,6,6,0,,0,"28,600,980",|u1,0,"28,128,128",populated
PHerc0814/segments/20260226121302-auto_grown_20260226121302716_abf,PHerc0814,1.129um-0.22m-59keV-volume-20260521123630-L1.zarr,PHerc0814/segments/20260226121302-auto_grown_20260226121302716_abf/surface-volumes/1.129um-0.22m-59keV-volume-20260521123630-L1.zarr,zarr,True,layers-zarr,6,6,0,,0,"116,2510,4080",|u1,0,"116,128,128",populated
PHerc0814/segments/20260226121302-auto_grown_20260226121302716_abf,PHerc0814,2.399um-0.22m-78keV-volume-20260309142202.zarr,PHerc0814/segments/20260226121302-auto_grown_20260226121302716_abf/surface-volumes/2.399um-0.22m-78keV-volume-20260309142202.zarr,zarr,True,layers-zarr,6,6,0,,0,"109,2360,3840",|u1,0,"109,128,128",populated
PHerc0814/segments/20260226121302-auto_grown_20260226121302716_abf,PHerc0814,9.362um-1.2m-113keV-volume-20250804134230.zarr,PHerc0814/segments/20260226121302-auto_grown_20260226121302716_abf/surface-volumes/9.362um-1.2m-113keV-volume-20250804134230.zarr,zarr,True,layers-zarr,6,6,0,,0,"28,600,980",|u1,0,"28,128,128",populated
PHerc0814/segments/20260226123353-auto_grown_20260226123353106,PHerc0814,1.129um-0.22m-59keV-volume-20260521123630-L1.zarr,PHerc0814/segments/20260226123353-auto_grown_20260226123353106/surface-volumes/1.129um-0.22m-59keV-volume-20260521123630-L1.zarr,zarr,True,layers-zarr,6,6,6,"0,1,2,3,4,5",0,"116,1940,4620",|u1,0,"116,128,128",no_chunks_at_any_level
PHerc0814/segments/20260226123353-auto_grown_20260226123353106,PHerc0814,2.399um-0.22m-78keV-volume-20260309142202.zarr,PHerc0814/segments/20260226123353-auto_grown_20260226123353106/surface-volumes/2.399um-0.22m-78keV-volume-20260309142202.zarr,zarr,True,layers-zarr,6,6,0,,0,"109,1820,4340",|u1,0,"109,128,128",populated
PHerc0814/segments/20260226123353-auto_grown_20260226123353106,PHerc0814,9.362um-1.2m-113keV-volume-20250804134230.zarr,PHerc0814/segments/20260226123353-auto_grown_20260226123353106/surface-volumes/9.362um-1.2m-113keV-volume-20250804134230.zarr,zarr,True,layers-zarr,6,6,0,,0,"28,460,1120",|u1,0,"28,128,128",populated
PHerc0841/segments/20260220213127-w00,PHerc0841,2.403um-0.22m-77keV-volume-20260319124803.zarr,PHerc0841/segments/20260220213127-w00/surface-volumes/2.403um-0.22m-77keV-volume-20260319124803.zarr,zarr,True,layers-zarr,6,6,0,,0,"109,16460,18560",|u1,0,"109,128,128",populated
PHerc0841/segments/20260220213127-w00,PHerc0841,9.366um-1.2m-113keV-volume-20250821151531.zarr,PHerc0841/segments/20260220213127-w00/surface-volumes/9.366um-1.2m-113keV-volume-20250821151531.zarr,zarr,True,layers-zarr,6,6,0,,0,"28,4220,4760",|u1,0,"28,128,128",populated
PHerc0841/segments/20260220214732-auto_grown_20260220144552896,PHerc0841,2.403um-0.22m-77keV-volume-20260319124803.zarr,PHerc0841/segments/20260220214732-auto_grown_20260220144552896/surface-volumes/2.403um-0.22m-77keV-volume-20260319124803.zarr,zarr,True,layers-zarr,6,6,0,,0,"109,18080,18400",|u1,0,"109,128,128",populated
PHerc0841/segments/20260220214732-auto_grown_20260220144552896,PHerc0841,9.366um-1.2m-113keV-volume-20250821151531.zarr,PHerc0841/segments/20260220214732-auto_grown_20260220144552896/surface-volumes/9.366um-1.2m-113keV-volume-20250821151531.zarr,zarr,True,layers-zarr,6,6,0,,0,"28,4640,4720",|u1,0,"28,128,128",populated
PHerc0841/segments/20260221022814-auto_grown_20260220174252405,PHerc0841,2.403um-0.22m-77keV-volume-20260319124803.zarr,PHerc0841/segments/20260221022814-auto_grown_20260220174252405/surface-volumes/2.403um-0.22m-77keV-volume-20260319124803.zarr,zarr,True,layers-zarr,6,6,0,,0,"109,14660,19100",|u1,0,"109,128,128",populated
PHerc0841/segments/20260221022814-auto_grown_20260220174252405,PHerc0841,9.366um-1.2m-113keV-volume-20250821151531.zarr,PHerc0841/segments/20260221022814-auto_grown_20260220174252405/surface-volumes/9.366um-1.2m-113keV-volume-20250821151531.zarr,zarr,True,layers-zarr,6,6,0,,0,"28,3760,4900",|u1,0,"28,128,128",populated
PHerc1447/segments/20250502180708-auto_grown_20250502160708188,PHerc1447,8.64um-1.2m-116keV-volume-20250521151220.zarr,PHerc1447/segments/20250502180708-auto_grown_20250502160708188/surface-volumes/8.64um-1.2m-116keV-volume-20250521151220.zarr,zarr,True,layers-zarr,6,6,0,,0,"31,2660,3540",|u1,0,"31,128,128",populated
PHerc1447/segments/20250502180748-auto_grown_20250502160748721,PHerc1447,8.64um-1.2m-116keV-volume-20250521151220.zarr,PHerc1447/segments/20250502180748-auto_grown_20250502160748721/surface-volumes/8.64um-1.2m-116keV-volume-20250521151220.zarr,zarr,True,layers-zarr,6,6,0,,0,"31,4120,2240",|u1,0,"31,128,128",populated
PHerc1447/segments/20250502182142-auto_grown_20250502161324419,PHerc1447,8.64um-1.2m-116keV-volume-20250521151220.zarr,PHerc1447/segments/20250502182142-auto_grown_20250502161324419/surface-volumes/8.64um-1.2m-116keV-volume-20250521151220.zarr,zarr,True,layers-zarr,6,6,0,,0,"31,3760,2560",|u1,0,"31,128,128",populated
PHerc1447/segments/20250502182456-auto_grown_20250502161202782,PHerc1447,8.64um-1.2m-116keV-volume-20250521151220.zarr,PHerc1447/segments/20250502182456-auto_grown_20250502161202782/surface-volumes/8.64um-1.2m-116keV-volume-20250521151220.zarr,zarr,True,layers-zarr,6,6,0,,0,"31,4720,3240",|u1,0,"31,128,128",populated
PHerc1447/segments/20250502183138-auto_grown_20250502162038685,PHerc1447,8.64um-1.2m-116keV-volume-20250521151220.zarr,PHerc1447/segments/20250502183138-auto_grown_20250502162038685/surface-volumes/8.64um-1.2m-116keV-volume-20250521151220.zarr,zarr,True,layers-zarr,6,6,0,,0,"31,3220,2120",|u1,0,"31,128,128",populated
PHerc1447/segments/20250502183421-auto_grown_20250502161744358,PHerc1447,8.64um-1.2m-116keV-volume-20250521151220.zarr,PHerc1447/segments/20250502183421-auto_grown_20250502161744358/surface-volumes/8.64um-1.2m-116keV-volume-20250521151220.zarr,zarr,True,layers-zarr,6,6,0,,0,"31,3820,3860",|u1,0,"31,128,128",populated
PHerc1447/segments/20250502184201-auto_grown_20250502163549332,PHerc1447,8.64um-1.2m-116keV-volume-20250521151220.zarr,PHerc1447/segments/20250502184201-auto_grown_20250502163549332/surface-volumes/8.64um-1.2m-116keV-volume-20250521151220.zarr,zarr,True,layers-zarr,6,6,0,,0,"31,3580,2220",|u1,0,"31,128,128",populated
PHerc1447/segments/20250502184658-auto_grown_20250502163923577,PHerc1447,8.64um-1.2m-116keV-volume-20250521151220.zarr,PHerc1447/segments/20250502184658-auto_grown_20250502163923577/surface-volumes/8.64um-1.2m-116keV-volume-20250521151220.zarr,zarr,True,layers-zarr,6,6,0,,0,"31,4220,2860",|u1,0,"31,128,128",populated
PHerc1447/segments/20250502184845-auto_grown_20250502164121265,PHerc1447,8.64um-1.2m-116keV-volume-20250521151220.zarr,PHerc1447/segments/20250502184845-auto_grown_20250502164121265/surface-volumes/8.64um-1.2m-116keV-volume-20250521151220.zarr,zarr,True,layers-zarr,6,6,0,,0,"31,4620,2200",|u1,0,"31,128,128",populated
PHerc1447/segments/20250502185519-auto_grown_20250502164303733,PHerc1447,8.64um-1.2m-116keV-volume-20250521151220.zarr,PHerc1447/segments/20250502185519-auto_grown_20250502164303733/surface-volumes/8.64um-1.2m-116keV-volume-20250521151220.zarr,zarr,True,layers-zarr,6,6,0,,0,"31,3200,2660",|u1,0,"31,128,128",populated
PHerc1447/segments/20250502205333-auto_grown_20250502181030065,PHerc1447,8.64um-1.2m-116keV-volume-20250521151220.zarr,PHerc1447/segments/20250502205333-auto_grown_20250502181030065/surface-volumes/8.64um-1.2m-116keV-volume-20250521151220.zarr,zarr,True,layers-zarr,6,6,0,,0,"31,3760,2580",|u1,0,"31,128,128",populated
PHerc1447/segments/20250702235910-auto_grown_20250702235910292,PHerc1447,8.64um-1.2m-116keV-volume-20250521151220.tifs,PHerc1447/segments/20250702235910-auto_grown_20250702235910292/surface-volumes/8.64um-1.2m-116keV-volume-20250521151220.tifs,tif-stack,True,layers-tif,0,0,0,,0,,,,,populated
PHerc1447/segments/20250702235910-auto_grown_20250702235910292,PHerc1447,8.64um-1.2m-116keV-volume-20250521151220.zarr,PHerc1447/segments/20250702235910-auto_grown_20250702235910292/surface-volumes/8.64um-1.2m-116keV-volume-20250521151220.zarr,zarr,True,layers-zarr,6,6,0,,0,"31,2980,3240",|u1,0,"31,128,128",populated
PHerc1447/segments/20250703025628-auto_grown_20250703025628283,PHerc1447,8.64um-1.2m-116keV-volume-20250521151220.tifs,PHerc1447/segments/20250703025628-auto_grown_20250703025628283/surface-volumes/8.64um-1.2m-116keV-volume-20250521151220.tifs,tif-stack,True,layers-tif,0,0,0,,0,,,,,populated
PHerc1447/segments/20250703025628-auto_grown_20250703025628283,PHerc1447,8.64um-1.2m-116keV-volume-20250521151220.zarr,PHerc1447/segments/20250703025628-auto_grown_20250703025628283/surface-volumes/8.64um-1.2m-116keV-volume-20250521151220.zarr,zarr,True,layers-zarr,6,6,0,,0,"31,4100,4260",|u1,0,"31,128,128",populated
PHerc1447/segments/20250703034159-auto_grown_20250703034159599,PHerc1447,8.64um-1.2m-116keV-volume-20250521151220.tifs,PHerc1447/segments/20250703034159-auto_grown_20250703034159599/surface-volumes/8.64um-1.2m-116keV-volume-20250521151220.tifs,tif-stack,True,layers-tif,0,0,0,,0,,,,,populated
PHerc1447/segments/20250703034159-auto_grown_20250703034159599,PHerc1447,8.64um-1.2m-116keV-volume-20250521151220.zarr,PHerc1447/segments/20250703034159-auto_grown_20250703034159599/surface-volumes/8.64um-1.2m-116keV-volume-20250521151220.zarr,zarr,True,layers-zarr,6,6,0,,0,"31,3620,5220",|u1,0,"31,128,128",populated
PHerc1447/segments/20251105093211-z_dbg_gen_00320,PHerc1447,8.64um-1.2m-116keV-volume-20250521151220.tifs,PHerc1447/segments/20251105093211-z_dbg_gen_00320/surface-volumes/8.64um-1.2m-116keV-volume-20250521151220.tifs,tif-stack,True,layers-tif,0,0,0,,0,,,,,populated
PHerc1447/segments/20251105093211-z_dbg_gen_00320,PHerc1447,8.64um-1.2m-116keV-volume-20250521151220.zarr,PHerc1447/segments/20251105093211-z_dbg_gen_00320/surface-volumes/8.64um-1.2m-116keV-volume-20250521151220.zarr,zarr,True,layers-zarr,6,6,0,,0,"31,13640,8220",|u1,0,"31,128,128",populated
PHerc1667/segments/20240304141531-w013_20240304141531_flatboi,PHerc1667,1.129um-0.22m-59keV-volume-20260323082859-L1.zarr,PHerc1667/segments/20240304141531-w013_20240304141531_flatboi/surface-volumes/1.129um-0.22m-59keV-volume-20260323082859-L1.zarr,zarr,True,layers-zarr,6,6,0,,0,"116,44490,84010",|u1,0,"116,128,128",populated
PHerc1667/segments/20240304141531-w013_20240304141531_flatboi,PHerc1667,2.399um-0.22m-78keV-volume-20251217075048.zarr,PHerc1667/segments/20240304141531-w013_20240304141531_flatboi/surface-volumes/2.399um-0.22m-78keV-volume-20251217075048.zarr,zarr,True,layers-zarr,6,6,0,,0,"109,41600,79600",|u1,0,"109,128,128",populated
PHerc1667/segments/20240304144031-w018_20240304144031_flatboi,PHerc1667,1.129um-0.22m-59keV-volume-20260323082859-L1.zarr,PHerc1667/segments/20240304144031-w018_20240304144031_flatboi/surface-volumes/1.129um-0.22m-59keV-volume-20260323082859-L1.zarr,zarr,True,layers-zarr,6,6,0,,0,"116,45310,103550",|u1,0,"116,128,128",populated
PHerc1667/segments/20240304144031-w018_20240304144031_flatboi,PHerc1667,2.399um-0.22m-78keV-volume-20251217075048.zarr,PHerc1667/segments/20240304144031-w018_20240304144031_flatboi/surface-volumes/2.399um-0.22m-78keV-volume-20251217075048.zarr,zarr,True,layers-zarr,6,6,0,,0,"109,42380,98100",|u1,0,"109,128,128",populated
PHerc1667/segments/20240304161941-w023_20240304161941_flatboi,PHerc1667,1.129um-0.22m-59keV-volume-20260323082859-L1.zarr,PHerc1667/segments/20240304161941-w023_20240304161941_flatboi/surface-volumes/1.129um-0.22m-59keV-volume-20260323082859-L1.zarr,zarr,True,layers-zarr,6,6,0,,0,"116,44760,108030",|u1,0,"116,128,128",populated
PHerc1667/segments/20240304161941-w023_20240304161941_flatboi,PHerc1667,2.399um-0.22m-78keV-volume-20251217075048.zarr,PHerc1667/segments/20240304161941-w023_20240304161941_flatboi/surface-volumes/2.399um-0.22m-78keV-volume-20251217075048.zarr,zarr,True,layers-zarr,6,6,0,,0,"109,41860,102360",|u1,0,"109,128,128",populated
PHerc1667/segments/20251206103305-w012_20251206103305555_flatboi,PHerc1667,1.129um-0.22m-59keV-volume-20260323082859-L1.zarr,PHerc1667/segments/20251206103305-w012_20251206103305555_flatboi/surface-volumes/1.129um-0.22m-59keV-volume-20260323082859-L1.zarr,zarr,True,layers-zarr,6,6,0,,0,"116,42120,16560",|u1,0,"116,128,128",populated
PHerc1667/segments/20251206103305-w012_20251206103305555_flatboi,PHerc1667,1.129um-0.22m-59keV-volume-20260323082859.zarr,PHerc1667/segments/20251206103305-w012_20251206103305555_flatboi/surface-volumes/1.129um-0.22m-59keV-volume-20260323082859.zarr,zarr,True,layers-zarr,6,6,0,,0,"231,84240,33120",|u1,0,"231,128,128",populated
PHerc1667/segments/20251206103305-w012_20251206103305555_flatboi,PHerc1667,2.399um-0.22m-78keV-volume-20251217075048.zarr,PHerc1667/segments/20251206103305-w012_20251206103305555_flatboi/surface-volumes/2.399um-0.22m-78keV-volume-20251217075048.zarr,zarr,True,layers-zarr,6,6,0,,0,"109,39380,15700",|u1,0,"109,128,128",populated
PHerc1667/segments/20251208130119-w028_20251208130119156_flatboi,PHerc1667,1.129um-0.22m-59keV-volume-20260323082859-L1.zarr,PHerc1667/segments/20251208130119-w028_20251208130119156_flatboi/surface-volumes/1.129um-0.22m-59keV-volume-20260323082859-L1.zarr,zarr,True,layers-zarr,6,6,0,,0,"116,40010,32010",|u1,0,"116,128,128",populated
PHerc1667/segments/20251208130119-w028_20251208130119156_flatboi,PHerc1667,2.399um-0.22m-78keV-volume-20251217075048.zarr,PHerc1667/segments/20251208130119-w028_20251208130119156_flatboi/surface-volumes/2.399um-0.22m-78keV-volume-20251217075048.zarr,zarr,True,layers-zarr,6,6,0,,0,"109,37420,30340",|u1,0,"109,128,128",populated
PHerc1667/segments/20251212185248-w029_20251212185248662_flatboi,PHerc1667,1.129um-0.22m-59keV-volume-20260323082859-L1.zarr,PHerc1667/segments/20251212185248-w029_20251212185248662_flatboi/surface-volumes/1.129um-0.22m-59keV-volume-20260323082859-L1.zarr,zarr,True,layers-zarr,6,6,0,,0,"116,40630,33050",|u1,0,"116,128,128",populated
PHerc1667/segments/20251212185248-w029_20251212185248662_flatboi,PHerc1667,2.399um-0.22m-78keV-volume-20251217075048.zarr,PHerc1667/segments/20251212185248-w029_20251212185248662_flatboi/surface-volumes/2.399um-0.22m-78keV-volume-20251217075048.zarr,zarr,True,layers-zarr,6,6,0,,0,"109,38000,31320",|u1,0,"109,128,128",populated
PHerc1667/segments/20251220020000-w030_2025122002_flatboi,PHerc1667,1.129um-0.22m-59keV-volume-20260323082859-L1.zarr,PHerc1667/segments/20251220020000-w030_2025122002_flatboi/surface-volumes/1.129um-0.22m-59keV-volume-20260323082859-L1.zarr,zarr,True,layers-zarr,6,6,0,,0,"116,40430,33460",|u1,0,"116,128,128",populated
PHerc1667/segments/20251220020000-w030_2025122002_flatboi,PHerc1667,2.399um-0.22m-78keV-volume-20251217075048.zarr,PHerc1667/segments/20251220020000-w030_2025122002_flatboi/surface-volumes/2.399um-0.22m-78keV-volume-20251217075048.zarr,zarr,True,layers-zarr,6,6,0,,0,"109,37800,31720",|u1,0,"109,128,128",populated
PHerc1667/segments/20251223230000-w031_2025122323_flatboi,PHerc1667,1.129um-0.22m-59keV-volume-20260323082859-L1.zarr,PHerc1667/segments/20251223230000-w031_2025122323_flatboi/surface-volumes/1.129um-0.22m-59keV-volume-20260323082859-L1.zarr,zarr,True,layers-zarr,6,6,0,,0,"116,40070,33950",|u1,0,"116,128,128",populated
PHerc1667/segments/20251223230000-w031_2025122323_flatboi,PHerc1667,2.399um-0.22m-78keV-volume-20251217075048.zarr,PHerc1667/segments/20251223230000-w031_2025122323_flatboi/surface-volumes/2.399um-0.22m-78keV-volume-20251217075048.zarr,zarr,True,layers-zarr,6,6,0,,0,"109,37480,32180",|u1,0,"109,128,128",populated
PHerc1667/segments/20260105050000-w032_2026010505_flatboi,PHerc1667,1.129um-0.22m-59keV-volume-20260323082859-L1.zarr,PHerc1667/segments/20260105050000-w032_2026010505_flatboi/surface-volumes/1.129um-0.22m-59keV-volume-20260323082859-L1.zarr,zarr,True,layers-zarr,6,6,0,,0,"116,40700,34630",|u1,0,"116,128,128",populated
PHerc1667/segments/20260105050000-w032_2026010505_flatboi,PHerc1667,2.399um-0.22m-78keV-volume-20251217075048.zarr,PHerc1667/segments/20260105050000-w032_2026010505_flatboi/surface-volumes/2.399um-0.22m-78keV-volume-20251217075048.zarr,zarr,True,layers-zarr,6,6,0,,0,"109,38060,32820",|u1,0,"109,128,128",populated
PHerc1667/segments/20260108140509-w011_20260108140509268_flatboi,PHerc1667,1.129um-0.22m-59keV-volume-20260323082859-L1.zarr,PHerc1667/segments/20260108140509-w011_20260108140509268_flatboi/surface-volumes/1.129um-0.22m-59keV-volume-20260323082859-L1.zarr,zarr,True,layers-zarr,6,6,0,,0,"116,42240,15520",|u1,0,"116,128,128",populated
PHerc1667/segments/20260108140509-w011_20260108140509268_flatboi,PHerc1667,1.129um-0.22m-59keV-volume-20260323082859.zarr,PHerc1667/segments/20260108140509-w011_20260108140509268_flatboi/surface-volumes/1.129um-0.22m-59keV-volume-20260323082859.zarr,zarr,True,layers-zarr,6,6,0,,0,"231,84480,31040",|u1,0,"231,128,128",populated
PHerc1667/segments/20260108140509-w011_20260108140509268_flatboi,PHerc1667,2.399um-0.22m-78keV-volume-20251217075048.zarr,PHerc1667/segments/20260108140509-w011_20260108140509268_flatboi/surface-volumes/2.399um-0.22m-78keV-volume-20251217075048.zarr,zarr,True,layers-zarr,6,6,0,,0,"109,39500,14720",|u1,0,"109,128,128",populated
PHerc1667/segments/20260110010000-w033_2026011001_flatboi,PHerc1667,1.129um-0.22m-59keV-volume-20260323082859-L1.zarr,PHerc1667/segments/20260110010000-w033_2026011001_flatboi/surface-volumes/1.129um-0.22m-59keV-volume-20260323082859-L1.zarr,zarr,True,layers-zarr,6,6,0,,0,"116,38600,33320",|u1,0,"116,128,128",populated
PHerc1667/segments/20260110010000-w033_2026011001_flatboi,PHerc1667,2.399um-0.22m-78keV-volume-20251217075048.zarr,PHerc1667/segments/20260110010000-w033_2026011001_flatboi/surface-volumes/2.399um-0.22m-78keV-volume-20251217075048.zarr,zarr,True,layers-zarr,6,6,0,,0,"109,36100,31580",|u1,0,"109,128,128",populated
PHerc1667/segments/20260115160000-w034_2026011516_flatboi,PHerc1667,1.129um-0.22m-59keV-volume-20260323082859-L1.zarr,PHerc1667/segments/20260115160000-w034_2026011516_flatboi/surface-volumes/1.129um-0.22m-59keV-volume-20260323082859-L1.zarr,zarr,True,layers-zarr,6,6,0,,0,"116,38380,34210",|u1,0,"116,128,128",populated
PHerc1667/segments/20260115160000-w034_2026011516_flatboi,PHerc1667,2.399um-0.22m-78keV-volume-20251217075048.zarr,PHerc1667/segments/20260115160000-w034_2026011516_flatboi/surface-volumes/2.399um-0.22m-78keV-volume-20251217075048.zarr,zarr,True,layers-zarr,6,6,0,,0,"109,35900,32440",|u1,0,"109,128,128",populated
PHerc1667/segments/20260116230000-w035_2026011623_flatboi,PHerc1667,1.129um-0.22m-59keV-volume-20260323082859-L1.zarr,PHerc1667/segments/20260116230000-w035_2026011623_flatboi/surface-volumes/1.129um-0.22m-59keV-volume-20260323082859-L1.zarr,zarr,True,layers-zarr,6,6,0,,0,"116,39210,34360",|u1,0,"116,128,128",populated
PHerc1667/segments/20260116230000-w035_2026011623_flatboi,PHerc1667,2.399um-0.22m-78keV-volume-20251217075048.zarr,PHerc1667/segments/20260116230000-w035_2026011623_flatboi/surface-volumes/2.399um-0.22m-78keV-volume-20251217075048.zarr,zarr,True,layers-zarr,6,6,0,,0,"109,36680,32560",|u1,0,"109,128,128",populated
PHerc1667/segments/20260119120000-w036_2026011912_flatboi,PHerc1667,1.129um-0.22m-59keV-volume-20260323082859-L1.zarr,PHerc1667/segments/20260119120000-w036_2026011912_flatboi/surface-volumes/1.129um-0.22m-59keV-volume-20260323082859-L1.zarr,zarr,True,layers-zarr,6,6,0,,0,"116,42670,34970",|u1,0,"116,128,128",populated
PHerc1667/segments/20260119120000-w036_2026011912_flatboi,PHerc1667,1.129um-0.22m-59keV-volume-20260323082859.zarr,PHerc1667/segments/20260119120000-w036_2026011912_flatboi/surface-volumes/1.129um-0.22m-59keV-volume-20260323082859.zarr,zarr,True,layers-zarr,6,6,0,,0,"231,85340,69940",|u1,0,"231,128,128",populated
PHerc1667/segments/20260119120000-w036_2026011912_flatboi,PHerc1667,2.399um-0.22m-78keV-volume-20251217075048.zarr,PHerc1667/segments/20260119120000-w036_2026011912_flatboi/surface-volumes/2.399um-0.22m-78keV-volume-20251217075048.zarr,zarr,True,layers-zarr,6,6,0,,0,"109,39900,33160",|u1,0,"109,128,128",populated
PHerc1667/segments/20260123230000-w037_2026012323_flatboi,PHerc1667,1.129um-0.22m-59keV-volume-20260323082859-L1.zarr,PHerc1667/segments/20260123230000-w037_2026012323_flatboi/surface-volumes/1.129um-0.22m-59keV-volume-20260323082859-L1.zarr,zarr,True,layers-zarr,6,6,0,,0,"116,36650,33530",|u1,0,"116,128,128",populated
PHerc1667/segments/20260123230000-w037_2026012323_flatboi,PHerc1667,1.129um-0.22m-59keV-volume-20260323082859.zarr,PHerc1667/segments/20260123230000-w037_2026012323_flatboi/surface-volumes/1.129um-0.22m-59keV-volume-20260323082859.zarr,zarr,True,layers-zarr,6,6,0,,0,"231,73300,67060",|u1,0,"231,128,128",populated
PHerc1667/segments/20260123230000-w037_2026012323_flatboi,PHerc1667,2.399um-0.22m-78keV-volume-20251217075048.zarr,PHerc1667/segments/20260123230000-w037_2026012323_flatboi/surface-volumes/2.399um-0.22m-78keV-volume-20251217075048.zarr,zarr,True,layers-zarr,6,6,0,,0,"109,34260,31780",|u1,0,"109,128,128",populated
PHerc1667/segments/20260128140000-w038_2026012814_flatboi,PHerc1667,1.129um-0.22m-59keV-volume-20260323082859-L1.zarr,PHerc1667/segments/20260128140000-w038_2026012814_flatboi/surface-volumes/1.129um-0.22m-59keV-volume-20260323082859-L1.zarr,zarr,True,layers-zarr,6,6,0,,0,"116,37610,34720",|u1,0,"116,128,128",populated
PHerc1667/segments/20260128140000-w038_2026012814_flatboi,PHerc1667,1.129um-0.22m-59keV-volume-20260323082859.zarr,PHerc1667/segments/20260128140000-w038_2026012814_flatboi/surface-volumes/1.129um-0.22m-59keV-volume-20260323082859.zarr,zarr,True,layers-zarr,6,6,0,,0,"231,75220,69440",|u1,0,"231,128,128",populated
PHerc1667/segments/20260128140000-w038_2026012814_flatboi,PHerc1667,2.399um-0.22m-78keV-volume-20251217075048.zarr,PHerc1667/segments/20260128140000-w038_2026012814_flatboi/surface-volumes/2.399um-0.22m-78keV-volume-20251217075048.zarr,zarr,True,layers-zarr,6,6,0,,0,"109,35180,32900",|u1,0,"109,128,128",populated
PHerc1667/segments/20260130150000-w039_2026013015_flatboi,PHerc1667,1.129um-0.22m-59keV-volume-20260323082859-L1.zarr,PHerc1667/segments/20260130150000-w039_2026013015_flatboi/surface-volumes/1.129um-0.22m-59keV-volume-20260323082859-L1.zarr,zarr,True,layers-zarr,6,6,0,,0,"116,38580,35120",|u1,0,"116,128,128",populated
PHerc1667/segments/20260130150000-w039_2026013015_flatboi,PHerc1667,1.129um-0.22m-59keV-volume-20260323082859.zarr,PHerc1667/segments/20260130150000-w039_2026013015_flatboi/surface-volumes/1.129um-0.22m-59keV-volume-20260323082859.zarr,zarr,True,layers-zarr,6,6,0,,0,"231,77160,70240",|u1,0,"231,128,128",populated
PHerc1667/segments/20260130150000-w039_2026013015_flatboi,PHerc1667,2.399um-0.22m-78keV-volume-20251217075048.zarr,PHerc1667/segments/20260130150000-w039_2026013015_flatboi/surface-volumes/2.399um-0.22m-78keV-volume-20251217075048.zarr,zarr,True,layers-zarr,6,6,0,,0,"109,36100,33280",|u1,0,"109,128,128",populated
PHerc1667/segments/20260203210000-w040_2026020321_flatboi,PHerc1667,1.129um-0.22m-59keV-volume-20260323082859-L1.zarr,PHerc1667/segments/20260203210000-w040_2026020321_flatboi/surface-volumes/1.129um-0.22m-59keV-volume-20260323082859-L1.zarr,zarr,True,layers-zarr,6,6,0,,0,"116,37560,33270",|u1,0,"116,128,128",populated
PHerc1667/segments/20260203210000-w040_2026020321_flatboi,PHerc1667,1.129um-0.22m-59keV-volume-20260323082859.zarr,PHerc1667/segments/20260203210000-w040_2026020321_flatboi/surface-volumes/1.129um-0.22m-59keV-volume-20260323082859.zarr,zarr,True,layers-zarr,6,6,0,,0,"231,75120,66540",|u1,0,"231,128,128",populated
PHerc1667/segments/20260203210000-w040_2026020321_flatboi,PHerc1667,2.399um-0.22m-78keV-volume-20251217075048.zarr,PHerc1667/segments/20260203210000-w040_2026020321_flatboi/surface-volumes/2.399um-0.22m-78keV-volume-20251217075048.zarr,zarr,True,layers-zarr,6,6,0,,0,"109,35120,31520",|u1,0,"109,128,128",populated
PHerc1667/segments/20260205070000-w041_2026020507_flatboi,PHerc1667,1.129um-0.22m-59keV-volume-20260323082859-L1.zarr,PHerc1667/segments/20260205070000-w041_2026020507_flatboi/surface-volumes/1.129um-0.22m-59keV-volume-20260323082859-L1.zarr,zarr,True,layers-zarr,6,6,0,,0,"116,36580,32240",|u1,0,"116,128,128",populated
PHerc1667/segments/20260205070000-w041_2026020507_flatboi,PHerc1667,1.129um-0.22m-59keV-volume-20260323082859.zarr,PHerc1667/segments/20260205070000-w041_2026020507_flatboi/surface-volumes/1.129um-0.22m-59keV-volume-20260323082859.zarr,zarr,True,layers-zarr,6,6,0,,0,"231,73160,64480",|u1,0,"231,128,128",populated
PHerc1667/segments/20260205070000-w041_2026020507_flatboi,PHerc1667,2.399um-0.22m-78keV-volume-20251217075048.zarr,PHerc1667/segments/20260205070000-w041_2026020507_flatboi/surface-volumes/2.399um-0.22m-78keV-volume-20251217075048.zarr,zarr,True,layers-zarr,6,6,0,,0,"109,34200,30540",|u1,0,"109,128,128",populated
PHercParis4/segments/20230702185753,PHercParis4,1.129um-0.23m-78keV-volume-20260608103018-L1.zarr,PHercParis4/segments/20230702185753/surface-volumes/1.129um-0.23m-78keV-volume-20260608103018-L1.zarr,zarr,True,layers-zarr,6,6,0,,0,"116,53740,38650",|u1,0,"116,128,128",populated
PHercParis4/segments/20230702185753,PHercParis4,2.4um-0.22m-78keV-volume-20260411134726.zarr,PHercParis4/segments/20230702185753/surface-volumes/2.4um-0.22m-78keV-volume-20260411134726.zarr,zarr,True,layers-zarr,6,6,0,,0,"109,50600,36400",|u1,0,"109,128,128",populated
PHercParis4/segments/20230702185753,PHercParis4,45.532um-11.0m-74keV-volume-20260310170716.zarr,PHercParis4/segments/20230702185753/surface-volumes/45.532um-11.0m-74keV-volume-20260310170716.zarr,zarr,True,layers-zarr,6,6,0,,0,"6,2680,1920",|u1,0,"6,128,128",populated
PHercParis4/segments/20230929220926,PHercParis4,2.4um-0.22m-78keV-volume-20260411134726.zarr,PHercParis4/segments/20230929220926/surface-volumes/2.4um-0.22m-78keV-volume-20260411134726.zarr,zarr,True,layers-zarr,6,6,0,,0,"109,32080,75800",|u1,0,"109,128,128",populated
PHercParis4/segments/20230929220926,PHercParis4,45.532um-11.0m-74keV-volume-20260310170716.zarr,PHercParis4/segments/20230929220926/surface-volumes/45.532um-11.0m-74keV-volume-20260310170716.zarr,zarr,True,layers-zarr,6,6,0,,0,"6,1700,4000",|u1,0,"6,128,128",populated
PHercParis4/segments/20231005123336,PHercParis4,2.4um-0.22m-78keV-volume-20260411134726.zarr,PHercParis4/segments/20231005123336/surface-volumes/2.4um-0.22m-78keV-volume-20260411134726.zarr,zarr,True,layers-zarr,6,6,0,,0,"109,34880,97280",|u1,0,"109,128,128",populated
PHercParis4/segments/20231005123336,PHercParis4,45.532um-11.0m-74keV-volume-20260310170716.zarr,PHercParis4/segments/20231005123336/surface-volumes/45.532um-11.0m-74keV-volume-20260310170716.zarr,zarr,True,layers-zarr,6,6,0,,0,"6,1840,5140",|u1,0,"6,128,128",populated
PHercParis4/segments/20231007101619,PHercParis4,1.129um-0.23m-78keV-volume-20260608103018-L1.zarr,PHercParis4/segments/20231007101619/surface-volumes/1.129um-0.23m-78keV-volume-20260608103018-L1.zarr,zarr,True,layers-zarr,6,6,0,,0,"116,55260,114850",|u1,0,"116,128,128",populated
PHercParis4/segments/20231007101619,PHercParis4,2.4um-0.22m-78keV-volume-20260411134726.zarr,PHercParis4/segments/20231007101619/surface-volumes/2.4um-0.22m-78keV-volume-20260411134726.zarr,zarr,True,layers-zarr,6,6,0,,0,"109,52040,108140",|u1,0,"109,128,128",populated
PHercParis4/segments/20231007101619,PHercParis4,45.532um-11.0m-74keV-volume-20260310170716.zarr,PHercParis4/segments/20231007101619/surface-volumes/45.532um-11.0m-74keV-volume-20260310170716.zarr,zarr,True,layers-zarr,6,6,0,,0,"6,2740,5700",|u1,0,"6,128,128",populated
PHercParis4/segments/20231012184424,PHercParis4,1.129um-0.23m-78keV-volume-20260608103018-L1.zarr,PHercParis4/segments/20231012184424/surface-volumes/1.129um-0.23m-78keV-volume-20260608103018-L1.zarr,zarr,True,layers-zarr,6,6,0,,0,"116,53950,80420",|u1,0,"116,128,128",populated
PHercParis4/segments/20231012184424,PHercParis4,2.4um-0.22m-78keV-volume-20260411134726.zarr,PHercParis4/segments/20231012184424/surface-volumes/2.4um-0.22m-78keV-volume-20260411134726.zarr,zarr,True,layers-zarr,6,6,0,,0,"109,50800,75720",|u1,0,"109,128,128",populated
PHercParis4/segments/20231012184424,PHercParis4,45.532um-11.0m-74keV-volume-20260310170716.zarr,PHercParis4/segments/20231012184424/surface-volumes/45.532um-11.0m-74keV-volume-20260310170716.zarr,zarr,True,layers-zarr,6,6,0,,0,"6,2680,4000",|u1,0,"6,128,128",populated
PHercParis4/segments/20231016151002,PHercParis4,2.4um-0.22m-78keV-volume-20260411134726.zarr,PHercParis4/segments/20231016151002/surface-volumes/2.4um-0.22m-78keV-volume-20260411134726.zarr,zarr,True,layers-zarr,6,6,0,,0,"109,31960,51960",|u1,0,"109,128,128",populated
PHercParis4/segments/20231016151002,PHercParis4,45.532um-11.0m-74keV-volume-20260310170716.zarr,PHercParis4/segments/20231016151002/surface-volumes/45.532um-11.0m-74keV-volume-20260310170716.zarr,zarr,True,layers-zarr,6,6,0,,0,"6,1680,2740",|u1,0,"6,128,128",populated
PHercParis4/segments/20231022170901,PHercParis4,2.4um-0.22m-78keV-volume-20260411134726.zarr,PHercParis4/segments/20231022170901/surface-volumes/2.4um-0.22m-78keV-volume-20260411134726.zarr,zarr,True,layers-zarr,6,6,0,,0,"109,21380,115820",|u1,0,"109,128,128",populated
PHercParis4/segments/20231022170901,PHercParis4,45.532um-11.0m-74keV-volume-20260310170716.zarr,PHercParis4/segments/20231022170901/surface-volumes/45.532um-11.0m-74keV-volume-20260310170716.zarr,zarr,True,layers-zarr,6,6,0,,0,"6,1120,6100",|u1,0,"6,128,128",populated
PHercParis4/segments/20231031143852,PHercParis4,1.129um-0.23m-78keV-volume-20260608103018-L1.zarr,PHercParis4/segments/20231031143852/surface-volumes/1.129um-0.23m-78keV-volume-20260608103018-L1.zarr,zarr,True,layers-zarr,6,6,0,,0,"116,36290,46740",|u1,0,"116,128,128",populated
PHercParis4/segments/20231031143852,PHercParis4,2.4um-0.22m-78keV-volume-20260411134726.zarr,PHercParis4/segments/20231031143852/surface-volumes/2.4um-0.22m-78keV-volume-20260411134726.zarr,zarr,True,layers-zarr,6,6,0,,0,"109,34180,44020",|u1,0,"109,128,128",populated
PHercParis4/segments/20231031143852,PHercParis4,45.532um-11.0m-74keV-volume-20260310170716.zarr,PHercParis4/segments/20231031143852/surface-volumes/45.532um-11.0m-74keV-volume-20260310170716.zarr,zarr,True,layers-zarr,6,6,0,,0,"6,1800,2320",|u1,0,"6,128,128",populated
PHercParis4/segments/20231106155351,PHercParis4,1.129um-0.23m-78keV-volume-20260608103018-L1.zarr,PHercParis4/segments/20231106155351/surface-volumes/1.129um-0.23m-78keV-volume-20260608103018-L1.zarr,zarr,True,layers-zarr,6,6,0,,0,"116,36430,54420",|u1,0,"116,128,128",populated
PHercParis4/segments/20231106155351,PHercParis4,2.4um-0.22m-78keV-volume-20260411134726.zarr,PHercParis4/segments/20231106155351/surface-volumes/2.4um-0.22m-78keV-volume-20260411134726.zarr,zarr,True,layers-zarr,6,6,0,,0,"109,34300,51240",|u1,0,"109,128,128",populated
PHercParis4/segments/20231106155351,PHercParis4,45.532um-11.0m-74keV-volume-20260310170716.zarr,PHercParis4/segments/20231106155351/surface-volumes/45.532um-11.0m-74keV-volume-20260310170716.zarr,zarr,True,layers-zarr,6,6,0,,0,"6,1820,2700",|u1,0,"6,128,128",populated
PHercParis4/segments/20231210121321,PHercParis4,1.129um-0.23m-78keV-volume-20260608103018-L1.zarr,PHercParis4/segments/20231210121321/surface-volumes/1.129um-0.23m-78keV-volume-20260608103018-L1.zarr,zarr,True,layers-zarr,6,6,0,,0,"116,54160,42460",|u1,0,"116,128,128",populated
PHercParis4/segments/20231210121321,PHercParis4,2.4um-0.22m-78keV-volume-20260411134726.zarr,PHercParis4/segments/20231210121321/surface-volumes/2.4um-0.22m-78keV-volume-20260411134726.zarr,zarr,True,layers-zarr,6,6,0,,0,"109,51000,39980",|u1,0,"109,128,128",populated
PHercParis4/segments/20231210121321,PHercParis4,45.532um-11.0m-74keV-volume-20260310170716.zarr,PHercParis4/segments/20231210121321/surface-volumes/45.532um-11.0m-74keV-volume-20260310170716.zarr,zarr,True,layers-zarr,6,6,0,,0,"6,2700,2100",|u1,0,"6,128,128",populated
PHercParis4/segments/20231221180251,PHercParis4,1.129um-0.23m-78keV-volume-20260608103018-L1.zarr,PHercParis4/segments/20231221180251/surface-volumes/1.129um-0.23m-78keV-volume-20260608103018-L1.zarr,zarr,True,layers-zarr,6,6,0,,0,"116,33940,44670",|u1,0,"116,128,128",populated
PHercParis4/segments/20231221180251,PHercParis4,2.4um-0.22m-78keV-volume-20260411134726.zarr,PHercParis4/segments/20231221180251/surface-volumes/2.4um-0.22m-78keV-volume-20260411134726.zarr,zarr,True,layers-zarr,6,6,0,,0,"109,31960,42060",|u1,0,"109,128,128",populated
PHercParis4/segments/20231221180251,PHercParis4,45.532um-11.0m-74keV-volume-20260310170716.zarr,PHercParis4/segments/20231221180251/surface-volumes/45.532um-11.0m-74keV-volume-20260310170716.zarr,zarr,True,layers-zarr,6,6,0,,0,"6,1680,2220",|u1,0,"6,128,128",populated
PHercParis4/segments/20260602204401-5753_-7,PHercParis4,1.129um-0.23m-78keV-volume-20260608103018-L1.zarr,PHercParis4/segments/20260602204401-5753_-7/surface-volumes/1.129um-0.23m-78keV-volume-20260608103018-L1.zarr,zarr,True,layers-zarr,6,6,0,,0,"116,84120,12230",|u1,0,"116,128,128",populated
PHercParis4/segments/20260602204401-5753_-7,PHercParis4,2.4um-0.22m-78keV-volume-20260411134726.zarr,PHercParis4/segments/20260602204401-5753_-7/surface-volumes/2.4um-0.22m-78keV-volume-20260411134726.zarr,zarr,True,layers-zarr,6,6,0,,0,"109,79200,11520",|u1,0,"109,128,128",populated
PHercParis4/segments/20260602204401-5753_-7,PHercParis4,45.532um-11.0m-74keV-volume-20260310170716.zarr,PHercParis4/segments/20260602204401-5753_-7/surface-volumes/45.532um-11.0m-74keV-volume-20260310170716.zarr,zarr,True,layers-zarr,6,6,0,,0,"6,4180,600",|u1,0,"6,128,128",populated
PHercParis4/segments/20260602225659-5753_0,PHercParis4,2.4um-0.22m-78keV-volume-20260411134726.zarr,PHercParis4/segments/20260602225659-5753_0/surface-volumes/2.4um-0.22m-78keV-volume-20260411134726.zarr,zarr,True,layers-zarr,6,6,0,,0,"109,80240,16160",|u1,0,"109,128,128",populated
PHercParis4/segments/20260602225659-5753_0,PHercParis4,45.532um-11.0m-74keV-volume-20260310170716.zarr,PHercParis4/segments/20260602225659-5753_0/surface-volumes/45.532um-11.0m-74keV-volume-20260310170716.zarr,zarr,True,layers-zarr,6,6,0,,0,"6,4240,860",|u1,0,"6,128,128",populated
PHercParis4/segments/20260602230115-20230702185753_v14,PHercParis4,2.4um-0.22m-78keV-volume-20260411134726.zarr,PHercParis4/segments/20260602230115-20230702185753_v14/surface-volumes/2.4um-0.22m-78keV-volume-20260411134726.zarr,zarr,True,layers-zarr,6,6,0,,0,"109,90440,25600",|u1,0,"109,128,128",populated
PHercParis4/segments/20260602230115-20230702185753_v14,PHercParis4,45.532um-11.0m-74keV-volume-20260310170716.zarr,PHercParis4/segments/20260602230115-20230702185753_v14/surface-volumes/45.532um-11.0m-74keV-volume-20260310170716.zarr,zarr,True,layers-zarr,6,6,0,,0,"6,4780,1360",|u1,0,"6,128,128",populated
PHercParis4/segments/20260603005223-5753_-1,PHercParis4,2.4um-0.22m-78keV-volume-20260411134726.zarr,PHercParis4/segments/20260603005223-5753_-1/surface-volumes/2.4um-0.22m-78keV-volume-20260411134726.zarr,zarr,True,layers-zarr,6,6,0,,0,"109,80880,15600",|u1,0,"109,128,128",populated
PHercParis4/segments/20260603005223-5753_-1,PHercParis4,45.532um-11.0m-74keV-volume-20260310170716.zarr,PHercParis4/segments/20260603005223-5753_-1/surface-volumes/45.532um-11.0m-74keV-volume-20260310170716.zarr,zarr,True,layers-zarr,6,6,0,,0,"6,4260,820",|u1,0,"6,128,128",populated
PHercParis4/segments/20260603024952-5753_-2,PHercParis4,1.129um-0.23m-78keV-volume-20260608103018-L1.zarr,PHercParis4/segments/20260603024952-5753_-2/surface-volumes/1.129um-0.23m-78keV-volume-20260608103018-L1.zarr,zarr,True,layers-zarr,6,6,0,,0,"116,86240,16230",|u1,0,"116,128,128",populated
PHercParis4/segments/20260603024952-5753_-2,PHercParis4,2.4um-0.22m-78keV-volume-20260411134726.zarr,PHercParis4/segments/20260603024952-5753_-2/surface-volumes/2.4um-0.22m-78keV-volume-20260411134726.zarr,zarr,True,layers-zarr,6,6,0,,0,"109,81200,15280",|u1,0,"109,128,128",populated
PHercParis4/segments/20260603024952-5753_-2,PHercParis4,45.532um-11.0m-74keV-volume-20260310170716.zarr,PHercParis4/segments/20260603024952-5753_-2/surface-volumes/45.532um-11.0m-74keV-volume-20260310170716.zarr,zarr,True,layers-zarr,6,6,0,,0,"6,4280,800",|u1,0,"6,128,128",populated
PHercParis4/segments/20260603042357-5753_-3,PHercParis4,1.129um-0.23m-78keV-volume-20260608103018-L1.zarr,PHercParis4/segments/20260603042357-5753_-3/surface-volumes/1.129um-0.23m-78keV-volume-20260608103018-L1.zarr,zarr,True,layers-zarr,6,6,0,,0,"116,86420,15800",|u1,0,"116,128,128",populated
PHercParis4/segments/20260603042357-5753_-3,PHercParis4,2.4um-0.22m-78keV-volume-20260411134726.zarr,PHercParis4/segments/20260603042357-5753_-3/surface-volumes/2.4um-0.22m-78keV-volume-20260411134726.zarr,zarr,True,layers-zarr,6,6,0,,0,"109,81360,14880",|u1,0,"109,128,128",populated
PHercParis4/segments/20260603042357-5753_-3,PHercParis4,45.532um-11.0m-74keV-volume-20260310170716.zarr,PHercParis4/segments/20260603042357-5753_-3/surface-volumes/45.532um-11.0m-74keV-volume-20260310170716.zarr,zarr,True,layers-zarr,6,6,0,,0,"6,4300,780",|u1,0,"6,128,128",populated
PHercParis4/segments/20260603145540-5753_-4,PHercParis4,1.129um-0.23m-78keV-volume-20260608103018-L1.zarr,PHercParis4/segments/20260603145540-5753_-4/surface-volumes/1.129um-0.23m-78keV-volume-20260608103018-L1.zarr,zarr,True,layers-zarr,6,6,0,,0,"116,86070,15210",|u1,0,"116,128,128",populated
PHercParis4/segments/20260603145540-5753_-4,PHercParis4,2.4um-0.22m-78keV-volume-20260411134726.zarr,PHercParis4/segments/20260603145540-5753_-4/surface-volumes/2.4um-0.22m-78keV-volume-20260411134726.zarr,zarr,True,layers-zarr,6,6,0,,0,"109,81040,14320",|u1,0,"109,128,128",populated
PHercParis4/segments/20260603145540-5753_-4,PHercParis4,45.532um-11.0m-74keV-volume-20260310170716.zarr,PHercParis4/segments/20260603145540-5753_-4/surface-volumes/45.532um-11.0m-74keV-volume-20260310170716.zarr,zarr,True,layers-zarr,6,6,0,,0,"6,4280,760",|u1,0,"6,128,128",populated
PHercParis4/segments/20260603185441-5753_-6,PHercParis4,1.129um-0.23m-78keV-volume-20260608103018-L1.zarr,PHercParis4/segments/20260603185441-5753_-6/surface-volumes/1.129um-0.23m-78keV-volume-20260608103018-L1.zarr,zarr,True,layers-zarr,6,6,0,,0,"116,84880,14610",|u1,0,"116,128,128",populated
PHercParis4/segments/20260603185441-5753_-6,PHercParis4,2.4um-0.22m-78keV-volume-20260411134726.zarr,PHercParis4/segments/20260603185441-5753_-6/surface-volumes/2.4um-0.22m-78keV-volume-20260411134726.zarr,zarr,True,layers-zarr,6,6,0,,0,"109,79920,13760",|u1,0,"109,128,128",populated
PHercParis4/segments/20260603185441-5753_-6,PHercParis4,45.532um-11.0m-74keV-volume-20260310170716.zarr,PHercParis4/segments/20260603185441-5753_-6/surface-volumes/45.532um-11.0m-74keV-volume-20260310170716.zarr,zarr,True,layers-zarr,6,6,0,,0,"6,4220,720",|u1,0,"6,128,128",populated
PHercParis4/segments/20260603190005-5753_-5,PHercParis4,1.129um-0.23m-78keV-volume-20260608103018-L1.zarr,PHercParis4/segments/20260603190005-5753_-5/surface-volumes/1.129um-0.23m-78keV-volume-20260608103018-L1.zarr,zarr,True,layers-zarr,6,6,0,,0,"116,85730,13850",|u1,0,"116,128,128",populated
PHercParis4/segments/20260603190005-5753_-5,PHercParis4,2.4um-0.22m-78keV-volume-20260411134726.zarr,PHercParis4/segments/20260603190005-5753_-5/surface-volumes/2.4um-0.22m-78keV-volume-20260411134726.zarr,zarr,True,layers-zarr,6,6,0,,0,"109,80720,13040",|u1,0,"109,128,128",populated
PHercParis4/segments/20260603190005-5753_-5,PHercParis4,45.532um-11.0m-74keV-volume-20260310170716.zarr,PHercParis4/segments/20260603190005-5753_-5/surface-volumes/45.532um-11.0m-74keV-volume-20260310170716.zarr,zarr,True,layers-zarr,6,6,0,,0,"6,4260,680",|u1,0,"6,128,128",populated
PHercParis4/segments/20260603193311-5753_-1_copy,PHercParis4,1.129um-0.23m-78keV-volume-20260608103018-L1.zarr,PHercParis4/segments/20260603193311-5753_-1_copy/surface-volumes/1.129um-0.23m-78keV-volume-20260608103018-L1.zarr,zarr,True,layers-zarr,6,6,0,,0,"116,85650,17930",|u1,0,"116,128,128",populated
PHercParis4/segments/20260603193311-5753_-1_copy,PHercParis4,2.4um-0.22m-78keV-volume-20260411134726.zarr,PHercParis4/segments/20260603193311-5753_-1_copy/surface-volumes/2.4um-0.22m-78keV-volume-20260411134726.zarr,zarr,True,layers-zarr,6,6,0,,0,"109,80640,16880",|u1,0,"109,128,128",populated
PHercParis4/segments/20260603193311-5753_-1_copy,PHercParis4,45.532um-11.0m-74keV-volume-20260310170716.zarr,PHercParis4/segments/20260603193311-5753_-1_copy/surface-volumes/45.532um-11.0m-74keV-volume-20260310170716.zarr,zarr,True,layers-zarr,6,6,0,,0,"6,4260,900",|u1,0,"6,128,128",populated
PHercParis4/segments/20260603222816-20231005123336_v2_flatboi,PHercParis4,1.129um-0.23m-78keV-volume-20260608103018-L1.zarr,PHercParis4/segments/20260603222816-20231005123336_v2_flatboi/surface-volumes/1.129um-0.23m-78keV-volume-20260608103018-L1.zarr,zarr,True,layers-zarr,6,6,0,,0,"116,50360,56070",|u1,0,"116,128,128",populated
PHercParis4/segments/20260603222816-20231005123336_v2_flatboi,PHercParis4,2.4um-0.22m-78keV-volume-20260411134726.zarr,PHercParis4/segments/20260603222816-20231005123336_v2_flatboi/surface-volumes/2.4um-0.22m-78keV-volume-20260411134726.zarr,zarr,True,layers-zarr,6,6,0,,0,"109,47420,52800",|u1,0,"109,128,128",populated
PHercParis4/segments/20260603222816-20231005123336_v2_flatboi,PHercParis4,45.532um-11.0m-74keV-volume-20260310170716.zarr,PHercParis4/segments/20260603222816-20231005123336_v2_flatboi/surface-volumes/45.532um-11.0m-74keV-volume-20260310170716.zarr,zarr,True,layers-zarr,6,6,0,,0,"6,2500,2780",|u1,0,"6,128,128",populated
PHercParis4/segments/20260604223808-20231210121321_v8,PHercParis4,1.129um-0.23m-78keV-volume-20260608103018-L1.zarr,PHercParis4/segments/20260604223808-20231210121321_v8/surface-volumes/1.129um-0.23m-78keV-volume-20260608103018-L1.zarr,zarr,True,layers-zarr,6,6,0,,0,"116,72410,49660",|u1,0,"116,128,128",populated
PHercParis4/segments/20260604223808-20231210121321_v8,PHercParis4,2.4um-0.22m-78keV-volume-20260411134726.zarr,PHercParis4/segments/20260604223808-20231210121321_v8/surface-volumes/2.4um-0.22m-78keV-volume-20260411134726.zarr,zarr,True,layers-zarr,6,6,0,,0,"109,68180,46760",|u1,0,"109,128,128",populated
PHercParis4/segments/20260604223808-20231210121321_v8,PHercParis4,45.532um-11.0m-74keV-volume-20260310170716.zarr,PHercParis4/segments/20260604223808-20231210121321_v8/surface-volumes/45.532um-11.0m-74keV-volume-20260310170716.zarr,zarr,True,layers-zarr,6,6,0,,0,"6,3600,2460",|u1,0,"6,128,128",populated
PHercParis4/segments/20260623141135-w046-052_jordi,PHercParis4,1.129um-0.23m-78keV-volume-20260608103018-L1.zarr,PHercParis4/segments/20260623141135-w046-052_jordi/surface-volumes/1.129um-0.23m-78keV-volume-20260608103018-L1.zarr,zarr,True,layers-zarr,6,6,0,,0,"116,51230,203820",|u1,0,"116,128,128",populated
PHercParis4/segments/20260623141135-w046-052_jordi,PHercParis4,2.4um-0.22m-78keV-volume-20260411134726.zarr,PHercParis4/segments/20260623141135-w046-052_jordi/surface-volumes/2.4um-0.22m-78keV-volume-20260411134726.zarr,zarr,True,layers-zarr,6,6,0,,0,"109,48240,191920",|u1,0,"109,128,128",populated
PHercParis4/segments/20260623141135-w046-052_jordi,PHercParis4,45.532um-11.0m-74keV-volume-20260310170716.zarr,PHercParis4/segments/20260623141135-w046-052_jordi/surface-volumes/45.532um-11.0m-74keV-volume-20260310170716.zarr,zarr,True,layers-zarr,6,6,0,,0,"6,2540,10120",|u1,0,"6,128,128",populated
PHercParis4/segments/20260623141649-w053-058_jordi,PHercParis4,1.129um-0.23m-78keV-volume-20260608103018-L1.zarr,PHercParis4/segments/20260623141649-w053-058_jordi/surface-volumes/1.129um-0.23m-78keV-volume-20260608103018-L1.zarr,zarr,True,layers-zarr,6,6,0,,0,"116,51910,197530",|u1,0,"116,128,128",populated
PHercParis4/segments/20260623141649-w053-058_jordi,PHercParis4,2.4um-0.22m-78keV-volume-20260411134726.zarr,PHercParis4/segments/20260623141649-w053-058_jordi/surface-volumes/2.4um-0.22m-78keV-volume-20260411134726.zarr,zarr,True,layers-zarr,6,6,0,,0,"109,48880,186000",|u1,0,"109,128,128",populated
PHercParis4/segments/20260623141649-w053-058_jordi,PHercParis4,45.532um-11.0m-74keV-volume-20260310170716.zarr,PHercParis4/segments/20260623141649-w053-058_jordi/surface-volumes/45.532um-11.0m-74keV-volume-20260310170716.zarr,zarr,True,layers-zarr,6,6,0,,0,"6,2580,9820",|u1,0,"6,128,128",populated
PHercParis4/segments/20260623141924-w010-027,PHercParis4,1.129um-0.23m-78keV-volume-20260608103018-L1.zarr,PHercParis4/segments/20260623141924-w010-027/surface-volumes/1.129um-0.23m-78keV-volume-20260608103018-L1.zarr,zarr,True,layers-zarr,6,6,0,,0,"116,47750,180700",|u1,0,"116,128,128",populated
PHercParis4/segments/20260623141924-w010-027,PHercParis4,2.4um-0.22m-78keV-volume-20260411134726.zarr,PHercParis4/segments/20260623141924-w010-027/surface-volumes/2.4um-0.22m-78keV-volume-20260411134726.zarr,zarr,True,layers-zarr,6,6,0,,0,"109,44960,170160",|u1,0,"109,128,128",populated
PHercParis4/segments/20260623141924-w010-027,PHercParis4,45.532um-11.0m-74keV-volume-20260310170716.zarr,PHercParis4/segments/20260623141924-w010-027/surface-volumes/45.532um-11.0m-74keV-volume-20260310170716.zarr,zarr,True,layers-zarr,6,6,0,,0,"6,2380,8980",|u1,0,"6,128,128",populated
PHercParis4/segments/20260623142658-w028-037,PHercParis4,1.129um-0.23m-78keV-volume-20260608103018-L1.zarr,PHercParis4/segments/20260623142658-w028-037/surface-volumes/1.129um-0.23m-78keV-volume-20260608103018-L1.zarr,zarr,True,layers-zarr,6,6,0,,0,"116,49280,187760",|u1,0,"116,128,128",populated
PHercParis4/segments/20260623142658-w028-037,PHercParis4,2.4um-0.22m-78keV-volume-20260411134726.zarr,PHercParis4/segments/20260623142658-w028-037/surface-volumes/2.4um-0.22m-78keV-volume-20260411134726.zarr,zarr,True,layers-zarr,6,6,0,,0,"109,46400,176800",|u1,0,"109,128,128",populated
PHercParis4/segments/20260623142658-w028-037,PHercParis4,45.532um-11.0m-74keV-volume-20260310170716.zarr,PHercParis4/segments/20260623142658-w028-037/surface-volumes/45.532um-11.0m-74keV-volume-20260310170716.zarr,zarr,True,layers-zarr,6,6,0,,0,"6,2440,9320",|u1,0,"6,128,128",populated
PHercParis4/segments/20260623143441-w038-045,PHercParis4,1.129um-0.23m-78keV-volume-20260608103018-L1.zarr,PHercParis4/segments/20260623143441-w038-045/surface-volumes/1.129um-0.23m-78keV-volume-20260608103018-L1.zarr,zarr,True,layers-zarr,6,6,0,,0,"116,50470,196850",|u1,0,"116,128,128",populated
PHercParis4/segments/20260623143441-w038-045,PHercParis4,2.4um-0.22m-78keV-volume-20260411134726.zarr,PHercParis4/segments/20260623143441-w038-045/surface-volumes/2.4um-0.22m-78keV-volume-20260411134726.zarr,zarr,True,layers-zarr,6,6,0,,0,"109,47520,185360",|u1,0,"109,128,128",populated
PHercParis4/segments/20260623143441-w038-045,PHercParis4,45.532um-11.0m-74keV-volume-20260310170716.zarr,PHercParis4/segments/20260623143441-w038-045/surface-volumes/45.532um-11.0m-74keV-volume-20260310170716.zarr,zarr,True,layers-zarr,6,6,0,,0,"6,2500,9780",|u1,0,"6,128,128",populated
PHercParis4/segments/20260623144224-w046-052,PHercParis4,1.129um-0.23m-78keV-volume-20260608103018-L1.zarr,PHercParis4/segments/20260623144224-w046-052/surface-volumes/1.129um-0.23m-78keV-volume-20260608103018-L1.zarr,zarr,True,layers-zarr,6,6,0,,0,"116,51150,204750",|u1,0,"116,128,128",populated
PHercParis4/segments/20260623144224-w046-052,PHercParis4,2.4um-0.22m-78keV-volume-20260411134726.zarr,PHercParis4/segments/20260623144224-w046-052/surface-volumes/2.4um-0.22m-78keV-volume-20260411134726.zarr,zarr,True,layers-zarr,6,6,0,,0,"109,48160,192800",|u1,0,"109,128,128",populated
PHercParis4/segments/20260623144224-w046-052,PHercParis4,45.532um-11.0m-74keV-volume-20260310170716.zarr,PHercParis4/segments/20260623144224-w046-052/surface-volumes/45.532um-11.0m-74keV-volume-20260310170716.zarr,zarr,True,layers-zarr,6,6,0,,0,"6,2540,10160",|u1,0,"6,128,128",populated
PHercParis4/segments/20260623144957-w053-058,PHercParis4,1.129um-0.23m-78keV-volume-20260608103018-L1.zarr,PHercParis4/segments/20260623144957-w053-058/surface-volumes/1.129um-0.23m-78keV-volume-20260608103018-L1.zarr,zarr,True,layers-zarr,6,6,0,,0,"116,51660,198210",|u1,0,"116,128,128",populated
PHercParis4/segments/20260623144957-w053-058,PHercParis4,2.4um-0.22m-78keV-volume-20260411134726.zarr,PHercParis4/segments/20260623144957-w053-058/surface-volumes/2.4um-0.22m-78keV-volume-20260411134726.zarr,zarr,True,layers-zarr,6,6,0,,0,"109,48640,186640",|u1,0,"109,128,128",populated
PHercParis4/segments/20260623144957-w053-058,PHercParis4,45.532um-11.0m-74keV-volume-20260310170716.zarr,PHercParis4/segments/20260623144957-w053-058/surface-volumes/45.532um-11.0m-74keV-volume-20260310170716.zarr,zarr,True,layers-zarr,6,6,0,,0,"6,2560,9840",|u1,0,"6,128,128",populated
PHercParis4/segments/20260623145652-w059-063,PHercParis4,1.129um-0.23m-78keV-volume-20260608103018-L1.zarr,PHercParis4/segments/20260623145652-w059-063/surface-volumes/1.129um-0.23m-78keV-volume-20260608103018-L1.zarr,zarr,True,layers-zarr,6,6,0,,0,"116,52080,183770",|u1,0,"116,128,128",populated
PHercParis4/segments/20260623145652-w059-063,PHercParis4,2.4um-0.22m-78keV-volume-20260411134726.zarr,PHercParis4/segments/20260623145652-w059-063/surface-volumes/2.4um-0.22m-78keV-volume-20260411134726.zarr,zarr,True,layers-zarr,6,6,0,,0,"109,49040,173040",|u1,0,"109,128,128",populated
PHercParis4/segments/20260623145652-w059-063,PHercParis4,45.532um-11.0m-74keV-volume-20260310170716.zarr,PHercParis4/segments/20260623145652-w059-063/surface-volumes/45.532um-11.0m-74keV-volume-20260310170716.zarr,zarr,True,layers-zarr,6,6,0,,0,"6,2580,9120",|u1,0,"6,128,128",populated
PHercParis4/segments/20260623150417-w064-068,PHercParis4,1.129um-0.23m-78keV-volume-20260608103018-L1.zarr,PHercParis4/segments/20260623150417-w064-068/surface-volumes/1.129um-0.23m-78keV-volume-20260608103018-L1.zarr,zarr,True,layers-zarr,6,6,0,,0,"116,52340,203310",|u1,0,"116,128,128",populated
PHercParis4/segments/20260623150417-w064-068,PHercParis4,2.4um-0.22m-78keV-volume-20260411134726.zarr,PHercParis4/segments/20260623150417-w064-068/surface-volumes/2.4um-0.22m-78keV-volume-20260411134726.zarr,zarr,True,layers-zarr,6,6,0,,0,"109,49280,191440",|u1,0,"109,128,128",populated
PHercParis4/segments/20260623150417-w064-068,PHercParis4,45.532um-11.0m-74keV-volume-20260310170716.zarr,PHercParis4/segments/20260623150417-w064-068/surface-volumes/45.532um-11.0m-74keV-volume-20260310170716.zarr,zarr,True,layers-zarr,6,6,0,,0,"6,2600,10100",|u1,0,"6,128,128",populated
PHercParis4/segments/20260623151041-w069-072,PHercParis4,1.129um-0.23m-78keV-volume-20260608103018-L1.zarr,PHercParis4/segments/20260623151041-w069-072/surface-volumes/1.129um-0.23m-78keV-volume-20260608103018-L1.zarr,zarr,True,layers-zarr,6,6,0,,0,"116,52170,176120",|u1,0,"116,128,128",populated
PHercParis4/segments/20260623151041-w069-072,PHercParis4,2.4um-0.22m-78keV-volume-20260411134726.zarr,PHercParis4/segments/20260623151041-w069-072/surface-volumes/2.4um-0.22m-78keV-volume-20260411134726.zarr,zarr,True,layers-zarr,6,6,0,,0,"109,49120,165840",|u1,0,"109,128,128",populated
PHercParis4/segments/20260623151041-w069-072,PHercParis4,45.532um-11.0m-74keV-volume-20260310170716.zarr,PHercParis4/segments/20260623151041-w069-072/surface-volumes/45.532um-11.0m-74keV-volume-20260310170716.zarr,zarr,True,layers-zarr,6,6,0,,0,"6,2600,8740",|u1,0,"6,128,128",populated
PHercParis4/segments/20260623151729-w073-076,PHercParis4,1.129um-0.23m-78keV-volume-20260608103018-L1.zarr,PHercParis4/segments/20260623151729-w073-076/surface-volumes/1.129um-0.23m-78keV-volume-20260608103018-L1.zarr,zarr,True,layers-zarr,6,6,0,,0,"116,52170,186150",|u1,0,"116,128,128",populated
PHercParis4/segments/20260623151729-w073-076,PHercParis4,2.4um-0.22m-78keV-volume-20260411134726.zarr,PHercParis4/segments/20260623151729-w073-076/surface-volumes/2.4um-0.22m-78keV-volume-20260411134726.zarr,zarr,True,layers-zarr,6,6,0,,0,"109,49120,175280",|u1,0,"109,128,128",populated
PHercParis4/segments/20260623151729-w073-076,PHercParis4,45.532um-11.0m-74keV-volume-20260310170716.zarr,PHercParis4/segments/20260623151729-w073-076/surface-volumes/45.532um-11.0m-74keV-volume-20260310170716.zarr,zarr,True,layers-zarr,6,6,0,,0,"6,2600,9240",|u1,0,"6,128,128",populated
PHercParis4/segments/20260623152443-w077-080,PHercParis4,1.129um-0.23m-78keV-volume-20260608103018-L1.zarr,PHercParis4/segments/20260623152443-w077-080/surface-volumes/1.129um-0.23m-78keV-volume-20260608103018-L1.zarr,zarr,True,layers-zarr,6,6,0,,0,"116,52250,196590",|u1,0,"116,128,128",populated
PHercParis4/segments/20260623152443-w077-080,PHercParis4,2.4um-0.22m-78keV-volume-20260411134726.zarr,PHercParis4/segments/20260623152443-w077-080/surface-volumes/2.4um-0.22m-78keV-volume-20260411134726.zarr,zarr,True,layers-zarr,6,6,0,,0,"109,49200,185120",|u1,0,"109,128,128",populated
PHercParis4/segments/20260623152443-w077-080,PHercParis4,45.532um-11.0m-74keV-volume-20260310170716.zarr,PHercParis4/segments/20260623152443-w077-080/surface-volumes/45.532um-11.0m-74keV-volume-20260310170716.zarr,zarr,True,layers-zarr,6,6,0,,0,"6,2600,9760",|u1,0,"6,128,128",populated
PHercParis4/segments/20260623153216-w081-084,PHercParis4,1.129um-0.23m-78keV-volume-20260608103018-L1.zarr,PHercParis4/segments/20260623153216-w081-084/surface-volumes/1.129um-0.23m-78keV-volume-20260608103018-L1.zarr,zarr,True,layers-zarr,6,6,0,,0,"116,52590,208410",|u1,0,"116,128,128",populated
PHercParis4/segments/20260623153216-w081-084,PHercParis4,2.4um-0.22m-78keV-volume-20260411134726.zarr,PHercParis4/segments/20260623153216-w081-084/surface-volumes/2.4um-0.22m-78keV-volume-20260411134726.zarr,zarr,True,layers-zarr,6,6,0,,0,"109,49520,196240",|u1,0,"109,128,128",populated
PHercParis4/segments/20260623153216-w081-084,PHercParis4,45.532um-11.0m-74keV-volume-20260310170716.zarr,PHercParis4/segments/20260623153216-w081-084/surface-volumes/45.532um-11.0m-74keV-volume-20260310170716.zarr,zarr,True,layers-zarr,6,6,0,,0,"6,2620,10360",|u1,0,"6,128,128",populated
PHercParis4/segments/20260623154006-w085-088,PHercParis4,1.129um-0.23m-78keV-volume-20260608103018-L1.zarr,PHercParis4/segments/20260623154006-w085-088/surface-volumes/1.129um-0.23m-78keV-volume-20260608103018-L1.zarr,zarr,True,layers-zarr,6,6,0,,0,"116,52850,219620",|u1,0,"116,128,128",populated
PHercParis4/segments/20260623154006-w085-088,PHercParis4,2.4um-0.22m-78keV-volume-20260411134726.zarr,PHercParis4/segments/20260623154006-w085-088/surface-volumes/2.4um-0.22m-78keV-volume-20260411134726.zarr,zarr,True,layers-zarr,6,6,0,,0,"109,49760,206800",|u1,0,"109,128,128",populated
PHercParis4/segments/20260623154006-w085-088,PHercParis4,45.532um-11.0m-74keV-volume-20260310170716.zarr,PHercParis4/segments/20260623154006-w085-088/surface-volumes/45.532um-11.0m-74keV-volume-20260310170716.zarr,zarr,True,layers-zarr,6,6,0,,0,"6,2620,10900",|u1,0,"6,128,128",populated
PHercParis4/segments/20260623154617-w089-091,PHercParis4,1.129um-0.23m-78keV-volume-20260608103018-L1.zarr,PHercParis4/segments/20260623154617-w089-091/surface-volumes/1.129um-0.23m-78keV-volume-20260608103018-L1.zarr,zarr,True,layers-zarr,6,6,0,,0,"116,52680,174680",|u1,0,"116,128,128",populated
PHercParis4/segments/20260623154617-w089-091,PHercParis4,2.4um-0.22m-78keV-volume-20260411134726.zarr,PHercParis4/segments/20260623154617-w089-091/surface-volumes/2.4um-0.22m-78keV-volume-20260411134726.zarr,zarr,True,layers-zarr,6,6,0,,0,"109,49600,164480",|u1,0,"109,128,128",populated
PHercParis4/segments/20260623154617-w089-091,PHercParis4,45.532um-11.0m-74keV-volume-20260310170716.zarr,PHercParis4/segments/20260623154617-w089-091/surface-volumes/45.532um-11.0m-74keV-volume-20260310170716.zarr,zarr,True,layers-zarr,6,6,0,,0,"6,2620,8680",|u1,0,"6,128,128",populated
PHercParis4/segments/20260623155240-w092-094,PHercParis4,1.129um-0.23m-78keV-volume-20260608103018-L1.zarr,PHercParis4/segments/20260623155240-w092-094/surface-volumes/1.129um-0.23m-78keV-volume-20260608103018-L1.zarr,zarr,True,layers-zarr,6,6,0,,0,"116,52760,180790",|u1,0,"116,128,128",populated
PHercParis4/segments/20260623155240-w092-094,PHercParis4,2.4um-0.22m-78keV-volume-20260411134726.zarr,PHercParis4/segments/20260623155240-w092-094/surface-volumes/2.4um-0.22m-78keV-volume-20260411134726.zarr,zarr,True,layers-zarr,6,6,0,,0,"109,49680,170240",|u1,0,"109,128,128",populated
PHercParis4/segments/20260623155240-w092-094,PHercParis4,45.532um-11.0m-74keV-volume-20260310170716.zarr,PHercParis4/segments/20260623155240-w092-094/surface-volumes/45.532um-11.0m-74keV-volume-20260310170716.zarr,zarr,True,layers-zarr,6,6,0,,0,"6,2620,8980",|u1,0,"6,128,128",populated
PHercParis4/segments/20260623155914-w095-097,PHercParis4,2.4um-0.22m-78keV-volume-20260411134726.zarr,PHercParis4/segments/20260623155914-w095-097/surface-volumes/2.4um-0.22m-78keV-volume-20260411134726.zarr,zarr,True,layers-zarr,6,6,0,,0,"109,49600,175440",|u1,0,"109,128,128",populated
PHercParis4/segments/20260623155914-w095-097,PHercParis4,45.532um-11.0m-74keV-volume-20260310170716.zarr,PHercParis4/segments/20260623155914-w095-097/surface-volumes/45.532um-11.0m-74keV-volume-20260310170716.zarr,zarr,True,layers-zarr,6,6,0,,0,"6,2620,9260",|u1,0,"6,128,128",populated
PHercParis4/segments/20260623160554-w098-100,PHercParis4,2.4um-0.22m-78keV-volume-20260411134726.zarr,PHercParis4/segments/20260623160554-w098-100/surface-volumes/2.4um-0.22m-78keV-volume-20260411134726.zarr,zarr,True,layers-zarr,6,6,0,,0,"109,49360,179600",|u1,0,"109,128,128",populated
PHercParis4/segments/20260623160554-w098-100,PHercParis4,45.532um-11.0m-74keV-volume-20260310170716.zarr,PHercParis4/segments/20260623160554-w098-100/surface-volumes/45.532um-11.0m-74keV-volume-20260310170716.zarr,zarr,True,layers-zarr,6,6,0,,0,"6,2600,9480",|u1,0,"6,128,128",populated
PHercParis4/segments/20260623161233-w101-103,PHercParis4,2.4um-0.22m-78keV-volume-20260411134726.zarr,PHercParis4/segments/20260623161233-w101-103/surface-volumes/2.4um-0.22m-78keV-volume-20260411134726.zarr,zarr,True,layers-zarr,6,6,0,,0,"109,49280,183040",|u1,0,"109,128,128",populated
PHercParis4/segments/20260623161233-w101-103,PHercParis4,45.532um-11.0m-74keV-volume-20260310170716.zarr,PHercParis4/segments/20260623161233-w101-103/surface-volumes/45.532um-11.0m-74keV-volume-20260310170716.zarr,zarr,True,layers-zarr,6,6,0,,0,"6,2600,9660",|u1,0,"6,128,128",populated
PHercParis4/segments/20260623161921-w104-106,PHercParis4,45.532um-11.0m-74keV-volume-20260310170716.zarr,PHercParis4/segments/20260623161921-w104-106/surface-volumes/45.532um-11.0m-74keV-volume-20260310170716.zarr,zarr,True,layers-zarr,6,6,0,,0,"6,2640,9820",|u1,0,"6,128,128",populated
PHercParis4/segments/20260623162614-w107-109,PHercParis4,2.4um-0.22m-78keV-volume-20260411134726.zarr,PHercParis4/segments/20260623162614-w107-109/surface-volumes/2.4um-0.22m-78keV-volume-20260411134726.zarr,zarr,True,layers-zarr,6,6,0,,0,"109,50080,189280",|u1,0,"109,128,128",populated
PHercParis4/segments/20260623162614-w107-109,PHercParis4,45.532um-11.0m-74keV-volume-20260310170716.zarr,PHercParis4/segments/20260623162614-w107-109/surface-volumes/45.532um-11.0m-74keV-volume-20260310170716.zarr,zarr,True,layers-zarr,6,6,0,,0,"6,2640,9980",|u1,0,"6,128,128",populated
PHercParis4/segments/20260623163339-w110-112,PHercParis4,2.4um-0.22m-78keV-volume-20260411134726.zarr,PHercParis4/segments/20260623163339-w110-112/surface-volumes/2.4um-0.22m-78keV-volume-20260411134726.zarr,zarr,True,layers-zarr,6,6,0,,0,"109,50160,192240",|u1,0,"109,128,128",populated
PHercParis4/segments/20260623163339-w110-112,PHercParis4,45.532um-11.0m-74keV-volume-20260310170716.zarr,PHercParis4/segments/20260623163339-w110-112/surface-volumes/45.532um-11.0m-74keV-volume-20260310170716.zarr,zarr,True,layers-zarr,6,6,0,,0,"6,2640,10140",|u1,0,"6,128,128",populated
PHercParis4/segments/20260623164141-w113-115,PHercParis4,1.129um-0.23m-78keV-volume-20260608103018-L1.zarr,PHercParis4/segments/20260623164141-w113-115/surface-volumes/1.129um-0.23m-78keV-volume-20260608103018-L1.zarr,zarr,True,layers-zarr,6,6,0,,0,"116,53100,208320",|u1,0,"116,128,128",populated
PHercParis4/segments/20260623164141-w113-115,PHercParis4,2.4um-0.22m-78keV-volume-20260411134726.zarr,PHercParis4/segments/20260623164141-w113-115/surface-volumes/2.4um-0.22m-78keV-volume-20260411134726.zarr,zarr,True,layers-zarr,6,6,0,,0,"109,50000,196160",|u1,0,"109,128,128",populated
PHercParis4/segments/20260623164141-w113-115,PHercParis4,45.532um-11.0m-74keV-volume-20260310170716.zarr,PHercParis4/segments/20260623164141-w113-115/surface-volumes/45.532um-11.0m-74keV-volume-20260310170716.zarr,zarr,True,layers-zarr,6,6,0,,0,"6,2640,10340",|u1,0,"6,128,128",populated
PHercParis4/segments/20260623164704-w116-117,PHercParis4,1.129um-0.23m-78keV-volume-20260608103018-L1.zarr,PHercParis4/segments/20260623164704-w116-117/surface-volumes/1.129um-0.23m-78keV-volume-20260608103018-L1.zarr,zarr,True,layers-zarr,6,6,0,,0,"116,52510,142390",|u1,0,"116,128,128",populated
PHercParis4/segments/20260623164704-w116-117,PHercParis4,2.4um-0.22m-78keV-volume-20260411134726.zarr,PHercParis4/segments/20260623164704-w116-117/surface-volumes/2.4um-0.22m-78keV-volume-20260411134726.zarr,zarr,True,layers-zarr,6,6,0,,0,"109,49440,134080",|u1,0,"109,128,128",populated
PHercParis4/segments/20260623164704-w116-117,PHercParis4,45.532um-11.0m-74keV-volume-20260310170716.zarr,PHercParis4/segments/20260623164704-w116-117/surface-volumes/45.532um-11.0m-74keV-volume-20260310170716.zarr,zarr,True,layers-zarr,6,6,0,,0,"6,2600,7080",|u1,0,"6,128,128",populated
PHercParis4/segments/20260623165230-w118-119,PHercParis4,1.129um-0.23m-78keV-volume-20260608103018-L1.zarr,PHercParis4/segments/20260623165230-w118-119/surface-volumes/1.129um-0.23m-78keV-volume-20260608103018-L1.zarr,zarr,True,layers-zarr,6,6,0,,0,"116,52080,143580",|u1,0,"116,128,128",populated
PHercParis4/segments/20260623165230-w118-119,PHercParis4,2.4um-0.22m-78keV-volume-20260411134726.zarr,PHercParis4/segments/20260623165230-w118-119/surface-volumes/2.4um-0.22m-78keV-volume-20260411134726.zarr,zarr,True,layers-zarr,6,6,0,,0,"109,49040,135200",|u1,0,"109,128,128",populated
PHercParis4/segments/20260623165230-w118-119,PHercParis4,45.532um-11.0m-74keV-volume-20260310170716.zarr,PHercParis4/segments/20260623165230-w118-119/surface-volumes/45.532um-11.0m-74keV-volume-20260310170716.zarr,zarr,True,layers-zarr,6,6,0,,0,"6,2580,7140",|u1,0,"6,128,128",populated
PHercParis4/segments/20260623165742-w120-121,PHercParis4,1.129um-0.23m-78keV-volume-20260608103018-L1.zarr,PHercParis4/segments/20260623165742-w120-121/surface-volumes/1.129um-0.23m-78keV-volume-20260608103018-L1.zarr,zarr,True,layers-zarr,6,6,0,,0,"116,51570,144690",|u1,0,"116,128,128",populated
PHercParis4/segments/20260623165742-w120-121,PHercParis4,2.4um-0.22m-78keV-volume-20260411134726.zarr,PHercParis4/segments/20260623165742-w120-121/surface-volumes/2.4um-0.22m-78keV-volume-20260411134726.zarr,zarr,True,layers-zarr,6,6,0,,0,"109,48560,136240",|u1,0,"109,128,128",populated
PHercParis4/segments/20260623165742-w120-121,PHercParis4,45.532um-11.0m-74keV-volume-20260310170716.zarr,PHercParis4/segments/20260623165742-w120-121/surface-volumes/45.532um-11.0m-74keV-volume-20260310170716.zarr,zarr,True,layers-zarr,6,6,0,,0,"6,2560,7180",|u1,0,"6,128,128",populated
PHercParis4/segments/20260623170305-w122-123,PHercParis4,1.129um-0.23m-78keV-volume-20260608103018-L1.zarr,PHercParis4/segments/20260623170305-w122-123/surface-volumes/1.129um-0.23m-78keV-volume-20260608103018-L1.zarr,zarr,True,layers-zarr,6,6,0,,0,"116,51490,145370",|u1,0,"116,128,128",populated
PHercParis4/segments/20260623170305-w122-123,PHercParis4,2.4um-0.22m-78keV-volume-20260411134726.zarr,PHercParis4/segments/20260623170305-w122-123/surface-volumes/2.4um-0.22m-78keV-volume-20260411134726.zarr,zarr,True,layers-zarr,6,6,0,,0,"109,48480,136880",|u1,0,"109,128,128",populated
PHercParis4/segments/20260623170305-w122-123,PHercParis4,45.532um-11.0m-74keV-volume-20260310170716.zarr,PHercParis4/segments/20260623170305-w122-123/surface-volumes/45.532um-11.0m-74keV-volume-20260310170716.zarr,zarr,True,layers-zarr,6,6,0,,0,"6,2560,7220",|u1,0,"6,128,128",populated
PHercParis4/segments/20260623170833-w124-125,PHercParis4,2.4um-0.22m-78keV-volume-20260411134726.zarr,PHercParis4/segments/20260623170833-w124-125/surface-volumes/2.4um-0.22m-78keV-volume-20260411134726.zarr,zarr,True,layers-zarr,6,6,0,,0,"109,50640,139200",|u1,0,"109,128,128",populated
PHercParis4/segments/20260623170833-w124-125,PHercParis4,45.532um-11.0m-74keV-volume-20260310170716.zarr,PHercParis4/segments/20260623170833-w124-125/surface-volumes/45.532um-11.0m-74keV-volume-20260310170716.zarr,zarr,True,layers-zarr,6,6,0,,0,"6,2680,7340",|u1,0,"6,128,128",populated
PHercParis4/segments/20260623171400-w126-127,PHercParis4,2.4um-0.22m-78keV-volume-20260411134726.zarr,PHercParis4/segments/20260623171400-w126-127/surface-volumes/2.4um-0.22m-78keV-volume-20260411134726.zarr,zarr,True,layers-zarr,6,6,0,,0,"109,63120,152880",|u1,0,"109,128,128",populated
PHercParis4/segments/20260623171400-w126-127,PHercParis4,45.532um-11.0m-74keV-volume-20260310170716.zarr,PHercParis4/segments/20260623171400-w126-127/surface-volumes/45.532um-11.0m-74keV-volume-20260310170716.zarr,zarr,True,layers-zarr,6,6,0,,0,"6,3340,8060",|u1,0,"6,128,128",populated
PHercParis4/segments/20260623171929-w128-129,PHercParis4,2.4um-0.22m-78keV-volume-20260411134726.zarr,PHercParis4/segments/20260623171929-w128-129/surface-volumes/2.4um-0.22m-78keV-volume-20260411134726.zarr,zarr,True,layers-zarr,6,6,0,,0,"109,70560,155760",|u1,0,"109,128,128",populated
PHercParis4/segments/20260623171929-w128-129,PHercParis4,45.532um-11.0m-74keV-volume-20260310170716.zarr,PHercParis4/segments/20260623171929-w128-129/surface-volumes/45.532um-11.0m-74keV-volume-20260310170716.zarr,zarr,True,layers-zarr,6,6,0,,0,"6,3720,8220",|u1,0,"6,128,128",populated
PHercParis4/segments/20260701183124-w010-027,PHercParis4,2.4um-0.22m-78keV-volume-20260411134726.zarr,PHercParis4/segments/20260701183124-w010-027/surface-volumes/2.4um-0.22m-78keV-volume-20260411134726.zarr,zarr,True,layers-zarr,6,6,0,,0,"109,69760,170000",|u1,0,"109,128,128",populated
PHercParis4/segments/20260701183124-w010-027,PHercParis4,45.532um-11.0m-74keV-volume-20260310170716.zarr,PHercParis4/segments/20260701183124-w010-027/surface-volumes/45.532um-11.0m-74keV-volume-20260310170716.zarr,zarr,True,layers-zarr,6,6,0,,0,"6,3680,8960",|u1,0,"6,128,128",populated
PHercParis4/segments/20260701183125-w028-037,PHercParis4,2.4um-0.22m-78keV-volume-20260411134726.zarr,PHercParis4/segments/20260701183125-w028-037/surface-volumes/2.4um-0.22m-78keV-volume-20260411134726.zarr,zarr,True,layers-zarr,6,6,0,,0,"109,71600,174640",|u1,0,"109,128,128",populated
PHercParis4/segments/20260701183125-w028-037,PHercParis4,45.532um-11.0m-74keV-volume-20260310170716.zarr,PHercParis4/segments/20260701183125-w028-037/surface-volumes/45.532um-11.0m-74keV-volume-20260310170716.zarr,zarr,True,layers-zarr,6,6,0,,0,"6,3780,9220",|u1,0,"6,128,128",populated
PHercParis4/segments/20260701183126-w038-045,PHercParis4,2.4um-0.22m-78keV-volume-20260411134726.zarr,PHercParis4/segments/20260701183126-w038-045/surface-volumes/2.4um-0.22m-78keV-volume-20260411134726.zarr,zarr,True,layers-zarr,6,6,0,,0,"109,74880,183920",|u1,0,"109,128,128",populated
PHercParis4/segments/20260701183126-w038-045,PHercParis4,45.532um-11.0m-74keV-volume-20260310170716.zarr,PHercParis4/segments/20260701183126-w038-045/surface-volumes/45.532um-11.0m-74keV-volume-20260310170716.zarr,zarr,True,layers-zarr,6,6,0,,0,"6,3960,9700",|u1,0,"6,128,128",populated
PHercParis4/segments/20260701183127-w046-052,PHercParis4,2.4um-0.22m-78keV-volume-20260411134726.zarr,PHercParis4/segments/20260701183127-w046-052/surface-volumes/2.4um-0.22m-78keV-volume-20260411134726.zarr,zarr,True,layers-zarr,6,6,0,,0,"109,74960,194800",|u1,0,"109,128,128",populated
PHercParis4/segments/20260701183127-w046-052,PHercParis4,45.532um-11.0m-74keV-volume-20260310170716.zarr,PHercParis4/segments/20260701183127-w046-052/surface-volumes/45.532um-11.0m-74keV-volume-20260310170716.zarr,zarr,True,layers-zarr,6,6,0,,0,"6,3960,10280",|u1,0,"6,128,128",populated
PHercParis4/segments/20260701183128-w053-058,PHercParis4,2.4um-0.22m-78keV-volume-20260411134726.zarr,PHercParis4/segments/20260701183128-w053-058/surface-volumes/2.4um-0.22m-78keV-volume-20260411134726.zarr,zarr,True,layers-zarr,6,6,0,,0,"109,73200,184880",|u1,0,"109,128,128",populated
PHercParis4/segments/20260701183128-w053-058,PHercParis4,45.532um-11.0m-74keV-volume-20260310170716.zarr,PHercParis4/segments/20260701183128-w053-058/surface-volumes/45.532um-11.0m-74keV-volume-20260310170716.zarr,zarr,True,layers-zarr,6,6,0,,0,"6,3860,9760",|u1,0,"6,128,128",populated
PHercParis4/segments/20260701183129-w059-063,PHercParis4,2.4um-0.22m-78keV-volume-20260411134726.zarr,PHercParis4/segments/20260701183129-w059-063/surface-volumes/2.4um-0.22m-78keV-volume-20260411134726.zarr,zarr,True,layers-zarr,6,6,0,,0,"109,73840,176000",|u1,0,"109,128,128",populated
PHercParis4/segments/20260701183129-w059-063,PHercParis4,45.532um-11.0m-74keV-volume-20260310170716.zarr,PHercParis4/segments/20260701183129-w059-063/surface-volumes/45.532um-11.0m-74keV-volume-20260310170716.zarr,zarr,True,layers-zarr,6,6,0,,0,"6,3900,9280",|u1,0,"6,128,128",populated
PHercParis4/segments/20260701183130-w064-068,PHercParis4,2.4um-0.22m-78keV-volume-20260411134726.zarr,PHercParis4/segments/20260701183130-w064-068/surface-volumes/2.4um-0.22m-78keV-volume-20260411134726.zarr,zarr,True,layers-zarr,6,6,0,,0,"109,74000,192240",|u1,0,"109,128,128",populated
PHercParis4/segments/20260701183130-w064-068,PHercParis4,45.532um-11.0m-74keV-volume-20260310170716.zarr,PHercParis4/segments/20260701183130-w064-068/surface-volumes/45.532um-11.0m-74keV-volume-20260310170716.zarr,zarr,True,layers-zarr,6,6,0,,0,"6,3900,10140",|u1,0,"6,128,128",populated
PHercParis4/segments/20260701183131-w069-072,PHercParis4,2.4um-0.22m-78keV-volume-20260411134726.zarr,PHercParis4/segments/20260701183131-w069-072/surface-volumes/2.4um-0.22m-78keV-volume-20260411134726.zarr,zarr,True,layers-zarr,6,6,0,,0,"109,73680,165040",|u1,0,"109,128,128",populated
PHercParis4/segments/20260701183131-w069-072,PHercParis4,45.532um-11.0m-74keV-volume-20260310170716.zarr,PHercParis4/segments/20260701183131-w069-072/surface-volumes/45.532um-11.0m-74keV-volume-20260310170716.zarr,zarr,True,layers-zarr,6,6,0,,0,"6,3880,8700",|u1,0,"6,128,128",populated
PHercParis4/segments/20260701183132-w073-076,PHercParis4,2.4um-0.22m-78keV-volume-20260411134726.zarr,PHercParis4/segments/20260701183132-w073-076/surface-volumes/2.4um-0.22m-78keV-volume-20260411134726.zarr,zarr,True,layers-zarr,6,6,0,,0,"109,80240,174080",|u1,0,"109,128,128",populated
PHercParis4/segments/20260701183132-w073-076,PHercParis4,45.532um-11.0m-74keV-volume-20260310170716.zarr,PHercParis4/segments/20260701183132-w073-076/surface-volumes/45.532um-11.0m-74keV-volume-20260310170716.zarr,zarr,True,layers-zarr,6,6,0,,0,"6,4240,9180",|u1,0,"6,128,128",populated
PHercParis4/segments/20260701183133-w077-080,PHercParis4,2.4um-0.22m-78keV-volume-20260411134726.zarr,PHercParis4/segments/20260701183133-w077-080/surface-volumes/2.4um-0.22m-78keV-volume-20260411134726.zarr,zarr,True,layers-zarr,6,6,0,,0,"109,78480,184560",|u1,0,"109,128,128",populated
PHercParis4/segments/20260701183133-w077-080,PHercParis4,45.532um-11.0m-74keV-volume-20260310170716.zarr,PHercParis4/segments/20260701183133-w077-080/surface-volumes/45.532um-11.0m-74keV-volume-20260310170716.zarr,zarr,True,layers-zarr,6,6,0,,0,"6,4140,9740",|u1,0,"6,128,128",populated
PHercParis4/segments/20260701183134-w081-084,PHercParis4,2.4um-0.22m-78keV-volume-20260411134726.zarr,PHercParis4/segments/20260701183134-w081-084/surface-volumes/2.4um-0.22m-78keV-volume-20260411134726.zarr,zarr,True,layers-zarr,6,6,0,,0,"109,78720,195040",|u1,0,"109,128,128",populated
PHercParis4/segments/20260701183134-w081-084,PHercParis4,45.532um-11.0m-74keV-volume-20260310170716.zarr,PHercParis4/segments/20260701183134-w081-084/surface-volumes/45.532um-11.0m-74keV-volume-20260310170716.zarr,zarr,True,layers-zarr,6,6,0,,0,"6,4160,10280",|u1,0,"6,128,128",populated
PHercParis4/segments/20260701183135-w085-088,PHercParis4,2.4um-0.22m-78keV-volume-20260411134726.zarr,PHercParis4/segments/20260701183135-w085-088/surface-volumes/2.4um-0.22m-78keV-volume-20260411134726.zarr,zarr,True,layers-zarr,6,6,0,,0,"109,78640,204640",|u1,0,"109,128,128",populated
PHercParis4/segments/20260701183135-w085-088,PHercParis4,45.532um-11.0m-74keV-volume-20260310170716.zarr,PHercParis4/segments/20260701183135-w085-088/surface-volumes/45.532um-11.0m-74keV-volume-20260310170716.zarr,zarr,True,layers-zarr,6,6,0,,0,"6,4140,10800",|u1,0,"6,128,128",populated
PHercParis4/segments/20260701183136-w089-091,PHercParis4,2.4um-0.22m-78keV-volume-20260411134726.zarr,PHercParis4/segments/20260701183136-w089-091/surface-volumes/2.4um-0.22m-78keV-volume-20260411134726.zarr,zarr,True,layers-zarr,6,6,0,,0,"109,76880,163040",|u1,0,"109,128,128",populated
PHercParis4/segments/20260701183136-w089-091,PHercParis4,45.532um-11.0m-74keV-volume-20260310170716.zarr,PHercParis4/segments/20260701183136-w089-091/surface-volumes/45.532um-11.0m-74keV-volume-20260310170716.zarr,zarr,True,layers-zarr,6,6,0,,0,"6,4060,8600",|u1,0,"6,128,128",populated
PHercParis4/segments/20260701183137-w092-094,PHercParis4,2.4um-0.22m-78keV-volume-20260411134726.zarr,PHercParis4/segments/20260701183137-w092-094/surface-volumes/2.4um-0.22m-78keV-volume-20260411134726.zarr,zarr,True,layers-zarr,6,6,0,,0,"109,76240,168560",|u1,0,"109,128,128",populated
PHercParis4/segments/20260701183137-w092-094,PHercParis4,45.532um-11.0m-74keV-volume-20260310170716.zarr,PHercParis4/segments/20260701183137-w092-094/surface-volumes/45.532um-11.0m-74keV-volume-20260310170716.zarr,zarr,True,layers-zarr,6,6,0,,0,"6,4020,8900",|u1,0,"6,128,128",populated
PHercParis4/segments/20260701183138-w095-097,PHercParis4,2.4um-0.22m-78keV-volume-20260411134726.zarr,PHercParis4/segments/20260701183138-w095-097/surface-volumes/2.4um-0.22m-78keV-volume-20260411134726.zarr,zarr,True,layers-zarr,6,6,0,,0,"109,77440,173120",|u1,0,"109,128,128",populated
PHercParis4/segments/20260701183138-w095-097,PHercParis4,45.532um-11.0m-74keV-volume-20260310170716.zarr,PHercParis4/segments/20260701183138-w095-097/surface-volumes/45.532um-11.0m-74keV-volume-20260310170716.zarr,zarr,True,layers-zarr,6,6,0,,0,"6,4080,9140",|u1,0,"6,128,128",populated
PHercParis4/segments/20260701183139-w098-100,PHercParis4,2.4um-0.22m-78keV-volume-20260411134726.zarr,PHercParis4/segments/20260701183139-w098-100/surface-volumes/2.4um-0.22m-78keV-volume-20260411134726.zarr,zarr,True,layers-zarr,6,6,0,,0,"109,77280,176720",|u1,0,"109,128,128",populated
PHercParis4/segments/20260701183139-w098-100,PHercParis4,45.532um-11.0m-74keV-volume-20260310170716.zarr,PHercParis4/segments/20260701183139-w098-100/surface-volumes/45.532um-11.0m-74keV-volume-20260310170716.zarr,zarr,True,layers-zarr,6,6,0,,0,"6,4080,9320",|u1,0,"6,128,128",populated
PHercParis4/segments/20260701183140-w101-103,PHercParis4,2.4um-0.22m-78keV-volume-20260411134726.zarr,PHercParis4/segments/20260701183140-w101-103/surface-volumes/2.4um-0.22m-78keV-volume-20260411134726.zarr,zarr,True,layers-zarr,6,6,0,,0,"109,78320,180400",|u1,0,"109,128,128",populated
PHercParis4/segments/20260701183140-w101-103,PHercParis4,45.532um-11.0m-74keV-volume-20260310170716.zarr,PHercParis4/segments/20260701183140-w101-103/surface-volumes/45.532um-11.0m-74keV-volume-20260310170716.zarr,zarr,True,layers-zarr,6,6,0,,0,"6,4140,9520",|u1,0,"6,128,128",populated
PHercParis4/segments/20260701183141-w104-106,PHercParis4,2.4um-0.22m-78keV-volume-20260411134726.zarr,PHercParis4/segments/20260701183141-w104-106/surface-volumes/2.4um-0.22m-78keV-volume-20260411134726.zarr,zarr,True,layers-zarr,6,6,0,,0,"109,76320,182480",|u1,0,"109,128,128",populated
PHercParis4/segments/20260701183141-w104-106,PHercParis4,45.532um-11.0m-74keV-volume-20260310170716.zarr,PHercParis4/segments/20260701183141-w104-106/surface-volumes/45.532um-11.0m-74keV-volume-20260310170716.zarr,zarr,True,layers-zarr,6,6,0,,0,"6,4020,9620",|u1,0,"6,128,128",populated
PHercParis4/segments/20260701183142-w107-109,PHercParis4,2.4um-0.22m-78keV-volume-20260411134726.zarr,PHercParis4/segments/20260701183142-w107-109/surface-volumes/2.4um-0.22m-78keV-volume-20260411134726.zarr,zarr,True,layers-zarr,6,6,0,,0,"109,75920,186480",|u1,0,"109,128,128",populated
PHercParis4/segments/20260701183142-w107-109,PHercParis4,45.532um-11.0m-74keV-volume-20260310170716.zarr,PHercParis4/segments/20260701183142-w107-109/surface-volumes/45.532um-11.0m-74keV-volume-20260310170716.zarr,zarr,True,layers-zarr,6,6,0,,0,"6,4000,9840",|u1,0,"6,128,128",populated
PHercParis4/segments/20260701183143-w110-112,PHercParis4,2.4um-0.22m-78keV-volume-20260411134726.zarr,PHercParis4/segments/20260701183143-w110-112/surface-volumes/2.4um-0.22m-78keV-volume-20260411134726.zarr,zarr,True,layers-zarr,6,6,0,,0,"109,75200,190320",|u1,0,"109,128,128",populated
PHercParis4/segments/20260701183143-w110-112,PHercParis4,45.532um-11.0m-74keV-volume-20260310170716.zarr,PHercParis4/segments/20260701183143-w110-112/surface-volumes/45.532um-11.0m-74keV-volume-20260310170716.zarr,zarr,True,layers-zarr,6,6,0,,0,"6,3960,10040",|u1,0,"6,128,128",populated
PHercParis4/segments/20260701183144-w113-115,PHercParis4,2.4um-0.22m-78keV-volume-20260411134726.zarr,PHercParis4/segments/20260701183144-w113-115/surface-volumes/2.4um-0.22m-78keV-volume-20260411134726.zarr,zarr,True,layers-zarr,6,6,0,,0,"109,74880,193760",|u1,0,"109,128,128",populated
PHercParis4/segments/20260701183144-w113-115,PHercParis4,45.532um-11.0m-74keV-volume-20260310170716.zarr,PHercParis4/segments/20260701183144-w113-115/surface-volumes/45.532um-11.0m-74keV-volume-20260310170716.zarr,zarr,True,layers-zarr,6,6,0,,0,"6,3960,10220",|u1,0,"6,128,128",populated
PHercParis4/segments/20260701183145-w116-117,PHercParis4,2.4um-0.22m-78keV-volume-20260411134726.zarr,PHercParis4/segments/20260701183145-w116-117/surface-volumes/2.4um-0.22m-78keV-volume-20260411134726.zarr,zarr,True,layers-zarr,6,6,0,,0,"109,74960,134640",|u1,0,"109,128,128",populated
PHercParis4/segments/20260701183145-w116-117,PHercParis4,45.532um-11.0m-74keV-volume-20260310170716.zarr,PHercParis4/segments/20260701183145-w116-117/surface-volumes/45.532um-11.0m-74keV-volume-20260310170716.zarr,zarr,True,layers-zarr,6,6,0,,0,"6,3960,7100",|u1,0,"6,128,128",populated
PHercParis4/segments/20260701183146-w118-119,PHercParis4,2.4um-0.22m-78keV-volume-20260411134726.zarr,PHercParis4/segments/20260701183146-w118-119/surface-volumes/2.4um-0.22m-78keV-volume-20260411134726.zarr,zarr,True,layers-zarr,6,6,0,,0,"109,75200,136800",|u1,0,"109,128,128",populated
PHercParis4/segments/20260701183146-w118-119,PHercParis4,45.532um-11.0m-74keV-volume-20260310170716.zarr,PHercParis4/segments/20260701183146-w118-119/surface-volumes/45.532um-11.0m-74keV-volume-20260310170716.zarr,zarr,True,layers-zarr,6,6,0,,0,"6,3960,7220",|u1,0,"6,128,128",populated
PHercParis4/segments/20260701183147-w120-121,PHercParis4,2.4um-0.22m-78keV-volume-20260411134726.zarr,PHercParis4/segments/20260701183147-w120-121/surface-volumes/2.4um-0.22m-78keV-volume-20260411134726.zarr,zarr,True,layers-zarr,6,6,0,,0,"109,76000,138240",|u1,0,"109,128,128",populated
PHercParis4/segments/20260701183147-w120-121,PHercParis4,45.532um-11.0m-74keV-volume-20260310170716.zarr,PHercParis4/segments/20260701183147-w120-121/surface-volumes/45.532um-11.0m-74keV-volume-20260310170716.zarr,zarr,True,layers-zarr,6,6,0,,0,"6,4020,7300",|u1,0,"6,128,128",populated
PHercParis4/segments/20260701183148-w122-123,PHercParis4,2.4um-0.22m-78keV-volume-20260411134726.zarr,PHercParis4/segments/20260701183148-w122-123/surface-volumes/2.4um-0.22m-78keV-volume-20260411134726.zarr,zarr,True,layers-zarr,6,6,0,,0,"109,79040,137360",|u1,0,"109,128,128",populated
PHercParis4/segments/20260701183148-w122-123,PHercParis4,45.532um-11.0m-74keV-volume-20260310170716.zarr,PHercParis4/segments/20260701183148-w122-123/surface-volumes/45.532um-11.0m-74keV-volume-20260310170716.zarr,zarr,True,layers-zarr,6,6,0,,0,"6,4180,7240",|u1,0,"6,128,128",populated
PHercParis4/segments/20260701183149-w124-125,PHercParis4,2.4um-0.22m-78keV-volume-20260411134726.zarr,PHercParis4/segments/20260701183149-w124-125/surface-volumes/2.4um-0.22m-78keV-volume-20260411134726.zarr,zarr,True,layers-zarr,6,6,0,,0,"109,83920,143360",|u1,0,"109,128,128",populated
PHercParis4/segments/20260701183149-w124-125,PHercParis4,45.532um-11.0m-74keV-volume-20260310170716.zarr,PHercParis4/segments/20260701183149-w124-125/surface-volumes/45.532um-11.0m-74keV-volume-20260310170716.zarr,zarr,True,layers-zarr,6,6,0,,0,"6,4420,7560",|u1,0,"6,128,128",populated
PHercParis4/segments/20260701183150-w126-127,PHercParis4,2.4um-0.22m-78keV-volume-20260411134726.zarr,PHercParis4/segments/20260701183150-w126-127/surface-volumes/2.4um-0.22m-78keV-volume-20260411134726.zarr,zarr,True,layers-zarr,6,6,0,,0,"109,94080,154880",|u1,0,"109,128,128",populated
PHercParis4/segments/20260701183150-w126-127,PHercParis4,45.532um-11.0m-74keV-volume-20260310170716.zarr,PHercParis4/segments/20260701183150-w126-127/surface-volumes/45.532um-11.0m-74keV-volume-20260310170716.zarr,zarr,True,layers-zarr,6,6,0,,0,"6,4960,8160",|u1,0,"6,128,128",populated
PHercParis4/segments/20260701183151-w128-129,PHercParis4,2.4um-0.22m-78keV-volume-20260411134726.zarr,PHercParis4/segments/20260701183151-w128-129/surface-volumes/2.4um-0.22m-78keV-volume-20260411134726.zarr,zarr,True,layers-zarr,6,6,0,,0,"109,89440,142320",|u1,0,"109,128,128",populated
PHercParis4/segments/20260701183151-w128-129,PHercParis4,45.532um-11.0m-74keV-volume-20260310170716.zarr,PHercParis4/segments/20260701183151-w128-129/surface-volumes/45.532um-11.0m-74keV-volume-20260310170716.zarr,zarr,True,layers-zarr,6,6,0,,0,"6,4720,7500",|u1,0,"6,128,128",populated
