seg,sample,volume,volume_dir,store_format,declared_units,declared_scale_level0,name_voxel_um,scale_matches_name_um,verdict,factor_if_converted,all_axes_nanometer
PHerc0009B/segments/20250510172639,PHerc0009B,2.401um-0.35m-77keV-volume-20250820154339.zarr,PHerc0009B/segments/20250510172639/surface-volumes/2.401um-0.35m-77keV-volume-20250820154339.zarr,zarr,"micrometer,micrometer,micrometer","2.401,2.401,2.401",2.401,True,consistent,,False
PHerc0009B/segments/20250510172639,PHerc0009B,8.64um-1.2m-116keV-volume-20250521125136.zarr,PHerc0009B/segments/20250510172639/surface-volumes/8.64um-1.2m-116keV-volume-20250521125136.zarr,zarr,"micrometer,micrometer,micrometer","8.64,8.64,8.64",8.64,True,consistent,,False
PHerc0009B/segments/20250510172804,PHerc0009B,2.401um-0.35m-77keV-volume-20250820154339.zarr,PHerc0009B/segments/20250510172804/surface-volumes/2.401um-0.35m-77keV-volume-20250820154339.zarr,zarr,"micrometer,micrometer,micrometer","2.401,2.401,2.401",2.401,True,consistent,,False
PHerc0009B/segments/20250510172804,PHerc0009B,8.64um-1.2m-116keV-volume-20250521125136.zarr,PHerc0009B/segments/20250510172804/surface-volumes/8.64um-1.2m-116keV-volume-20250521125136.zarr,zarr,"micrometer,micrometer,micrometer","8.64,8.64,8.64",8.64,True,consistent,,False
PHerc0009B/segments/20250511200236,PHerc0009B,2.401um-0.35m-77keV-volume-20250820154339.zarr,PHerc0009B/segments/20250511200236/surface-volumes/2.401um-0.35m-77keV-volume-20250820154339.zarr,zarr,"micrometer,micrometer,micrometer","2.401,2.401,2.401",2.401,True,consistent,,False
PHerc0009B/segments/20250511200236,PHerc0009B,8.64um-1.2m-116keV-volume-20250521125136.zarr,PHerc0009B/segments/20250511200236/surface-volumes/8.64um-1.2m-116keV-volume-20250521125136.zarr,zarr,"micrometer,micrometer,micrometer","8.64,8.64,8.64",8.64,True,consistent,,False
PHerc0009B/segments/20250919064353-auto_grown_20250918234353791,PHerc0009B,2.401um-0.35m-77keV-volume-20250820154339.zarr,PHerc0009B/segments/20250919064353-auto_grown_20250918234353791/surface-volumes/2.401um-0.35m-77keV-volume-20250820154339.zarr,zarr,"micrometer,micrometer,micrometer","2.401,2.401,2.401",2.401,True,consistent,,False
PHerc0009B/segments/20250919064353-auto_grown_20250918234353791,PHerc0009B,8.64um-1.2m-116keV-volume-20250521125136.zarr,PHerc0009B/segments/20250919064353-auto_grown_20250918234353791/surface-volumes/8.64um-1.2m-116keV-volume-20250521125136.zarr,zarr,"micrometer,micrometer,micrometer","8.64,8.64,8.64",8.64,True,consistent,,False
PHerc0009B/segments/20250919123506-auto_grown_20250919053506178_inp_hr,PHerc0009B,2.401um-0.35m-77keV-volume-20250820154339.zarr,PHerc0009B/segments/20250919123506-auto_grown_20250919053506178_inp_hr/surface-volumes/2.401um-0.35m-77keV-volume-20250820154339.zarr,zarr,"micrometer,micrometer,micrometer","2.401,2.401,2.401",2.401,True,consistent,,False
PHerc0009B/segments/20250919123506-auto_grown_20250919053506178_inp_hr,PHerc0009B,8.64um-1.2m-116keV-volume-20250521125136.zarr,PHerc0009B/segments/20250919123506-auto_grown_20250919053506178_inp_hr/surface-volumes/8.64um-1.2m-116keV-volume-20250521125136.zarr,zarr,"micrometer,micrometer,micrometer","8.64,8.64,8.64",8.64,True,consistent,,False
PHerc0009B/segments/20250919124722-auto_grown_20250919054722721_inp_hr,PHerc0009B,2.401um-0.35m-77keV-volume-20250820154339.zarr,PHerc0009B/segments/20250919124722-auto_grown_20250919054722721_inp_hr/surface-volumes/2.401um-0.35m-77keV-volume-20250820154339.zarr,zarr,"micrometer,micrometer,micrometer","2.401,2.401,2.401",2.401,True,consistent,,False
PHerc0009B/segments/20250919124722-auto_grown_20250919054722721_inp_hr,PHerc0009B,8.64um-1.2m-116keV-volume-20250521125136.zarr,PHerc0009B/segments/20250919124722-auto_grown_20250919054722721_inp_hr/surface-volumes/8.64um-1.2m-116keV-volume-20250521125136.zarr,zarr,"micrometer,micrometer,micrometer","8.64,8.64,8.64",8.64,True,consistent,,False
PHerc0009B/segments/20250919124917-auto_grown_20250919054917419_inp_hr,PHerc0009B,2.401um-0.35m-77keV-volume-20250820154339.zarr,PHerc0009B/segments/20250919124917-auto_grown_20250919054917419_inp_hr/surface-volumes/2.401um-0.35m-77keV-volume-20250820154339.zarr,zarr,"micrometer,micrometer,micrometer","2.401,2.401,2.401",2.401,True,consistent,,False
PHerc0009B/segments/20250919124917-auto_grown_20250919054917419_inp_hr,PHerc0009B,8.64um-1.2m-116keV-volume-20250521125136.zarr,PHerc0009B/segments/20250919124917-auto_grown_20250919054917419_inp_hr/surface-volumes/8.64um-1.2m-116keV-volume-20250521125136.zarr,zarr,"micrometer,micrometer,micrometer","8.64,8.64,8.64",8.64,True,consistent,,False
PHerc0009B/segments/20250919125302-auto_grown_20250919055302061,PHerc0009B,2.401um-0.35m-77keV-volume-20250820154339.zarr,PHerc0009B/segments/20250919125302-auto_grown_20250919055302061/surface-volumes/2.401um-0.35m-77keV-volume-20250820154339.zarr,zarr,"micrometer,micrometer,micrometer","2.401,2.401,2.401",2.401,True,consistent,,False
PHerc0009B/segments/20250919125302-auto_grown_20250919055302061,PHerc0009B,8.64um-1.2m-116keV-volume-20250521125136.zarr,PHerc0009B/segments/20250919125302-auto_grown_20250919055302061/surface-volumes/8.64um-1.2m-116keV-volume-20250521125136.zarr,zarr,"micrometer,micrometer,micrometer","8.64,8.64,8.64",8.64,True,consistent,,False
PHerc0009B/segments/20250919125605-auto_grown_20250919055605407,PHerc0009B,2.401um-0.35m-77keV-volume-20250820154339.zarr,PHerc0009B/segments/20250919125605-auto_grown_20250919055605407/surface-volumes/2.401um-0.35m-77keV-volume-20250820154339.zarr,zarr,"micrometer,micrometer,micrometer","2.401,2.401,2.401",2.401,True,consistent,,False
PHerc0009B/segments/20250919125605-auto_grown_20250919055605407,PHerc0009B,8.64um-1.2m-116keV-volume-20250521125136.zarr,PHerc0009B/segments/20250919125605-auto_grown_20250919055605407/surface-volumes/8.64um-1.2m-116keV-volume-20250521125136.zarr,zarr,"micrometer,micrometer,micrometer","8.64,8.64,8.64",8.64,True,consistent,,False
PHerc0009B/segments/20250919125754-auto_grown_20250919055754487_inp_hr,PHerc0009B,2.401um-0.35m-77keV-volume-20250820154339.zarr,PHerc0009B/segments/20250919125754-auto_grown_20250919055754487_inp_hr/surface-volumes/2.401um-0.35m-77keV-volume-20250820154339.zarr,zarr,"micrometer,micrometer,micrometer","2.401,2.401,2.401",2.401,True,consistent,,False
PHerc0009B/segments/20250919125754-auto_grown_20250919055754487_inp_hr,PHerc0009B,8.64um-1.2m-116keV-volume-20250521125136.zarr,PHerc0009B/segments/20250919125754-auto_grown_20250919055754487_inp_hr/surface-volumes/8.64um-1.2m-116keV-volume-20250521125136.zarr,zarr,"micrometer,micrometer,micrometer","8.64,8.64,8.64",8.64,True,consistent,,False
PHerc0009B/segments/20250919130642-auto_grown_20250919060642061,PHerc0009B,2.401um-0.35m-77keV-volume-20250820154339.zarr,PHerc0009B/segments/20250919130642-auto_grown_20250919060642061/surface-volumes/2.401um-0.35m-77keV-volume-20250820154339.zarr,zarr,"micrometer,micrometer,micrometer","2.401,2.401,2.401",2.401,True,consistent,,False
PHerc0009B/segments/20250919130642-auto_grown_20250919060642061,PHerc0009B,8.64um-1.2m-116keV-volume-20250521125136.zarr,PHerc0009B/segments/20250919130642-auto_grown_20250919060642061/surface-volumes/8.64um-1.2m-116keV-volume-20250521125136.zarr,zarr,"micrometer,micrometer,micrometer","8.64,8.64,8.64",8.64,True,consistent,,False
PHerc0009B/segments/20250919131352-auto_grown_20250919061352722_inp_hr,PHerc0009B,2.401um-0.35m-77keV-volume-20250820154339.zarr,PHerc0009B/segments/20250919131352-auto_grown_20250919061352722_inp_hr/surface-volumes/2.401um-0.35m-77keV-volume-20250820154339.zarr,zarr,"micrometer,micrometer,micrometer","2.401,2.401,2.401",2.401,True,consistent,,False
PHerc0009B/segments/20250919131352-auto_grown_20250919061352722_inp_hr,PHerc0009B,8.64um-1.2m-116keV-volume-20250521125136.zarr,PHerc0009B/segments/20250919131352-auto_grown_20250919061352722_inp_hr/surface-volumes/8.64um-1.2m-116keV-volume-20250521125136.zarr,zarr,"micrometer,micrometer,micrometer","8.64,8.64,8.64",8.64,True,consistent,,False
PHerc0009B/segments/20250919131642-auto_grown_20250919061642215_inp_hr,PHerc0009B,2.401um-0.35m-77keV-volume-20250820154339.zarr,PHerc0009B/segments/20250919131642-auto_grown_20250919061642215_inp_hr/surface-volumes/2.401um-0.35m-77keV-volume-20250820154339.zarr,zarr,"micrometer,micrometer,micrometer","2.401,2.401,2.401",2.401,True,consistent,,False
PHerc0009B/segments/20250919131642-auto_grown_20250919061642215_inp_hr,PHerc0009B,8.64um-1.2m-116keV-volume-20250521125136.zarr,PHerc0009B/segments/20250919131642-auto_grown_20250919061642215_inp_hr/surface-volumes/8.64um-1.2m-116keV-volume-20250521125136.zarr,zarr,"micrometer,micrometer,micrometer","8.64,8.64,8.64",8.64,True,consistent,,False
PHerc0009B/segments/20250919132115-auto_grown_20250919062115592_inp_hr,PHerc0009B,2.401um-0.35m-77keV-volume-20250820154339.zarr,PHerc0009B/segments/20250919132115-auto_grown_20250919062115592_inp_hr/surface-volumes/2.401um-0.35m-77keV-volume-20250820154339.zarr,zarr,"micrometer,micrometer,micrometer","2.401,2.401,2.401",2.401,True,consistent,,False
PHerc0009B/segments/20250919132115-auto_grown_20250919062115592_inp_hr,PHerc0009B,8.64um-1.2m-116keV-volume-20250521125136.zarr,PHerc0009B/segments/20250919132115-auto_grown_20250919062115592_inp_hr/surface-volumes/8.64um-1.2m-116keV-volume-20250521125136.zarr,zarr,"micrometer,micrometer,micrometer","8.64,8.64,8.64",8.64,True,consistent,,False
PHerc0009B/segments/20250919133208-auto_grown_20250919063208154_inp_hr,PHerc0009B,2.401um-0.35m-77keV-volume-20250820154339.zarr,PHerc0009B/segments/20250919133208-auto_grown_20250919063208154_inp_hr/surface-volumes/2.401um-0.35m-77keV-volume-20250820154339.zarr,zarr,"micrometer,micrometer,micrometer","2.401,2.401,2.401",2.401,True,consistent,,False
PHerc0009B/segments/20250919133208-auto_grown_20250919063208154_inp_hr,PHerc0009B,8.64um-1.2m-116keV-volume-20250521125136.zarr,PHerc0009B/segments/20250919133208-auto_grown_20250919063208154_inp_hr/surface-volumes/8.64um-1.2m-116keV-volume-20250521125136.zarr,zarr,"micrometer,micrometer,micrometer","8.64,8.64,8.64",8.64,True,consistent,,False
PHerc0009B/segments/20250919135433-auto_grown_20250919065433578_inp_hr,PHerc0009B,2.401um-0.35m-77keV-volume-20250820154339.zarr,PHerc0009B/segments/20250919135433-auto_grown_20250919065433578_inp_hr/surface-volumes/2.401um-0.35m-77keV-volume-20250820154339.zarr,zarr,"micrometer,micrometer,micrometer","2.401,2.401,2.401",2.401,True,consistent,,False
PHerc0009B/segments/20250919135433-auto_grown_20250919065433578_inp_hr,PHerc0009B,8.64um-1.2m-116keV-volume-20250521125136.zarr,PHerc0009B/segments/20250919135433-auto_grown_20250919065433578_inp_hr/surface-volumes/8.64um-1.2m-116keV-volume-20250521125136.zarr,zarr,"micrometer,micrometer,micrometer","8.64,8.64,8.64",8.64,True,consistent,,False
PHerc0009B/segments/20250919135915-auto_grown_20250919065915092_inp_hr,PHerc0009B,2.401um-0.35m-77keV-volume-20250820154339.zarr,PHerc0009B/segments/20250919135915-auto_grown_20250919065915092_inp_hr/surface-volumes/2.401um-0.35m-77keV-volume-20250820154339.zarr,zarr,"micrometer,micrometer,micrometer","2.401,2.401,2.401",2.401,True,consistent,,False
PHerc0009B/segments/20250919135915-auto_grown_20250919065915092_inp_hr,PHerc0009B,8.64um-1.2m-116keV-volume-20250521125136.zarr,PHerc0009B/segments/20250919135915-auto_grown_20250919065915092_inp_hr/surface-volumes/8.64um-1.2m-116keV-volume-20250521125136.zarr,zarr,"micrometer,micrometer,micrometer","8.64,8.64,8.64",8.64,True,consistent,,False
PHerc0009B/segments/20250919140325-auto_grown_20250919070325767_inp_hr,PHerc0009B,2.401um-0.35m-77keV-volume-20250820154339.zarr,PHerc0009B/segments/20250919140325-auto_grown_20250919070325767_inp_hr/surface-volumes/2.401um-0.35m-77keV-volume-20250820154339.zarr,zarr,"micrometer,micrometer,micrometer","2.401,2.401,2.401",2.401,True,consistent,,False
PHerc0009B/segments/20250919140325-auto_grown_20250919070325767_inp_hr,PHerc0009B,8.64um-1.2m-116keV-volume-20250521125136.zarr,PHerc0009B/segments/20250919140325-auto_grown_20250919070325767_inp_hr/surface-volumes/8.64um-1.2m-116keV-volume-20250521125136.zarr,zarr,"micrometer,micrometer,micrometer","8.64,8.64,8.64",8.64,True,consistent,,False
PHerc0139/segments/20250108000000-w025_2025010863,PHerc0139,1.129um-0.22m-59keV-volume-20260413113053-L1.zarr,PHerc0139/segments/20250108000000-w025_2025010863/surface-volumes/1.129um-0.22m-59keV-volume-20260413113053-L1.zarr,zarr,"micrometer,micrometer,micrometer","2.258,2.258,2.258",1.129,False,consistent,,False
PHerc0139/segments/20250108000000-w025_2025010863,PHerc0139,2.399um-0.22m-78keV-volume-20260102150214.zarr,PHerc0139/segments/20250108000000-w025_2025010863/surface-volumes/2.399um-0.22m-78keV-volume-20260102150214.zarr,zarr,"micrometer,micrometer,micrometer","2.399,2.399,2.399",2.399,True,consistent,,False
PHerc0139/segments/20250108000000-w025_2025010863,PHerc0139,9.362um-1.2m-113keV-volume-20250728140407.zarr,PHerc0139/segments/20250108000000-w025_2025010863/surface-volumes/9.362um-1.2m-113keV-volume-20250728140407.zarr,zarr,"micrometer,micrometer,micrometer","9.362,9.362,9.362",9.362,True,consistent,,False
PHerc0139/segments/20250108000001-w026_2025010854,PHerc0139,1.129um-0.22m-59keV-volume-20260413113053-L1.zarr,PHerc0139/segments/20250108000001-w026_2025010854/surface-volumes/1.129um-0.22m-59keV-volume-20260413113053-L1.zarr,zarr,"micrometer,micrometer,micrometer","2.258,2.258,2.258",1.129,False,consistent,,False
PHerc0139/segments/20250108000001-w026_2025010854,PHerc0139,2.399um-0.22m-78keV-volume-20260102150214.zarr,PHerc0139/segments/20250108000001-w026_2025010854/surface-volumes/2.399um-0.22m-78keV-volume-20260102150214.zarr,zarr,"micrometer,micrometer,micrometer","2.399,2.399,2.399",2.399,True,consistent,,False
PHerc0139/segments/20250108000001-w026_2025010854,PHerc0139,9.362um-1.2m-113keV-volume-20250728140407.zarr,PHerc0139/segments/20250108000001-w026_2025010854/surface-volumes/9.362um-1.2m-113keV-volume-20250728140407.zarr,zarr,"micrometer,micrometer,micrometer","9.362,9.362,9.362",9.362,True,consistent,,False
PHerc0139/segments/20250108000002-w027_2025010845,PHerc0139,1.129um-0.22m-59keV-volume-20260413113053-L1.zarr,PHerc0139/segments/20250108000002-w027_2025010845/surface-volumes/1.129um-0.22m-59keV-volume-20260413113053-L1.zarr,zarr,"micrometer,micrometer,micrometer","2.258,2.258,2.258",1.129,False,consistent,,False
PHerc0139/segments/20250108000002-w027_2025010845,PHerc0139,2.399um-0.22m-78keV-volume-20260102150214.zarr,PHerc0139/segments/20250108000002-w027_2025010845/surface-volumes/2.399um-0.22m-78keV-volume-20260102150214.zarr,zarr,"micrometer,micrometer,micrometer","2.399,2.399,2.399",2.399,True,consistent,,False
PHerc0139/segments/20250108000002-w027_2025010845,PHerc0139,9.362um-1.2m-113keV-volume-20250728140407.zarr,PHerc0139/segments/20250108000002-w027_2025010845/surface-volumes/9.362um-1.2m-113keV-volume-20250728140407.zarr,zarr,"micrometer,micrometer,micrometer","9.362,9.362,9.362",9.362,True,consistent,,False
PHerc0139/segments/20250108000003-w028_2025010836,PHerc0139,1.129um-0.22m-59keV-volume-20260413113053-L1.zarr,PHerc0139/segments/20250108000003-w028_2025010836/surface-volumes/1.129um-0.22m-59keV-volume-20260413113053-L1.zarr,zarr,"micrometer,micrometer,micrometer","2.258,2.258,2.258",1.129,False,consistent,,False
PHerc0139/segments/20250108000003-w028_2025010836,PHerc0139,2.399um-0.22m-78keV-volume-20260102150214.zarr,PHerc0139/segments/20250108000003-w028_2025010836/surface-volumes/2.399um-0.22m-78keV-volume-20260102150214.zarr,zarr,"micrometer,micrometer,micrometer","2.399,2.399,2.399",2.399,True,consistent,,False
PHerc0139/segments/20250108000003-w028_2025010836,PHerc0139,9.362um-1.2m-113keV-volume-20250728140407.zarr,PHerc0139/segments/20250108000003-w028_2025010836/surface-volumes/9.362um-1.2m-113keV-volume-20250728140407.zarr,zarr,"micrometer,micrometer,micrometer","9.362,9.362,9.362",9.362,True,consistent,,False
PHerc0139/segments/20250108000004-w029_2025010827,PHerc0139,1.129um-0.22m-59keV-volume-20260413113053-L1.zarr,PHerc0139/segments/20250108000004-w029_2025010827/surface-volumes/1.129um-0.22m-59keV-volume-20260413113053-L1.zarr,zarr,"micrometer,micrometer,micrometer","2.258,2.258,2.258",1.129,False,consistent,,False
PHerc0139/segments/20250108000004-w029_2025010827,PHerc0139,2.399um-0.22m-78keV-volume-20260102150214.zarr,PHerc0139/segments/20250108000004-w029_2025010827/surface-volumes/2.399um-0.22m-78keV-volume-20260102150214.zarr,zarr,"micrometer,micrometer,micrometer","2.399,2.399,2.399",2.399,True,consistent,,False
PHerc0139/segments/20250108000004-w029_2025010827,PHerc0139,9.362um-1.2m-113keV-volume-20250728140407.zarr,PHerc0139/segments/20250108000004-w029_2025010827/surface-volumes/9.362um-1.2m-113keV-volume-20250728140407.zarr,zarr,"micrometer,micrometer,micrometer","9.362,9.362,9.362",9.362,True,consistent,,False
PHerc0139/segments/20250108000005-w030_2025010818,PHerc0139,1.129um-0.22m-59keV-volume-20260413113053-L1.zarr,PHerc0139/segments/20250108000005-w030_2025010818/surface-volumes/1.129um-0.22m-59keV-volume-20260413113053-L1.zarr,zarr,"micrometer,micrometer,micrometer","2.258,2.258,2.258",1.129,False,consistent,,False
PHerc0139/segments/20250108000005-w030_2025010818,PHerc0139,2.399um-0.22m-78keV-volume-20260102150214.zarr,PHerc0139/segments/20250108000005-w030_2025010818/surface-volumes/2.399um-0.22m-78keV-volume-20260102150214.zarr,zarr,"micrometer,micrometer,micrometer","2.399,2.399,2.399",2.399,True,consistent,,False
PHerc0139/segments/20250108000005-w030_2025010818,PHerc0139,9.362um-1.2m-113keV-volume-20250728140407.zarr,PHerc0139/segments/20250108000005-w030_2025010818/surface-volumes/9.362um-1.2m-113keV-volume-20250728140407.zarr,zarr,"micrometer,micrometer,micrometer","9.362,9.362,9.362",9.362,True,consistent,,False
PHerc0139/segments/20250223000000-w059_2025022312,PHerc0139,1.129um-0.22m-59keV-volume-20260413113053-L1.zarr,PHerc0139/segments/20250223000000-w059_2025022312/surface-volumes/1.129um-0.22m-59keV-volume-20260413113053-L1.zarr,zarr,"micrometer,micrometer,micrometer","2.258,2.258,2.258",1.129,False,consistent,,False
PHerc0139/segments/20250223000000-w059_2025022312,PHerc0139,2.399um-0.22m-78keV-volume-20260102150214.zarr,PHerc0139/segments/20250223000000-w059_2025022312/surface-volumes/2.399um-0.22m-78keV-volume-20260102150214.zarr,zarr,"micrometer,micrometer,micrometer","2.399,2.399,2.399",2.399,True,consistent,,False
PHerc0139/segments/20250223000000-w059_2025022312,PHerc0139,9.362um-1.2m-113keV-volume-20250728140407.zarr,PHerc0139/segments/20250223000000-w059_2025022312/surface-volumes/9.362um-1.2m-113keV-volume-20250728140407.zarr,zarr,"micrometer,micrometer,micrometer","9.362,9.362,9.362",9.362,True,consistent,,False
PHerc0139/segments/20250831000000-w040_2025083102,PHerc0139,1.129um-0.22m-59keV-volume-20260413113053-L1.zarr,PHerc0139/segments/20250831000000-w040_2025083102/surface-volumes/1.129um-0.22m-59keV-volume-20260413113053-L1.zarr,zarr,"micrometer,micrometer,micrometer","2.258,2.258,2.258",1.129,False,consistent,,False
PHerc0139/segments/20250831000000-w040_2025083102,PHerc0139,2.399um-0.22m-78keV-volume-20260102150214.zarr,PHerc0139/segments/20250831000000-w040_2025083102/surface-volumes/2.399um-0.22m-78keV-volume-20260102150214.zarr,zarr,"micrometer,micrometer,micrometer","2.399,2.399,2.399",2.399,True,consistent,,False
PHerc0139/segments/20250831000000-w040_2025083102,PHerc0139,9.362um-1.2m-113keV-volume-20250728140407.zarr,PHerc0139/segments/20250831000000-w040_2025083102/surface-volumes/9.362um-1.2m-113keV-volume-20250728140407.zarr,zarr,"micrometer,micrometer,micrometer","9.362,9.362,9.362",9.362,True,consistent,,False
PHerc0139/segments/20251226000000-w055_2025122611,PHerc0139,1.129um-0.22m-59keV-volume-20260413113053-L1.zarr,PHerc0139/segments/20251226000000-w055_2025122611/surface-volumes/1.129um-0.22m-59keV-volume-20260413113053-L1.zarr,zarr,"micrometer,micrometer,micrometer","2.258,2.258,2.258",1.129,False,consistent,,False
PHerc0139/segments/20251226000000-w055_2025122611,PHerc0139,2.399um-0.22m-78keV-volume-20260102150214.zarr,PHerc0139/segments/20251226000000-w055_2025122611/surface-volumes/2.399um-0.22m-78keV-volume-20260102150214.zarr,zarr,"micrometer,micrometer,micrometer","2.399,2.399,2.399",2.399,True,consistent,,False
PHerc0139/segments/20251226000000-w055_2025122611,PHerc0139,9.362um-1.2m-113keV-volume-20250728140407.zarr,PHerc0139/segments/20251226000000-w055_2025122611/surface-volumes/9.362um-1.2m-113keV-volume-20250728140407.zarr,zarr,"micrometer,micrometer,micrometer","9.362,9.362,9.362",9.362,True,consistent,,False
PHerc0139/segments/20260108000000-w041_2026010816,PHerc0139,1.129um-0.22m-59keV-volume-20260413113053-L1.zarr,PHerc0139/segments/20260108000000-w041_2026010816/surface-volumes/1.129um-0.22m-59keV-volume-20260413113053-L1.zarr,zarr,"micrometer,micrometer,micrometer","2.258,2.258,2.258",1.129,False,consistent,,False
PHerc0139/segments/20260108000000-w041_2026010816,PHerc0139,2.399um-0.22m-78keV-volume-20260102150214.zarr,PHerc0139/segments/20260108000000-w041_2026010816/surface-volumes/2.399um-0.22m-78keV-volume-20260102150214.zarr,zarr,"micrometer,micrometer,micrometer","2.399,2.399,2.399",2.399,True,consistent,,False
PHerc0139/segments/20260108000000-w041_2026010816,PHerc0139,9.362um-1.2m-113keV-volume-20250728140407.zarr,PHerc0139/segments/20260108000000-w041_2026010816/surface-volumes/9.362um-1.2m-113keV-volume-20250728140407.zarr,zarr,"micrometer,micrometer,micrometer","9.362,9.362,9.362",9.362,True,consistent,,False
PHerc0139/segments/20260112000000-w043_2026011217,PHerc0139,1.129um-0.22m-59keV-volume-20260413113053-L1.zarr,PHerc0139/segments/20260112000000-w043_2026011217/surface-volumes/1.129um-0.22m-59keV-volume-20260413113053-L1.zarr,zarr,"micrometer,micrometer,micrometer","2.258,2.258,2.258",1.129,False,consistent,,False
PHerc0139/segments/20260112000000-w043_2026011217,PHerc0139,2.399um-0.22m-78keV-volume-20260102150214.zarr,PHerc0139/segments/20260112000000-w043_2026011217/surface-volumes/2.399um-0.22m-78keV-volume-20260102150214.zarr,zarr,"micrometer,micrometer,micrometer","2.399,2.399,2.399",2.399,True,consistent,,False
PHerc0139/segments/20260112000000-w043_2026011217,PHerc0139,9.362um-1.2m-113keV-volume-20250728140407.zarr,PHerc0139/segments/20260112000000-w043_2026011217/surface-volumes/9.362um-1.2m-113keV-volume-20250728140407.zarr,zarr,"micrometer,micrometer,micrometer","9.362,9.362,9.362",9.362,True,consistent,,False
PHerc0139/segments/20260115000000-w044_2026011522,PHerc0139,1.129um-0.22m-59keV-volume-20260413113053-L1.zarr,PHerc0139/segments/20260115000000-w044_2026011522/surface-volumes/1.129um-0.22m-59keV-volume-20260413113053-L1.zarr,zarr,"micrometer,micrometer,micrometer","2.258,2.258,2.258",1.129,False,consistent,,False
PHerc0139/segments/20260115000000-w044_2026011522,PHerc0139,2.399um-0.22m-78keV-volume-20260102150214.zarr,PHerc0139/segments/20260115000000-w044_2026011522/surface-volumes/2.399um-0.22m-78keV-volume-20260102150214.zarr,zarr,"micrometer,micrometer,micrometer","2.399,2.399,2.399",2.399,True,consistent,,False
PHerc0139/segments/20260115000000-w044_2026011522,PHerc0139,9.362um-1.2m-113keV-volume-20250728140407.zarr,PHerc0139/segments/20260115000000-w044_2026011522/surface-volumes/9.362um-1.2m-113keV-volume-20250728140407.zarr,zarr,"micrometer,micrometer,micrometer","9.362,9.362,9.362",9.362,True,consistent,,False
PHerc0139/segments/20260115000001-w056_2026011514,PHerc0139,1.129um-0.22m-59keV-volume-20260413113053-L1.zarr,PHerc0139/segments/20260115000001-w056_2026011514/surface-volumes/1.129um-0.22m-59keV-volume-20260413113053-L1.zarr,zarr,"micrometer,micrometer,micrometer","2.258,2.258,2.258",1.129,False,consistent,,False
PHerc0139/segments/20260115000001-w056_2026011514,PHerc0139,2.399um-0.22m-78keV-volume-20260102150214.zarr,PHerc0139/segments/20260115000001-w056_2026011514/surface-volumes/2.399um-0.22m-78keV-volume-20260102150214.zarr,zarr,"micrometer,micrometer,micrometer","2.399,2.399,2.399",2.399,True,consistent,,False
PHerc0139/segments/20260115000001-w056_2026011514,PHerc0139,9.362um-1.2m-113keV-volume-20250728140407.zarr,PHerc0139/segments/20260115000001-w056_2026011514/surface-volumes/9.362um-1.2m-113keV-volume-20250728140407.zarr,zarr,"micrometer,micrometer,micrometer","9.362,9.362,9.362",9.362,True,consistent,,False
PHerc0139/segments/20260126000000-w045_2026012619,PHerc0139,1.129um-0.22m-59keV-volume-20260413113053-L1.zarr,PHerc0139/segments/20260126000000-w045_2026012619/surface-volumes/1.129um-0.22m-59keV-volume-20260413113053-L1.zarr,zarr,"micrometer,micrometer,micrometer","2.258,2.258,2.258",1.129,False,consistent,,False
PHerc0139/segments/20260126000000-w045_2026012619,PHerc0139,2.399um-0.22m-78keV-volume-20260102150214.zarr,PHerc0139/segments/20260126000000-w045_2026012619/surface-volumes/2.399um-0.22m-78keV-volume-20260102150214.zarr,zarr,"micrometer,micrometer,micrometer","2.399,2.399,2.399",2.399,True,consistent,,False
PHerc0139/segments/20260126000000-w045_2026012619,PHerc0139,9.362um-1.2m-113keV-volume-20250728140407.zarr,PHerc0139/segments/20260126000000-w045_2026012619/surface-volumes/9.362um-1.2m-113keV-volume-20250728140407.zarr,zarr,"micrometer,micrometer,micrometer","9.362,9.362,9.362",9.362,True,consistent,,False
PHerc0139/segments/20260127000000-w057_2026012713,PHerc0139,1.129um-0.22m-59keV-volume-20260413113053-L1.zarr,PHerc0139/segments/20260127000000-w057_2026012713/surface-volumes/1.129um-0.22m-59keV-volume-20260413113053-L1.zarr,zarr,"micrometer,micrometer,micrometer","2.258,2.258,2.258",1.129,False,consistent,,False
PHerc0139/segments/20260127000000-w057_2026012713,PHerc0139,2.399um-0.22m-78keV-volume-20260102150214.zarr,PHerc0139/segments/20260127000000-w057_2026012713/surface-volumes/2.399um-0.22m-78keV-volume-20260102150214.zarr,zarr,"micrometer,micrometer,micrometer","2.399,2.399,2.399",2.399,True,consistent,,False
PHerc0139/segments/20260127000000-w057_2026012713,PHerc0139,9.362um-1.2m-113keV-volume-20250728140407.zarr,PHerc0139/segments/20260127000000-w057_2026012713/surface-volumes/9.362um-1.2m-113keV-volume-20250728140407.zarr,zarr,"micrometer,micrometer,micrometer","9.362,9.362,9.362",9.362,True,consistent,,False
PHerc0139/segments/20260130000000-w031_2026013019,PHerc0139,1.129um-0.22m-59keV-volume-20260413113053-L1.zarr,PHerc0139/segments/20260130000000-w031_2026013019/surface-volumes/1.129um-0.22m-59keV-volume-20260413113053-L1.zarr,zarr,"micrometer,micrometer,micrometer","2.258,2.258,2.258",1.129,False,consistent,,False
PHerc0139/segments/20260130000000-w031_2026013019,PHerc0139,2.399um-0.22m-78keV-volume-20260102150214.zarr,PHerc0139/segments/20260130000000-w031_2026013019/surface-volumes/2.399um-0.22m-78keV-volume-20260102150214.zarr,zarr,"micrometer,micrometer,micrometer","2.399,2.399,2.399",2.399,True,consistent,,False
PHerc0139/segments/20260130000000-w031_2026013019,PHerc0139,9.362um-1.2m-113keV-volume-20250728140407.zarr,PHerc0139/segments/20260130000000-w031_2026013019/surface-volumes/9.362um-1.2m-113keV-volume-20250728140407.zarr,zarr,"micrometer,micrometer,micrometer","9.362,9.362,9.362",9.362,True,consistent,,False
PHerc0139/segments/20260203000000-w032_2026020303,PHerc0139,1.129um-0.22m-59keV-volume-20260413113053-L1.zarr,PHerc0139/segments/20260203000000-w032_2026020303/surface-volumes/1.129um-0.22m-59keV-volume-20260413113053-L1.zarr,zarr,"micrometer,micrometer,micrometer","2.258,2.258,2.258",1.129,False,consistent,,False
PHerc0139/segments/20260203000000-w032_2026020303,PHerc0139,2.399um-0.22m-78keV-volume-20260102150214.zarr,PHerc0139/segments/20260203000000-w032_2026020303/surface-volumes/2.399um-0.22m-78keV-volume-20260102150214.zarr,zarr,"micrometer,micrometer,micrometer","2.399,2.399,2.399",2.399,True,consistent,,False
PHerc0139/segments/20260203000000-w032_2026020303,PHerc0139,9.362um-1.2m-113keV-volume-20250728140407.zarr,PHerc0139/segments/20260203000000-w032_2026020303/surface-volumes/9.362um-1.2m-113keV-volume-20250728140407.zarr,zarr,"micrometer,micrometer,micrometer","9.362,9.362,9.362",9.362,True,consistent,,False
PHerc0139/segments/20260206000000-w042_2026020613,PHerc0139,1.129um-0.22m-59keV-volume-20260413113053-L1.zarr,PHerc0139/segments/20260206000000-w042_2026020613/surface-volumes/1.129um-0.22m-59keV-volume-20260413113053-L1.zarr,zarr,"micrometer,micrometer,micrometer","2.258,2.258,2.258",1.129,False,consistent,,False
PHerc0139/segments/20260206000000-w042_2026020613,PHerc0139,2.399um-0.22m-78keV-volume-20260102150214.zarr,PHerc0139/segments/20260206000000-w042_2026020613/surface-volumes/2.399um-0.22m-78keV-volume-20260102150214.zarr,zarr,"micrometer,micrometer,micrometer","2.399,2.399,2.399",2.399,True,consistent,,False
PHerc0139/segments/20260206000000-w042_2026020613,PHerc0139,9.362um-1.2m-113keV-volume-20250728140407.zarr,PHerc0139/segments/20260206000000-w042_2026020613/surface-volumes/9.362um-1.2m-113keV-volume-20250728140407.zarr,zarr,"micrometer,micrometer,micrometer","9.362,9.362,9.362",9.362,True,consistent,,False
PHerc0139/segments/20260206000001-w047_2026020613,PHerc0139,1.129um-0.22m-59keV-volume-20260413113053-L1.zarr,PHerc0139/segments/20260206000001-w047_2026020613/surface-volumes/1.129um-0.22m-59keV-volume-20260413113053-L1.zarr,zarr,"micrometer,micrometer,micrometer","2.258,2.258,2.258",1.129,False,consistent,,False
PHerc0139/segments/20260206000001-w047_2026020613,PHerc0139,2.399um-0.22m-78keV-volume-20260102150214.zarr,PHerc0139/segments/20260206000001-w047_2026020613/surface-volumes/2.399um-0.22m-78keV-volume-20260102150214.zarr,zarr,"micrometer,micrometer,micrometer","2.399,2.399,2.399",2.399,True,consistent,,False
PHerc0139/segments/20260206000001-w047_2026020613,PHerc0139,9.362um-1.2m-113keV-volume-20250728140407.zarr,PHerc0139/segments/20260206000001-w047_2026020613/surface-volumes/9.362um-1.2m-113keV-volume-20250728140407.zarr,zarr,"micrometer,micrometer,micrometer","9.362,9.362,9.362",9.362,True,consistent,,False
PHerc0139/segments/20260206000002-w054_2026020617,PHerc0139,1.129um-0.22m-59keV-volume-20260413113053-L1.zarr,PHerc0139/segments/20260206000002-w054_2026020617/surface-volumes/1.129um-0.22m-59keV-volume-20260413113053-L1.zarr,zarr,"micrometer,micrometer,micrometer","2.258,2.258,2.258",1.129,False,consistent,,False
PHerc0139/segments/20260206000002-w054_2026020617,PHerc0139,2.399um-0.22m-78keV-volume-20260102150214.zarr,PHerc0139/segments/20260206000002-w054_2026020617/surface-volumes/2.399um-0.22m-78keV-volume-20260102150214.zarr,zarr,"micrometer,micrometer,micrometer","2.399,2.399,2.399",2.399,True,consistent,,False
PHerc0139/segments/20260206000002-w054_2026020617,PHerc0139,9.362um-1.2m-113keV-volume-20250728140407.zarr,PHerc0139/segments/20260206000002-w054_2026020617/surface-volumes/9.362um-1.2m-113keV-volume-20250728140407.zarr,zarr,"micrometer,micrometer,micrometer","9.362,9.362,9.362",9.362,True,consistent,,False
PHerc0139/segments/20260210000000-w058_2026021020,PHerc0139,1.129um-0.22m-59keV-volume-20260413113053-L1.zarr,PHerc0139/segments/20260210000000-w058_2026021020/surface-volumes/1.129um-0.22m-59keV-volume-20260413113053-L1.zarr,zarr,"micrometer,micrometer,micrometer","2.258,2.258,2.258",1.129,False,consistent,,False
PHerc0139/segments/20260210000000-w058_2026021020,PHerc0139,2.399um-0.22m-78keV-volume-20260102150214.zarr,PHerc0139/segments/20260210000000-w058_2026021020/surface-volumes/2.399um-0.22m-78keV-volume-20260102150214.zarr,zarr,"micrometer,micrometer,micrometer","2.399,2.399,2.399",2.399,True,consistent,,False
PHerc0139/segments/20260210000000-w058_2026021020,PHerc0139,9.362um-1.2m-113keV-volume-20250728140407.zarr,PHerc0139/segments/20260210000000-w058_2026021020/surface-volumes/9.362um-1.2m-113keV-volume-20250728140407.zarr,zarr,"micrometer,micrometer,micrometer","9.362,9.362,9.362",9.362,True,consistent,,False
PHerc0139/segments/20260215000000-w024_2026021572,PHerc0139,1.129um-0.22m-59keV-volume-20260413113053-L1.zarr,PHerc0139/segments/20260215000000-w024_2026021572/surface-volumes/1.129um-0.22m-59keV-volume-20260413113053-L1.zarr,zarr,"micrometer,micrometer,micrometer","2.258,2.258,2.258",1.129,False,consistent,,False
PHerc0139/segments/20260215000000-w024_2026021572,PHerc0139,2.399um-0.22m-78keV-volume-20260102150214.zarr,PHerc0139/segments/20260215000000-w024_2026021572/surface-volumes/2.399um-0.22m-78keV-volume-20260102150214.zarr,zarr,"micrometer,micrometer,micrometer","2.399,2.399,2.399",2.399,True,consistent,,False
PHerc0139/segments/20260215000000-w024_2026021572,PHerc0139,9.362um-1.2m-113keV-volume-20250728140407.zarr,PHerc0139/segments/20260215000000-w024_2026021572/surface-volumes/9.362um-1.2m-113keV-volume-20250728140407.zarr,zarr,"micrometer,micrometer,micrometer","9.362,9.362,9.362",9.362,True,consistent,,False
PHerc0139/segments/20260219000000-w033_2026021913,PHerc0139,1.129um-0.22m-59keV-volume-20260413113053-L1.zarr,PHerc0139/segments/20260219000000-w033_2026021913/surface-volumes/1.129um-0.22m-59keV-volume-20260413113053-L1.zarr,zarr,"micrometer,micrometer,micrometer","2.258,2.258,2.258",1.129,False,consistent,,False
PHerc0139/segments/20260219000000-w033_2026021913,PHerc0139,2.399um-0.22m-78keV-volume-20260102150214.zarr,PHerc0139/segments/20260219000000-w033_2026021913/surface-volumes/2.399um-0.22m-78keV-volume-20260102150214.zarr,zarr,"micrometer,micrometer,micrometer","2.399,2.399,2.399",2.399,True,consistent,,False
PHerc0139/segments/20260219000000-w033_2026021913,PHerc0139,9.362um-1.2m-113keV-volume-20250728140407.zarr,PHerc0139/segments/20260219000000-w033_2026021913/surface-volumes/9.362um-1.2m-113keV-volume-20250728140407.zarr,zarr,"micrometer,micrometer,micrometer","9.362,9.362,9.362",9.362,True,consistent,,False
PHerc0139/segments/20260219000001-w048_2026021912,PHerc0139,1.129um-0.22m-59keV-volume-20260413113053-L1.zarr,PHerc0139/segments/20260219000001-w048_2026021912/surface-volumes/1.129um-0.22m-59keV-volume-20260413113053-L1.zarr,zarr,"micrometer,micrometer,micrometer","2.258,2.258,2.258",1.129,False,consistent,,False
PHerc0139/segments/20260219000001-w048_2026021912,PHerc0139,2.399um-0.22m-78keV-volume-20260102150214.zarr,PHerc0139/segments/20260219000001-w048_2026021912/surface-volumes/2.399um-0.22m-78keV-volume-20260102150214.zarr,zarr,"micrometer,micrometer,micrometer","2.399,2.399,2.399",2.399,True,consistent,,False
PHerc0139/segments/20260219000001-w048_2026021912,PHerc0139,9.362um-1.2m-113keV-volume-20250728140407.zarr,PHerc0139/segments/20260219000001-w048_2026021912/surface-volumes/9.362um-1.2m-113keV-volume-20250728140407.zarr,zarr,"micrometer,micrometer,micrometer","9.362,9.362,9.362",9.362,True,consistent,,False
PHerc0139/segments/20260220000000-w053_2026022021,PHerc0139,1.129um-0.22m-59keV-volume-20260413113053-L1.zarr,PHerc0139/segments/20260220000000-w053_2026022021/surface-volumes/1.129um-0.22m-59keV-volume-20260413113053-L1.zarr,zarr,"micrometer,micrometer,micrometer","2.258,2.258,2.258",1.129,False,consistent,,False
PHerc0139/segments/20260220000000-w053_2026022021,PHerc0139,2.399um-0.22m-78keV-volume-20260102150214.zarr,PHerc0139/segments/20260220000000-w053_2026022021/surface-volumes/2.399um-0.22m-78keV-volume-20260102150214.zarr,zarr,"micrometer,micrometer,micrometer","2.399,2.399,2.399",2.399,True,consistent,,False
PHerc0139/segments/20260220000000-w053_2026022021,PHerc0139,9.362um-1.2m-113keV-volume-20250728140407.zarr,PHerc0139/segments/20260220000000-w053_2026022021/surface-volumes/9.362um-1.2m-113keV-volume-20250728140407.zarr,zarr,"micrometer,micrometer,micrometer","9.362,9.362,9.362",9.362,True,consistent,,False
PHerc0139/segments/20260227000000-w052_2026022705,PHerc0139,1.129um-0.22m-59keV-volume-20260413113053-L1.zarr,PHerc0139/segments/20260227000000-w052_2026022705/surface-volumes/1.129um-0.22m-59keV-volume-20260413113053-L1.zarr,zarr,"micrometer,micrometer,micrometer","2.258,2.258,2.258",1.129,False,consistent,,False
PHerc0139/segments/20260227000000-w052_2026022705,PHerc0139,2.399um-0.22m-78keV-volume-20260102150214.zarr,PHerc0139/segments/20260227000000-w052_2026022705/surface-volumes/2.399um-0.22m-78keV-volume-20260102150214.zarr,zarr,"micrometer,micrometer,micrometer","2.399,2.399,2.399",2.399,True,consistent,,False
PHerc0139/segments/20260227000000-w052_2026022705,PHerc0139,9.362um-1.2m-113keV-volume-20250728140407.zarr,PHerc0139/segments/20260227000000-w052_2026022705/surface-volumes/9.362um-1.2m-113keV-volume-20250728140407.zarr,zarr,"micrometer,micrometer,micrometer","9.362,9.362,9.362",9.362,True,consistent,,False
PHerc0139/segments/20260302000000-w039_2026030210,PHerc0139,1.129um-0.22m-59keV-volume-20260413113053-L1.zarr,PHerc0139/segments/20260302000000-w039_2026030210/surface-volumes/1.129um-0.22m-59keV-volume-20260413113053-L1.zarr,zarr,"micrometer,micrometer,micrometer","2.258,2.258,2.258",1.129,False,consistent,,False
PHerc0139/segments/20260302000000-w039_2026030210,PHerc0139,2.399um-0.22m-78keV-volume-20260102150214.zarr,PHerc0139/segments/20260302000000-w039_2026030210/surface-volumes/2.399um-0.22m-78keV-volume-20260102150214.zarr,zarr,"micrometer,micrometer,micrometer","2.399,2.399,2.399",2.399,True,consistent,,False
PHerc0139/segments/20260302000000-w039_2026030210,PHerc0139,9.362um-1.2m-113keV-volume-20250728140407.zarr,PHerc0139/segments/20260302000000-w039_2026030210/surface-volumes/9.362um-1.2m-113keV-volume-20250728140407.zarr,zarr,"micrometer,micrometer,micrometer","9.362,9.362,9.362",9.362,True,consistent,,False
PHerc0139/segments/20260302000001-w050_2026030220,PHerc0139,1.129um-0.22m-59keV-volume-20260413113053-L1.zarr,PHerc0139/segments/20260302000001-w050_2026030220/surface-volumes/1.129um-0.22m-59keV-volume-20260413113053-L1.zarr,zarr,"micrometer,micrometer,micrometer","2.258,2.258,2.258",1.129,False,consistent,,False
PHerc0139/segments/20260302000001-w050_2026030220,PHerc0139,1.129um-0.22m-59keV-volume-20260413113053.zarr,PHerc0139/segments/20260302000001-w050_2026030220/surface-volumes/1.129um-0.22m-59keV-volume-20260413113053.zarr,zarr,"micrometer,micrometer,micrometer","1.129,1.129,1.129",1.129,True,consistent,,False
PHerc0139/segments/20260302000001-w050_2026030220,PHerc0139,2.399um-0.22m-78keV-volume-20260102150214.zarr,PHerc0139/segments/20260302000001-w050_2026030220/surface-volumes/2.399um-0.22m-78keV-volume-20260102150214.zarr,zarr,"micrometer,micrometer,micrometer","2.399,2.399,2.399",2.399,True,consistent,,False
PHerc0139/segments/20260302000001-w050_2026030220,PHerc0139,9.362um-1.2m-113keV-volume-20250728140407.zarr,PHerc0139/segments/20260302000001-w050_2026030220/surface-volumes/9.362um-1.2m-113keV-volume-20250728140407.zarr,zarr,"micrometer,micrometer,micrometer","9.362,9.362,9.362",9.362,True,consistent,,False
PHerc0139/segments/20260303000000-w034_2026030317,PHerc0139,1.129um-0.22m-59keV-volume-20260413113053-L1.zarr,PHerc0139/segments/20260303000000-w034_2026030317/surface-volumes/1.129um-0.22m-59keV-volume-20260413113053-L1.zarr,zarr,"micrometer,micrometer,micrometer","2.258,2.258,2.258",1.129,False,consistent,,False
PHerc0139/segments/20260303000000-w034_2026030317,PHerc0139,2.399um-0.22m-78keV-volume-20260102150214.zarr,PHerc0139/segments/20260303000000-w034_2026030317/surface-volumes/2.399um-0.22m-78keV-volume-20260102150214.zarr,zarr,"micrometer,micrometer,micrometer","2.399,2.399,2.399",2.399,True,consistent,,False
PHerc0139/segments/20260303000000-w034_2026030317,PHerc0139,9.362um-1.2m-113keV-volume-20250728140407.zarr,PHerc0139/segments/20260303000000-w034_2026030317/surface-volumes/9.362um-1.2m-113keV-volume-20250728140407.zarr,zarr,"micrometer,micrometer,micrometer","9.362,9.362,9.362",9.362,True,consistent,,False
PHerc0139/segments/20260306000000-w038_2026030608,PHerc0139,1.129um-0.22m-59keV-volume-20260413113053-L1.zarr,PHerc0139/segments/20260306000000-w038_2026030608/surface-volumes/1.129um-0.22m-59keV-volume-20260413113053-L1.zarr,zarr,"micrometer,micrometer,micrometer","2.258,2.258,2.258",1.129,False,consistent,,False
PHerc0139/segments/20260306000000-w038_2026030608,PHerc0139,2.399um-0.22m-78keV-volume-20260102150214.zarr,PHerc0139/segments/20260306000000-w038_2026030608/surface-volumes/2.399um-0.22m-78keV-volume-20260102150214.zarr,zarr,"micrometer,micrometer,micrometer","2.399,2.399,2.399",2.399,True,consistent,,False
PHerc0139/segments/20260306000000-w038_2026030608,PHerc0139,9.362um-1.2m-113keV-volume-20250728140407.zarr,PHerc0139/segments/20260306000000-w038_2026030608/surface-volumes/9.362um-1.2m-113keV-volume-20250728140407.zarr,zarr,"micrometer,micrometer,micrometer","9.362,9.362,9.362",9.362,True,consistent,,False
PHerc0139/segments/20260306000001-w051_2026030600,PHerc0139,1.129um-0.22m-59keV-volume-20260413113053-L1.zarr,PHerc0139/segments/20260306000001-w051_2026030600/surface-volumes/1.129um-0.22m-59keV-volume-20260413113053-L1.zarr,zarr,"micrometer,micrometer,micrometer","2.258,2.258,2.258",1.129,False,consistent,,False
PHerc0139/segments/20260306000001-w051_2026030600,PHerc0139,2.399um-0.22m-78keV-volume-20260102150214.zarr,PHerc0139/segments/20260306000001-w051_2026030600/surface-volumes/2.399um-0.22m-78keV-volume-20260102150214.zarr,zarr,"micrometer,micrometer,micrometer","2.399,2.399,2.399",2.399,True,consistent,,False
PHerc0139/segments/20260306000001-w051_2026030600,PHerc0139,9.362um-1.2m-113keV-volume-20250728140407.zarr,PHerc0139/segments/20260306000001-w051_2026030600/surface-volumes/9.362um-1.2m-113keV-volume-20250728140407.zarr,zarr,"micrometer,micrometer,micrometer","9.362,9.362,9.362",9.362,True,consistent,,False
PHerc0139/segments/20260310000000-w037_2026031015,PHerc0139,1.129um-0.22m-59keV-volume-20260413113053-L1.zarr,PHerc0139/segments/20260310000000-w037_2026031015/surface-volumes/1.129um-0.22m-59keV-volume-20260413113053-L1.zarr,zarr,"micrometer,micrometer,micrometer","2.258,2.258,2.258",1.129,False,consistent,,False
PHerc0139/segments/20260310000000-w037_2026031015,PHerc0139,2.399um-0.22m-78keV-volume-20260102150214.zarr,PHerc0139/segments/20260310000000-w037_2026031015/surface-volumes/2.399um-0.22m-78keV-volume-20260102150214.zarr,zarr,"micrometer,micrometer,micrometer","2.399,2.399,2.399",2.399,True,consistent,,False
PHerc0139/segments/20260310000000-w037_2026031015,PHerc0139,9.362um-1.2m-113keV-volume-20250728140407.zarr,PHerc0139/segments/20260310000000-w037_2026031015/surface-volumes/9.362um-1.2m-113keV-volume-20250728140407.zarr,zarr,"micrometer,micrometer,micrometer","9.362,9.362,9.362",9.362,True,consistent,,False
PHerc0139/segments/20260311000000-w023_202603112281,PHerc0139,1.129um-0.22m-59keV-volume-20260413113053-L1.zarr,PHerc0139/segments/20260311000000-w023_202603112281/surface-volumes/1.129um-0.22m-59keV-volume-20260413113053-L1.zarr,zarr,"micrometer,micrometer,micrometer","2.258,2.258,2.258",1.129,False,consistent,,False
PHerc0139/segments/20260311000000-w023_202603112281,PHerc0139,2.399um-0.22m-78keV-volume-20260102150214.zarr,PHerc0139/segments/20260311000000-w023_202603112281/surface-volumes/2.399um-0.22m-78keV-volume-20260102150214.zarr,zarr,"micrometer,micrometer,micrometer","2.399,2.399,2.399",2.399,True,consistent,,False
PHerc0139/segments/20260311000000-w023_202603112281,PHerc0139,9.362um-1.2m-113keV-volume-20250728140407.zarr,PHerc0139/segments/20260311000000-w023_202603112281/surface-volumes/9.362um-1.2m-113keV-volume-20250728140407.zarr,zarr,"micrometer,micrometer,micrometer","9.362,9.362,9.362",9.362,True,consistent,,False
PHerc0139/segments/20260316000000-w036_2026031607,PHerc0139,1.129um-0.22m-59keV-volume-20260413113053-L1.zarr,PHerc0139/segments/20260316000000-w036_2026031607/surface-volumes/1.129um-0.22m-59keV-volume-20260413113053-L1.zarr,zarr,"micrometer,micrometer,micrometer","2.258,2.258,2.258",1.129,False,consistent,,False
PHerc0139/segments/20260316000000-w036_2026031607,PHerc0139,2.399um-0.22m-78keV-volume-20260102150214.zarr,PHerc0139/segments/20260316000000-w036_2026031607/surface-volumes/2.399um-0.22m-78keV-volume-20260102150214.zarr,zarr,"micrometer,micrometer,micrometer","2.399,2.399,2.399",2.399,True,consistent,,False
PHerc0139/segments/20260316000000-w036_2026031607,PHerc0139,9.362um-1.2m-113keV-volume-20250728140407.zarr,PHerc0139/segments/20260316000000-w036_2026031607/surface-volumes/9.362um-1.2m-113keV-volume-20250728140407.zarr,zarr,"micrometer,micrometer,micrometer","9.362,9.362,9.362",9.362,True,consistent,,False
PHerc0139/segments/20260317000000-w035_2026031718,PHerc0139,1.129um-0.22m-59keV-volume-20260413113053-L1.zarr,PHerc0139/segments/20260317000000-w035_2026031718/surface-volumes/1.129um-0.22m-59keV-volume-20260413113053-L1.zarr,zarr,"micrometer,micrometer,micrometer","2.258,2.258,2.258",1.129,False,consistent,,False
PHerc0139/segments/20260317000000-w035_2026031718,PHerc0139,2.399um-0.22m-78keV-volume-20260102150214.zarr,PHerc0139/segments/20260317000000-w035_2026031718/surface-volumes/2.399um-0.22m-78keV-volume-20260102150214.zarr,zarr,"micrometer,micrometer,micrometer","2.399,2.399,2.399",2.399,True,consistent,,False
PHerc0139/segments/20260317000000-w035_2026031718,PHerc0139,9.362um-1.2m-113keV-volume-20250728140407.zarr,PHerc0139/segments/20260317000000-w035_2026031718/surface-volumes/9.362um-1.2m-113keV-volume-20250728140407.zarr,zarr,"micrometer,micrometer,micrometer","9.362,9.362,9.362",9.362,True,consistent,,False
PHerc0139/segments/20260318000000-w049_20260318,PHerc0139,1.129um-0.22m-59keV-volume-20260413113053-L1.zarr,PHerc0139/segments/20260318000000-w049_20260318/surface-volumes/1.129um-0.22m-59keV-volume-20260413113053-L1.zarr,zarr,"micrometer,micrometer,micrometer","2.258,2.258,2.258",1.129,False,consistent,,False
PHerc0139/segments/20260318000000-w049_20260318,PHerc0139,2.399um-0.22m-78keV-volume-20260102150214.zarr,PHerc0139/segments/20260318000000-w049_20260318/surface-volumes/2.399um-0.22m-78keV-volume-20260102150214.zarr,zarr,"micrometer,micrometer,micrometer","2.399,2.399,2.399",2.399,True,consistent,,False
PHerc0139/segments/20260318000000-w049_20260318,PHerc0139,9.362um-1.2m-113keV-volume-20250728140407.zarr,PHerc0139/segments/20260318000000-w049_20260318/surface-volumes/9.362um-1.2m-113keV-volume-20250728140407.zarr,zarr,"micrometer,micrometer,micrometer","9.362,9.362,9.362",9.362,True,consistent,,False
PHerc0139/segments/20260325000000-w046_20260325,PHerc0139,1.129um-0.22m-59keV-volume-20260413113053-L1.zarr,PHerc0139/segments/20260325000000-w046_20260325/surface-volumes/1.129um-0.22m-59keV-volume-20260413113053-L1.zarr,zarr,"micrometer,micrometer,micrometer","2.258,2.258,2.258",1.129,False,consistent,,False
PHerc0139/segments/20260325000000-w046_20260325,PHerc0139,2.399um-0.22m-78keV-volume-20260102150214.zarr,PHerc0139/segments/20260325000000-w046_20260325/surface-volumes/2.399um-0.22m-78keV-volume-20260102150214.zarr,zarr,"micrometer,micrometer,micrometer","2.399,2.399,2.399",2.399,True,consistent,,False
PHerc0139/segments/20260325000000-w046_20260325,PHerc0139,9.362um-1.2m-113keV-volume-20250728140407.zarr,PHerc0139/segments/20260325000000-w046_20260325/surface-volumes/9.362um-1.2m-113keV-volume-20250728140407.zarr,zarr,"micrometer,micrometer,micrometer","9.362,9.362,9.362",9.362,True,consistent,,False
PHerc0139/segments/20260422000000-title_2026042222_zmid_flatboi,PHerc0139,2.399um-0.22m-78keV-volume-20260102150214.zarr,PHerc0139/segments/20260422000000-title_2026042222_zmid_flatboi/surface-volumes/2.399um-0.22m-78keV-volume-20260102150214.zarr,zarr,"micrometer,micrometer,micrometer","2.399,2.399,2.399",2.399,True,consistent,,False
PHerc0139/segments/20260422000000-title_2026042222_zmid_flatboi,PHerc0139,9.362um-1.2m-113keV-volume-20250728140407.zarr,PHerc0139/segments/20260422000000-title_2026042222_zmid_flatboi/surface-volumes/9.362um-1.2m-113keV-volume-20250728140407.zarr,zarr,"micrometer,micrometer,micrometer","9.362,9.362,9.362",9.362,True,consistent,,False
PHerc0172/segments/20250917143559-w062_20250917143559205_flatboi,PHerc0172,7.91um-53keV-volume-20241024131838.zarr,PHerc0172/segments/20250917143559-w062_20250917143559205_flatboi/surface-volumes/7.91um-53keV-volume-20241024131838.zarr,zarr,"micrometer,micrometer,micrometer","7.91,7.91,7.91",7.91,True,consistent,,False
PHerc0172/segments/20250926112011-w078_20250926112011918_flatboi,PHerc0172,7.91um-53keV-volume-20241024131838.zarr,PHerc0172/segments/20250926112011-w078_20250926112011918_flatboi/surface-volumes/7.91um-53keV-volume-20241024131838.zarr,zarr,"micrometer,micrometer,micrometer","7.91,7.91,7.91",7.91,True,consistent,,False
PHerc0172/segments/20250926113336-w079_20250926113336891_flatboi,PHerc0172,7.91um-53keV-volume-20241024131838.zarr,PHerc0172/segments/20250926113336-w079_20250926113336891_flatboi/surface-volumes/7.91um-53keV-volume-20241024131838.zarr,zarr,"micrometer,micrometer,micrometer","7.91,7.91,7.91",7.91,True,consistent,,False
PHerc0172/segments/20250926114310-w080_20250926114310705_flatboi,PHerc0172,7.91um-53keV-volume-20241024131838.zarr,PHerc0172/segments/20250926114310-w080_20250926114310705_flatboi/surface-volumes/7.91um-53keV-volume-20241024131838.zarr,zarr,"micrometer,micrometer,micrometer","7.91,7.91,7.91",7.91,True,consistent,,False
PHerc0172/segments/20250926122938-w082_20250926122938619_flatboi,PHerc0172,7.91um-53keV-volume-20241024131838.zarr,PHerc0172/segments/20250926122938-w082_20250926122938619_flatboi/surface-volumes/7.91um-53keV-volume-20241024131838.zarr,zarr,"micrometer,micrometer,micrometer","7.91,7.91,7.91",7.91,True,consistent,,False
PHerc0172/segments/20250926132117-w083_20250926132117595_flatboi,PHerc0172,7.91um-53keV-volume-20241024131838.zarr,PHerc0172/segments/20250926132117-w083_20250926132117595_flatboi/surface-volumes/7.91um-53keV-volume-20241024131838.zarr,zarr,"micrometer,micrometer,micrometer","7.91,7.91,7.91",7.91,True,consistent,,False
PHerc0172/segments/20250926145427-w084_20250926145427439_flatboi,PHerc0172,7.91um-53keV-volume-20241024131838.zarr,PHerc0172/segments/20250926145427-w084_20250926145427439_flatboi/surface-volumes/7.91um-53keV-volume-20241024131838.zarr,zarr,"micrometer,micrometer,micrometer","7.91,7.91,7.91",7.91,True,consistent,,False
PHerc0172/segments/20250926150345-w086_20250926150345176_flatboi,PHerc0172,7.91um-53keV-volume-20241024131838.zarr,PHerc0172/segments/20250926150345-w086_20250926150345176_flatboi/surface-volumes/7.91um-53keV-volume-20241024131838.zarr,zarr,"micrometer,micrometer,micrometer","7.91,7.91,7.91",7.91,True,consistent,,False
PHerc0172/segments/20250926153406-w088_20250926153406704_flatboi,PHerc0172,7.91um-53keV-volume-20241024131838.zarr,PHerc0172/segments/20250926153406-w088_20250926153406704_flatboi/surface-volumes/7.91um-53keV-volume-20241024131838.zarr,zarr,"micrometer,micrometer,micrometer","7.91,7.91,7.91",7.91,True,consistent,,False
PHerc0172/segments/20251106133152-w077_20251106133152767_flatboi,PHerc0172,7.91um-53keV-volume-20241024131838.zarr,PHerc0172/segments/20251106133152-w077_20251106133152767_flatboi/surface-volumes/7.91um-53keV-volume-20241024131838.zarr,zarr,"micrometer,micrometer,micrometer","7.91,7.91,7.91",7.91,True,consistent,,False
PHerc0172/segments/20251106170358-w076_20251106170358232_flatboi,PHerc0172,7.91um-53keV-volume-20241024131838.zarr,PHerc0172/segments/20251106170358-w076_20251106170358232_flatboi/surface-volumes/7.91um-53keV-volume-20241024131838.zarr,zarr,"micrometer,micrometer,micrometer","7.91,7.91,7.91",7.91,True,consistent,,False
PHerc0172/segments/20251107063327-w063_20251107063327215_flatboi,PHerc0172,7.91um-53keV-volume-20241024131838.zarr,PHerc0172/segments/20251107063327-w063_20251107063327215_flatboi/surface-volumes/7.91um-53keV-volume-20241024131838.zarr,zarr,"micrometer,micrometer,micrometer","7.91,7.91,7.91",7.91,True,consistent,,False
PHerc0172/segments/20251107110950-w064_20251107110950052_flatboi,PHerc0172,7.91um-53keV-volume-20241024131838.zarr,PHerc0172/segments/20251107110950-w064_20251107110950052_flatboi/surface-volumes/7.91um-53keV-volume-20241024131838.zarr,zarr,"micrometer,micrometer,micrometer","7.91,7.91,7.91",7.91,True,consistent,,False
PHerc0172/segments/20251107175958-w061_20251107175958270_flatboi,PHerc0172,7.91um-53keV-volume-20241024131838.zarr,PHerc0172/segments/20251107175958-w061_20251107175958270_flatboi/surface-volumes/7.91um-53keV-volume-20241024131838.zarr,zarr,"micrometer,micrometer,micrometer","7.91,7.91,7.91",7.91,True,consistent,,False
PHerc0172/segments/20251109232817-w065_20251109232817724_flatboi,PHerc0172,7.91um-53keV-volume-20241024131838.zarr,PHerc0172/segments/20251109232817-w065_20251109232817724_flatboi/surface-volumes/7.91um-53keV-volume-20241024131838.zarr,zarr,"micrometer,micrometer,micrometer","7.91,7.91,7.91",7.91,True,consistent,,False
PHerc0172/segments/20251110110112-w066_20251110110112608_flatboi,PHerc0172,7.91um-53keV-volume-20241024131838.zarr,PHerc0172/segments/20251110110112-w066_20251110110112608_flatboi/surface-volumes/7.91um-53keV-volume-20241024131838.zarr,zarr,"micrometer,micrometer,micrometer","7.91,7.91,7.91",7.91,True,consistent,,False
PHerc0172/segments/20251110135146-w085_20251110135146457_flatboi,PHerc0172,7.91um-53keV-volume-20241024131838.zarr,PHerc0172/segments/20251110135146-w085_20251110135146457_flatboi/surface-volumes/7.91um-53keV-volume-20241024131838.zarr,zarr,"micrometer,micrometer,micrometer","7.91,7.91,7.91",7.91,True,consistent,,False
PHerc0172/segments/20251110135803-w067_20251110135803677_flatboi,PHerc0172,7.91um-53keV-volume-20241024131838.zarr,PHerc0172/segments/20251110135803-w067_20251110135803677_flatboi/surface-volumes/7.91um-53keV-volume-20241024131838.zarr,zarr,"micrometer,micrometer,micrometer","7.91,7.91,7.91",7.91,True,consistent,,False
PHerc0172/segments/20251111010954-w068_20251111010954408_flatboi,PHerc0172,7.91um-53keV-volume-20241024131838.zarr,PHerc0172/segments/20251111010954-w068_20251111010954408_flatboi/surface-volumes/7.91um-53keV-volume-20241024131838.zarr,zarr,"micrometer,micrometer,micrometer","7.91,7.91,7.91",7.91,True,consistent,,False
PHerc0172/segments/20251111151836-w069_20251111151836406_flatboi,PHerc0172,7.91um-53keV-volume-20241024131838.zarr,PHerc0172/segments/20251111151836-w069_20251111151836406_flatboi/surface-volumes/7.91um-53keV-volume-20241024131838.zarr,zarr,"micrometer,micrometer,micrometer","7.91,7.91,7.91",7.91,True,consistent,,False
PHerc0172/segments/20251111210734-w070_20251111210734722_flatboi,PHerc0172,7.91um-53keV-volume-20241024131838.zarr,PHerc0172/segments/20251111210734-w070_20251111210734722_flatboi/surface-volumes/7.91um-53keV-volume-20241024131838.zarr,zarr,"micrometer,micrometer,micrometer","7.91,7.91,7.91",7.91,True,consistent,,False
PHerc0172/segments/20251112000002-w087_20251112000002214_flatboi,PHerc0172,7.91um-53keV-volume-20241024131838.zarr,PHerc0172/segments/20251112000002-w087_20251112000002214_flatboi/surface-volumes/7.91um-53keV-volume-20241024131838.zarr,zarr,"micrometer,micrometer,micrometer","7.91,7.91,7.91",7.91,True,consistent,,False
PHerc0172/segments/20251112163527-w071_20251112163527854_flatboi,PHerc0172,7.91um-53keV-volume-20241024131838.zarr,PHerc0172/segments/20251112163527-w071_20251112163527854_flatboi/surface-volumes/7.91um-53keV-volume-20241024131838.zarr,zarr,"micrometer,micrometer,micrometer","7.91,7.91,7.91",7.91,True,consistent,,False
PHerc0172/segments/20251113021010-w072_20251113021010674_flatboi,PHerc0172,7.91um-53keV-volume-20241024131838.zarr,PHerc0172/segments/20251113021010-w072_20251113021010674_flatboi/surface-volumes/7.91um-53keV-volume-20241024131838.zarr,zarr,"micrometer,micrometer,micrometer","7.91,7.91,7.91",7.91,True,consistent,,False
PHerc0172/segments/20251113130119-w073_20251113130119516_flatboi,PHerc0172,7.91um-53keV-volume-20241024131838.zarr,PHerc0172/segments/20251113130119-w073_20251113130119516_flatboi/surface-volumes/7.91um-53keV-volume-20241024131838.zarr,zarr,"micrometer,micrometer,micrometer","7.91,7.91,7.91",7.91,True,consistent,,False
PHerc0172/segments/20251113152136-w074_20251113152136889_flatboi,PHerc0172,7.91um-53keV-volume-20241024131838.zarr,PHerc0172/segments/20251113152136-w074_20251113152136889_flatboi/surface-volumes/7.91um-53keV-volume-20241024131838.zarr,zarr,"micrometer,micrometer,micrometer","7.91,7.91,7.91",7.91,True,consistent,,False
PHerc0172/segments/20251113204233-w075_20251113204233755_flatboi,PHerc0172,7.91um-53keV-volume-20241024131838.zarr,PHerc0172/segments/20251113204233-w075_20251113204233755_flatboi/surface-volumes/7.91um-53keV-volume-20241024131838.zarr,zarr,"micrometer,micrometer,micrometer","7.91,7.91,7.91",7.91,True,consistent,,False
PHerc0172/segments/20251114202035-w081_20251114202035261_flatboi,PHerc0172,7.91um-53keV-volume-20241024131838.zarr,PHerc0172/segments/20251114202035-w081_20251114202035261_flatboi/surface-volumes/7.91um-53keV-volume-20241024131838.zarr,zarr,"micrometer,micrometer,micrometer","7.91,7.91,7.91",7.91,True,consistent,,False
PHerc0172/segments/20251115002740-auto_grown_20251115002740308_0_flatboi,PHerc0172,7.91um-53keV-volume-20241024131838.zarr,PHerc0172/segments/20251115002740-auto_grown_20251115002740308_0_flatboi/surface-volumes/7.91um-53keV-volume-20241024131838.zarr,zarr,"micrometer,micrometer,micrometer","7.91,7.91,7.91",7.91,True,consistent,,False
PHerc0172/segments/20251115002741-auto_grown_20251115002740308_1_flatboi,PHerc0172,7.91um-53keV-volume-20241024131838.zarr,PHerc0172/segments/20251115002741-auto_grown_20251115002740308_1_flatboi/surface-volumes/7.91um-53keV-volume-20241024131838.zarr,zarr,"micrometer,micrometer,micrometer","7.91,7.91,7.91",7.91,True,consistent,,False
PHerc0172/segments/20251115002742-auto_grown_20251115002740308_2_flatboi,PHerc0172,7.91um-53keV-volume-20241024131838.zarr,PHerc0172/segments/20251115002742-auto_grown_20251115002740308_2_flatboi/surface-volumes/7.91um-53keV-volume-20241024131838.zarr,zarr,"micrometer,micrometer,micrometer","7.91,7.91,7.91",7.91,True,consistent,,False
PHerc0172/segments/20251115002743-auto_grown_20251115002740308_3_flatboi,PHerc0172,7.91um-53keV-volume-20241024131838.zarr,PHerc0172/segments/20251115002743-auto_grown_20251115002740308_3_flatboi/surface-volumes/7.91um-53keV-volume-20241024131838.zarr,zarr,"micrometer,micrometer,micrometer","7.91,7.91,7.91",7.91,True,consistent,,False
PHerc0172/segments/20251115002744-auto_grown_20251115002740308_4_flatboi,PHerc0172,7.91um-53keV-volume-20241024131838.zarr,PHerc0172/segments/20251115002744-auto_grown_20251115002740308_4_flatboi/surface-volumes/7.91um-53keV-volume-20241024131838.zarr,zarr,"micrometer,micrometer,micrometer","7.91,7.91,7.91",7.91,True,consistent,,False
PHerc0172/segments/20251115002745-auto_grown_20251115002740308_5_flatboi,PHerc0172,7.91um-53keV-volume-20241024131838.zarr,PHerc0172/segments/20251115002745-auto_grown_20251115002740308_5_flatboi/surface-volumes/7.91um-53keV-volume-20241024131838.zarr,zarr,"micrometer,micrometer,micrometer","7.91,7.91,7.91",7.91,True,consistent,,False
PHerc0172/segments/20251115002746-auto_grown_20251115002740308_6_flatboi,PHerc0172,7.91um-53keV-volume-20241024131838.zarr,PHerc0172/segments/20251115002746-auto_grown_20251115002740308_6_flatboi/surface-volumes/7.91um-53keV-volume-20241024131838.zarr,zarr,"micrometer,micrometer,micrometer","7.91,7.91,7.91",7.91,True,consistent,,False
PHerc0172/segments/20251115002747-auto_grown_20251115002740308_7_flatboi,PHerc0172,7.91um-53keV-volume-20241024131838.zarr,PHerc0172/segments/20251115002747-auto_grown_20251115002740308_7_flatboi/surface-volumes/7.91um-53keV-volume-20241024131838.zarr,zarr,"micrometer,micrometer,micrometer","7.91,7.91,7.91",7.91,True,consistent,,False
PHerc0172/segments/20251115002748-auto_grown_20251115002740308_8_flatboi,PHerc0172,7.91um-53keV-volume-20241024131838.zarr,PHerc0172/segments/20251115002748-auto_grown_20251115002740308_8_flatboi/surface-volumes/7.91um-53keV-volume-20241024131838.zarr,zarr,"micrometer,micrometer,micrometer","7.91,7.91,7.91",7.91,True,consistent,,False
PHerc0172/segments/20251203230500-w089_20251203230500465_flatboi,PHerc0172,7.91um-53keV-volume-20241024131838.zarr,PHerc0172/segments/20251203230500-w089_20251203230500465_flatboi/surface-volumes/7.91um-53keV-volume-20241024131838.zarr,zarr,"micrometer,micrometer,micrometer","7.91,7.91,7.91",7.91,True,consistent,,False
PHerc0172/segments/20251204060522-w090_20251204060522416_flatboi,PHerc0172,7.91um-53keV-volume-20241024131838.zarr,PHerc0172/segments/20251204060522-w090_20251204060522416_flatboi/surface-volumes/7.91um-53keV-volume-20241024131838.zarr,zarr,"micrometer,micrometer,micrometer","7.91,7.91,7.91",7.91,True,consistent,,False
PHerc0172/segments/20251204071911-w091_20251204071911070_flatboi,PHerc0172,7.91um-53keV-volume-20241024131838.zarr,PHerc0172/segments/20251204071911-w091_20251204071911070_flatboi/surface-volumes/7.91um-53keV-volume-20241024131838.zarr,zarr,"micrometer,micrometer,micrometer","7.91,7.91,7.91",7.91,True,consistent,,False
PHerc0172/segments/20251204101314-w092_20251204101314959_flatboi,PHerc0172,7.91um-53keV-volume-20241024131838.zarr,PHerc0172/segments/20251204101314-w092_20251204101314959_flatboi/surface-volumes/7.91um-53keV-volume-20241024131838.zarr,zarr,"micrometer,micrometer,micrometer","7.91,7.91,7.91",7.91,True,consistent,,False
PHerc0172/segments/20251204192708-w093_20251204192708445_flatboi,PHerc0172,7.91um-53keV-volume-20241024131838.zarr,PHerc0172/segments/20251204192708-w093_20251204192708445_flatboi/surface-volumes/7.91um-53keV-volume-20241024131838.zarr,zarr,"micrometer,micrometer,micrometer","7.91,7.91,7.91",7.91,True,consistent,,False
PHerc0172/segments/20251205115859-w094_20251205115859448_flatboi,PHerc0172,7.91um-53keV-volume-20241024131838.zarr,PHerc0172/segments/20251205115859-w094_20251205115859448_flatboi/surface-volumes/7.91um-53keV-volume-20241024131838.zarr,zarr,"micrometer,micrometer,micrometer","7.91,7.91,7.91",7.91,True,consistent,,False
PHerc0172/segments/20251206184729-w095_20251206184729906_flatboi,PHerc0172,7.91um-53keV-volume-20241024131838.zarr,PHerc0172/segments/20251206184729-w095_20251206184729906_flatboi/surface-volumes/7.91um-53keV-volume-20241024131838.zarr,zarr,"micrometer,micrometer,micrometer","7.91,7.91,7.91",7.91,True,consistent,,False
PHerc0172/segments/20251207123912-w060_20251207123912611_flatboi,PHerc0172,7.91um-53keV-volume-20241024131838.zarr,PHerc0172/segments/20251207123912-w060_20251207123912611_flatboi/surface-volumes/7.91um-53keV-volume-20241024131838.zarr,zarr,"micrometer,micrometer,micrometer","7.91,7.91,7.91",7.91,True,consistent,,False
PHerc0172/segments/20251210142414-w059_20251210142414060_flatboi,PHerc0172,7.91um-53keV-volume-20241024131838.zarr,PHerc0172/segments/20251210142414-w059_20251210142414060_flatboi/surface-volumes/7.91um-53keV-volume-20241024131838.zarr,zarr,"micrometer,micrometer,micrometer","7.91,7.91,7.91",7.91,True,consistent,,False
PHerc0172/segments/20251210153304-w058_20251210153304503_flatboi,PHerc0172,7.91um-53keV-volume-20241024131838.zarr,PHerc0172/segments/20251210153304-w058_20251210153304503_flatboi/surface-volumes/7.91um-53keV-volume-20241024131838.zarr,zarr,"micrometer,micrometer,micrometer","7.91,7.91,7.91",7.91,True,consistent,,False
PHerc0172/segments/20251210160810-w057_20251210160810301_flatboi,PHerc0172,7.91um-53keV-volume-20241024131838.zarr,PHerc0172/segments/20251210160810-w057_20251210160810301_flatboi/surface-volumes/7.91um-53keV-volume-20241024131838.zarr,zarr,"micrometer,micrometer,micrometer","7.91,7.91,7.91",7.91,True,consistent,,False
PHerc0172/segments/20251211095724-w056_20251211095724922_flatboi,PHerc0172,7.91um-53keV-volume-20241024131838.zarr,PHerc0172/segments/20251211095724-w056_20251211095724922_flatboi/surface-volumes/7.91um-53keV-volume-20241024131838.zarr,zarr,"micrometer,micrometer,micrometer","7.91,7.91,7.91",7.91,True,consistent,,False
PHerc0172/segments/20251211111451-w055_20251211111451620_flatboi,PHerc0172,7.91um-53keV-volume-20241024131838.zarr,PHerc0172/segments/20251211111451-w055_20251211111451620_flatboi/surface-volumes/7.91um-53keV-volume-20241024131838.zarr,zarr,"micrometer,micrometer,micrometer","7.91,7.91,7.91",7.91,True,consistent,,False
PHerc0172/segments/20251211135303-w054_20251211135303394_flatboi,PHerc0172,7.91um-53keV-volume-20241024131838.zarr,PHerc0172/segments/20251211135303-w054_20251211135303394_flatboi/surface-volumes/7.91um-53keV-volume-20241024131838.zarr,zarr,"micrometer,micrometer,micrometer","7.91,7.91,7.91",7.91,True,consistent,,False
PHerc0172/segments/20251211152543-w053_20251211152543204_flatboi,PHerc0172,7.91um-53keV-volume-20241024131838.zarr,PHerc0172/segments/20251211152543-w053_20251211152543204_flatboi/surface-volumes/7.91um-53keV-volume-20241024131838.zarr,zarr,"micrometer,micrometer,micrometer","7.91,7.91,7.91",7.91,True,consistent,,False
PHerc0172/segments/20251212105627-w052_20251212105627148_flatboi,PHerc0172,7.91um-53keV-volume-20241024131838.zarr,PHerc0172/segments/20251212105627-w052_20251212105627148_flatboi/surface-volumes/7.91um-53keV-volume-20241024131838.zarr,zarr,"micrometer,micrometer,micrometer","7.91,7.91,7.91",7.91,True,consistent,,False
PHerc0343P/segments/20250511003658-tifxyz,PHerc0343P,2.215um-0.4m-111keV-volume-20260304131111.zarr,PHerc0343P/segments/20250511003658-tifxyz/surface-volumes/2.215um-0.4m-111keV-volume-20260304131111.zarr,zarr,"micrometer,micrometer,micrometer","2.215,2.215,2.215",2.215,True,consistent,,False
PHerc0343P/segments/20250511003658-tifxyz,PHerc0343P,8.64um-1.2m-116keV-volume-20250521134555.zarr,PHerc0343P/segments/20250511003658-tifxyz/surface-volumes/8.64um-1.2m-116keV-volume-20250521134555.zarr,zarr,"micrometer,micrometer,micrometer","8.64,8.64,8.64",8.64,True,consistent,,False
PHerc0343P/segments/20250902170435--5_b2,PHerc0343P,2.215um-0.4m-111keV-volume-20260304131111.zarr,PHerc0343P/segments/20250902170435--5_b2/surface-volumes/2.215um-0.4m-111keV-volume-20260304131111.zarr,zarr,"micrometer,micrometer,micrometer","2.215,2.215,2.215",2.215,True,consistent,,False
PHerc0343P/segments/20250902170435--5_b2,PHerc0343P,8.64um-1.2m-116keV-volume-20250521134555.zarr,PHerc0343P/segments/20250902170435--5_b2/surface-volumes/8.64um-1.2m-116keV-volume-20250521134555.zarr,zarr,"micrometer,micrometer,micrometer","8.64,8.64,8.64",8.64,True,consistent,,False
PHerc0343P/segments/20250902170441--4_b2,PHerc0343P,2.215um-0.4m-111keV-volume-20260304131111.zarr,PHerc0343P/segments/20250902170441--4_b2/surface-volumes/2.215um-0.4m-111keV-volume-20260304131111.zarr,zarr,"micrometer,micrometer,micrometer","2.215,2.215,2.215",2.215,True,consistent,,False
PHerc0343P/segments/20250902170441--4_b2,PHerc0343P,8.64um-1.2m-116keV-volume-20250521134555.zarr,PHerc0343P/segments/20250902170441--4_b2/surface-volumes/8.64um-1.2m-116keV-volume-20250521134555.zarr,zarr,"micrometer,micrometer,micrometer","8.64,8.64,8.64",8.64,True,consistent,,False
PHerc0343P/segments/20250902170447--3_b2,PHerc0343P,2.215um-0.4m-111keV-volume-20260304131111.zarr,PHerc0343P/segments/20250902170447--3_b2/surface-volumes/2.215um-0.4m-111keV-volume-20260304131111.zarr,zarr,"micrometer,micrometer,micrometer","2.215,2.215,2.215",2.215,True,consistent,,False
PHerc0343P/segments/20250902170447--3_b2,PHerc0343P,8.64um-1.2m-116keV-volume-20250521134555.zarr,PHerc0343P/segments/20250902170447--3_b2/surface-volumes/8.64um-1.2m-116keV-volume-20250521134555.zarr,zarr,"micrometer,micrometer,micrometer","8.64,8.64,8.64",8.64,True,consistent,,False
PHerc0343P/segments/20250902171202--2_b2,PHerc0343P,2.215um-0.4m-111keV-volume-20260304131111.zarr,PHerc0343P/segments/20250902171202--2_b2/surface-volumes/2.215um-0.4m-111keV-volume-20260304131111.zarr,zarr,"micrometer,micrometer,micrometer","2.215,2.215,2.215",2.215,True,consistent,,False
PHerc0343P/segments/20250902171202--2_b2,PHerc0343P,8.64um-1.2m-116keV-volume-20250521134555.zarr,PHerc0343P/segments/20250902171202--2_b2/surface-volumes/8.64um-1.2m-116keV-volume-20250521134555.zarr,zarr,"micrometer,micrometer,micrometer","8.64,8.64,8.64",8.64,True,consistent,,False
PHerc0343P/segments/20250902171204--1_b2,PHerc0343P,2.215um-0.4m-111keV-volume-20260304131111.zarr,PHerc0343P/segments/20250902171204--1_b2/surface-volumes/2.215um-0.4m-111keV-volume-20260304131111.zarr,zarr,"micrometer,micrometer,micrometer","2.215,2.215,2.215",2.215,True,consistent,,False
PHerc0343P/segments/20250902171204--1_b2,PHerc0343P,8.64um-1.2m-116keV-volume-20250521134555.zarr,PHerc0343P/segments/20250902171204--1_b2/surface-volumes/8.64um-1.2m-116keV-volume-20250521134555.zarr,zarr,"micrometer,micrometer,micrometer","8.64,8.64,8.64",8.64,True,consistent,,False
PHerc0343P/segments/20250904233748-0_b2,PHerc0343P,2.215um-0.4m-111keV-volume-20260304131111.zarr,PHerc0343P/segments/20250904233748-0_b2/surface-volumes/2.215um-0.4m-111keV-volume-20260304131111.zarr,zarr,"micrometer,micrometer,micrometer","2.215,2.215,2.215",2.215,True,consistent,,False
PHerc0343P/segments/20250904233748-0_b2,PHerc0343P,8.64um-1.2m-116keV-volume-20250521134555.zarr,PHerc0343P/segments/20250904233748-0_b2/surface-volumes/8.64um-1.2m-116keV-volume-20250521134555.zarr,zarr,"micrometer,micrometer,micrometer","8.64,8.64,8.64",8.64,True,consistent,,False
PHerc0343P/segments/20250905172054-1_b2,PHerc0343P,2.215um-0.4m-111keV-volume-20260304131111.zarr,PHerc0343P/segments/20250905172054-1_b2/surface-volumes/2.215um-0.4m-111keV-volume-20260304131111.zarr,zarr,"micrometer,micrometer,micrometer","2.215,2.215,2.215",2.215,True,consistent,,False
PHerc0343P/segments/20250905172054-1_b2,PHerc0343P,8.64um-1.2m-116keV-volume-20250521134555.zarr,PHerc0343P/segments/20250905172054-1_b2/surface-volumes/8.64um-1.2m-116keV-volume-20250521134555.zarr,zarr,"micrometer,micrometer,micrometer","8.64,8.64,8.64",8.64,True,consistent,,False
PHerc0500P2/segments/20250609204953-z_dbg_gen_00612,PHerc0500P2,2.215um-0.4m-111keV-volume-20250526151718.zarr,PHerc0500P2/segments/20250609204953-z_dbg_gen_00612/surface-volumes/2.215um-0.4m-111keV-volume-20250526151718.zarr,zarr,"micrometer,micrometer,micrometer","2.215,2.215,2.215",2.215,True,consistent,,False
PHerc0500P2/segments/20250609204953-z_dbg_gen_00612,PHerc0500P2,4.317um-1.2m-111keV-volume-20250528085330.zarr,PHerc0500P2/segments/20250609204953-z_dbg_gen_00612/surface-volumes/4.317um-1.2m-111keV-volume-20250528085330.zarr,zarr,"micrometer,micrometer,micrometer","4.317,4.317,4.317",4.317,True,consistent,,False
PHerc0500P2/segments/20250609204953-z_dbg_gen_00612,PHerc0500P2,9.362um-1.2m-113keV-volume-20250820143440.zarr,PHerc0500P2/segments/20250609204953-z_dbg_gen_00612/surface-volumes/9.362um-1.2m-113keV-volume-20250820143440.zarr,zarr,"micrometer,micrometer,micrometer","9.362,9.362,9.362",9.362,True,consistent,,False
PHerc0500P2/segments/20250611132918-z_dbg_gen_00302_inp_hr,PHerc0500P2,2.215um-0.4m-111keV-volume-20250526151718.zarr,PHerc0500P2/segments/20250611132918-z_dbg_gen_00302_inp_hr/surface-volumes/2.215um-0.4m-111keV-volume-20250526151718.zarr,zarr,"micrometer,micrometer,micrometer","2.215,2.215,2.215",2.215,True,consistent,,False
PHerc0500P2/segments/20250611132918-z_dbg_gen_00302_inp_hr,PHerc0500P2,4.317um-1.2m-111keV-volume-20250528085330.zarr,PHerc0500P2/segments/20250611132918-z_dbg_gen_00302_inp_hr/surface-volumes/4.317um-1.2m-111keV-volume-20250528085330.zarr,zarr,"micrometer,micrometer,micrometer","4.317,4.317,4.317",4.317,True,consistent,,False
PHerc0500P2/segments/20250611132918-z_dbg_gen_00302_inp_hr,PHerc0500P2,9.362um-1.2m-113keV-volume-20250820143440.zarr,PHerc0500P2/segments/20250611132918-z_dbg_gen_00302_inp_hr/surface-volumes/9.362um-1.2m-113keV-volume-20250820143440.zarr,zarr,"micrometer,micrometer,micrometer","9.362,9.362,9.362",9.362,True,consistent,,False
PHerc0500P2/segments/20250611133823-z_dbg_gen_00130_inp_hr,PHerc0500P2,2.215um-0.4m-111keV-volume-20250526151718.zarr,PHerc0500P2/segments/20250611133823-z_dbg_gen_00130_inp_hr/surface-volumes/2.215um-0.4m-111keV-volume-20250526151718.zarr,zarr,"micrometer,micrometer,micrometer","2.215,2.215,2.215",2.215,True,consistent,,False
PHerc0500P2/segments/20250611133823-z_dbg_gen_00130_inp_hr,PHerc0500P2,4.317um-1.2m-111keV-volume-20250528085330.zarr,PHerc0500P2/segments/20250611133823-z_dbg_gen_00130_inp_hr/surface-volumes/4.317um-1.2m-111keV-volume-20250528085330.zarr,zarr,"micrometer,micrometer,micrometer","4.317,4.317,4.317",4.317,True,consistent,,False
PHerc0500P2/segments/20250611133823-z_dbg_gen_00130_inp_hr,PHerc0500P2,9.362um-1.2m-113keV-volume-20250820143440.zarr,PHerc0500P2/segments/20250611133823-z_dbg_gen_00130_inp_hr/surface-volumes/9.362um-1.2m-113keV-volume-20250820143440.zarr,zarr,"micrometer,micrometer,micrometer","9.362,9.362,9.362",9.362,True,consistent,,False
PHerc0500P2/segments/20250611134135-z_dbg_gen_00331_inp_hr,PHerc0500P2,2.215um-0.4m-111keV-volume-20250526151718.zarr,PHerc0500P2/segments/20250611134135-z_dbg_gen_00331_inp_hr/surface-volumes/2.215um-0.4m-111keV-volume-20250526151718.zarr,zarr,"micrometer,micrometer,micrometer","2.215,2.215,2.215",2.215,True,consistent,,False
PHerc0500P2/segments/20250611134135-z_dbg_gen_00331_inp_hr,PHerc0500P2,4.317um-1.2m-111keV-volume-20250528085330.zarr,PHerc0500P2/segments/20250611134135-z_dbg_gen_00331_inp_hr/surface-volumes/4.317um-1.2m-111keV-volume-20250528085330.zarr,zarr,"micrometer,micrometer,micrometer","4.317,4.317,4.317",4.317,True,consistent,,False
PHerc0500P2/segments/20250611134135-z_dbg_gen_00331_inp_hr,PHerc0500P2,9.362um-1.2m-113keV-volume-20250820143440.zarr,PHerc0500P2/segments/20250611134135-z_dbg_gen_00331_inp_hr/surface-volumes/9.362um-1.2m-113keV-volume-20250820143440.zarr,zarr,"micrometer,micrometer,micrometer","9.362,9.362,9.362",9.362,True,consistent,,False
PHerc0500P2/segments/20250611153340-z_dbg_gen_00275,PHerc0500P2,2.215um-0.4m-111keV-volume-20250526151718.zarr,PHerc0500P2/segments/20250611153340-z_dbg_gen_00275/surface-volumes/2.215um-0.4m-111keV-volume-20250526151718.zarr,zarr,"micrometer,micrometer,micrometer","2.215,2.215,2.215",2.215,True,consistent,,False
PHerc0500P2/segments/20250611153340-z_dbg_gen_00275,PHerc0500P2,4.317um-1.2m-111keV-volume-20250528085330.zarr,PHerc0500P2/segments/20250611153340-z_dbg_gen_00275/surface-volumes/4.317um-1.2m-111keV-volume-20250528085330.zarr,zarr,"micrometer,micrometer,micrometer","4.317,4.317,4.317",4.317,True,consistent,,False
PHerc0500P2/segments/20250611153340-z_dbg_gen_00275,PHerc0500P2,9.362um-1.2m-113keV-volume-20250820143440.zarr,PHerc0500P2/segments/20250611153340-z_dbg_gen_00275/surface-volumes/9.362um-1.2m-113keV-volume-20250820143440.zarr,zarr,"micrometer,micrometer,micrometer","9.362,9.362,9.362",9.362,True,consistent,,False
PHerc0500P2/segments/20250611153346-z_dbg_gen_00286_inp_hr,PHerc0500P2,2.215um-0.4m-111keV-volume-20250526151718.zarr,PHerc0500P2/segments/20250611153346-z_dbg_gen_00286_inp_hr/surface-volumes/2.215um-0.4m-111keV-volume-20250526151718.zarr,zarr,"micrometer,micrometer,micrometer","2.215,2.215,2.215",2.215,True,consistent,,False
PHerc0500P2/segments/20250611153346-z_dbg_gen_00286_inp_hr,PHerc0500P2,4.317um-1.2m-111keV-volume-20250528085330.zarr,PHerc0500P2/segments/20250611153346-z_dbg_gen_00286_inp_hr/surface-volumes/4.317um-1.2m-111keV-volume-20250528085330.zarr,zarr,"micrometer,micrometer,micrometer","4.317,4.317,4.317",4.317,True,consistent,,False
PHerc0500P2/segments/20250611153346-z_dbg_gen_00286_inp_hr,PHerc0500P2,9.362um-1.2m-113keV-volume-20250820143440.zarr,PHerc0500P2/segments/20250611153346-z_dbg_gen_00286_inp_hr/surface-volumes/9.362um-1.2m-113keV-volume-20250820143440.zarr,zarr,"micrometer,micrometer,micrometer","9.362,9.362,9.362",9.362,True,consistent,,False
PHerc0500P2/segments/20250611153347-z_dbg_gen_00105_inp_hr,PHerc0500P2,2.215um-0.4m-111keV-volume-20250526151718.zarr,PHerc0500P2/segments/20250611153347-z_dbg_gen_00105_inp_hr/surface-volumes/2.215um-0.4m-111keV-volume-20250526151718.zarr,zarr,"micrometer,micrometer,micrometer","2.215,2.215,2.215",2.215,True,consistent,,False
PHerc0500P2/segments/20250611153347-z_dbg_gen_00105_inp_hr,PHerc0500P2,4.317um-1.2m-111keV-volume-20250528085330.zarr,PHerc0500P2/segments/20250611153347-z_dbg_gen_00105_inp_hr/surface-volumes/4.317um-1.2m-111keV-volume-20250528085330.zarr,zarr,"micrometer,micrometer,micrometer","4.317,4.317,4.317",4.317,True,consistent,,False
PHerc0500P2/segments/20250611153347-z_dbg_gen_00105_inp_hr,PHerc0500P2,9.362um-1.2m-113keV-volume-20250820143440.zarr,PHerc0500P2/segments/20250611153347-z_dbg_gen_00105_inp_hr/surface-volumes/9.362um-1.2m-113keV-volume-20250820143440.zarr,zarr,"micrometer,micrometer,micrometer","9.362,9.362,9.362",9.362,True,consistent,,False
PHerc0500P2/segments/20250611154256-z_dbg_gen_00354_inp_hr,PHerc0500P2,2.215um-0.4m-111keV-volume-20250526151718.zarr,PHerc0500P2/segments/20250611154256-z_dbg_gen_00354_inp_hr/surface-volumes/2.215um-0.4m-111keV-volume-20250526151718.zarr,zarr,"micrometer,micrometer,micrometer","2.215,2.215,2.215",2.215,True,consistent,,False
PHerc0500P2/segments/20250611154256-z_dbg_gen_00354_inp_hr,PHerc0500P2,4.317um-1.2m-111keV-volume-20250528085330.zarr,PHerc0500P2/segments/20250611154256-z_dbg_gen_00354_inp_hr/surface-volumes/4.317um-1.2m-111keV-volume-20250528085330.zarr,zarr,"micrometer,micrometer,micrometer","4.317,4.317,4.317",4.317,True,consistent,,False
PHerc0500P2/segments/20250611154256-z_dbg_gen_00354_inp_hr,PHerc0500P2,9.362um-1.2m-113keV-volume-20250820143440.zarr,PHerc0500P2/segments/20250611154256-z_dbg_gen_00354_inp_hr/surface-volumes/9.362um-1.2m-113keV-volume-20250820143440.zarr,zarr,"micrometer,micrometer,micrometer","9.362,9.362,9.362",9.362,True,consistent,,False
PHerc0500P2/segments/20250611161023-z_dbg_gen_00205_inp_hr,PHerc0500P2,2.215um-0.4m-111keV-volume-20250526151718.zarr,PHerc0500P2/segments/20250611161023-z_dbg_gen_00205_inp_hr/surface-volumes/2.215um-0.4m-111keV-volume-20250526151718.zarr,zarr,"micrometer,micrometer,micrometer","2.215,2.215,2.215",2.215,True,consistent,,False
PHerc0500P2/segments/20250611161023-z_dbg_gen_00205_inp_hr,PHerc0500P2,4.317um-1.2m-111keV-volume-20250528085330.zarr,PHerc0500P2/segments/20250611161023-z_dbg_gen_00205_inp_hr/surface-volumes/4.317um-1.2m-111keV-volume-20250528085330.zarr,zarr,"micrometer,micrometer,micrometer","4.317,4.317,4.317",4.317,True,consistent,,False
PHerc0500P2/segments/20250611161023-z_dbg_gen_00205_inp_hr,PHerc0500P2,9.362um-1.2m-113keV-volume-20250820143440.zarr,PHerc0500P2/segments/20250611161023-z_dbg_gen_00205_inp_hr/surface-volumes/9.362um-1.2m-113keV-volume-20250820143440.zarr,zarr,"micrometer,micrometer,micrometer","9.362,9.362,9.362",9.362,True,consistent,,False
PHerc0500P2/segments/20250611161415-z_dbg_gen_00411_inp_hr,PHerc0500P2,2.215um-0.4m-111keV-volume-20250526151718.zarr,PHerc0500P2/segments/20250611161415-z_dbg_gen_00411_inp_hr/surface-volumes/2.215um-0.4m-111keV-volume-20250526151718.zarr,zarr,"micrometer,micrometer,micrometer","2.215,2.215,2.215",2.215,True,consistent,,False
PHerc0500P2/segments/20250611161415-z_dbg_gen_00411_inp_hr,PHerc0500P2,4.317um-1.2m-111keV-volume-20250528085330.zarr,PHerc0500P2/segments/20250611161415-z_dbg_gen_00411_inp_hr/surface-volumes/4.317um-1.2m-111keV-volume-20250528085330.zarr,zarr,"micrometer,micrometer,micrometer","4.317,4.317,4.317",4.317,True,consistent,,False
PHerc0500P2/segments/20250611161415-z_dbg_gen_00411_inp_hr,PHerc0500P2,9.362um-1.2m-113keV-volume-20250820143440.zarr,PHerc0500P2/segments/20250611161415-z_dbg_gen_00411_inp_hr/surface-volumes/9.362um-1.2m-113keV-volume-20250820143440.zarr,zarr,"micrometer,micrometer,micrometer","9.362,9.362,9.362",9.362,True,consistent,,False
PHerc0500P2/segments/20250611170257-z_dbg_gen_00308_inp_hr,PHerc0500P2,2.215um-0.4m-111keV-volume-20250526151718.zarr,PHerc0500P2/segments/20250611170257-z_dbg_gen_00308_inp_hr/surface-volumes/2.215um-0.4m-111keV-volume-20250526151718.zarr,zarr,"micrometer,micrometer,micrometer","2.215,2.215,2.215",2.215,True,consistent,,False
PHerc0500P2/segments/20250611170257-z_dbg_gen_00308_inp_hr,PHerc0500P2,4.317um-1.2m-111keV-volume-20250528085330.zarr,PHerc0500P2/segments/20250611170257-z_dbg_gen_00308_inp_hr/surface-volumes/4.317um-1.2m-111keV-volume-20250528085330.zarr,zarr,"micrometer,micrometer,micrometer","4.317,4.317,4.317",4.317,True,consistent,,False
PHerc0500P2/segments/20250611170257-z_dbg_gen_00308_inp_hr,PHerc0500P2,9.362um-1.2m-113keV-volume-20250820143440.zarr,PHerc0500P2/segments/20250611170257-z_dbg_gen_00308_inp_hr/surface-volumes/9.362um-1.2m-113keV-volume-20250820143440.zarr,zarr,"micrometer,micrometer,micrometer","9.362,9.362,9.362",9.362,True,consistent,,False
PHerc0500P2/segments/20250611171318-z_dbg_gen_00440_inp_hr,PHerc0500P2,2.215um-0.4m-111keV-volume-20250526151718.zarr,PHerc0500P2/segments/20250611171318-z_dbg_gen_00440_inp_hr/surface-volumes/2.215um-0.4m-111keV-volume-20250526151718.zarr,zarr,"micrometer,micrometer,micrometer","2.215,2.215,2.215",2.215,True,consistent,,False
PHerc0500P2/segments/20250611171318-z_dbg_gen_00440_inp_hr,PHerc0500P2,4.317um-1.2m-111keV-volume-20250528085330.zarr,PHerc0500P2/segments/20250611171318-z_dbg_gen_00440_inp_hr/surface-volumes/4.317um-1.2m-111keV-volume-20250528085330.zarr,zarr,"micrometer,micrometer,micrometer","4.317,4.317,4.317",4.317,True,consistent,,False
PHerc0500P2/segments/20250611171318-z_dbg_gen_00440_inp_hr,PHerc0500P2,9.362um-1.2m-113keV-volume-20250820143440.zarr,PHerc0500P2/segments/20250611171318-z_dbg_gen_00440_inp_hr/surface-volumes/9.362um-1.2m-113keV-volume-20250820143440.zarr,zarr,"micrometer,micrometer,micrometer","9.362,9.362,9.362",9.362,True,consistent,,False
PHerc0500P2/segments/20250611171745-z_dbg_gen_00225_inp_hr,PHerc0500P2,2.215um-0.4m-111keV-volume-20250526151718.zarr,PHerc0500P2/segments/20250611171745-z_dbg_gen_00225_inp_hr/surface-volumes/2.215um-0.4m-111keV-volume-20250526151718.zarr,zarr,"micrometer,micrometer,micrometer","2.215,2.215,2.215",2.215,True,consistent,,False
PHerc0500P2/segments/20250611171745-z_dbg_gen_00225_inp_hr,PHerc0500P2,4.317um-1.2m-111keV-volume-20250528085330.zarr,PHerc0500P2/segments/20250611171745-z_dbg_gen_00225_inp_hr/surface-volumes/4.317um-1.2m-111keV-volume-20250528085330.zarr,zarr,"micrometer,micrometer,micrometer","4.317,4.317,4.317",4.317,True,consistent,,False
PHerc0500P2/segments/20250611171745-z_dbg_gen_00225_inp_hr,PHerc0500P2,9.362um-1.2m-113keV-volume-20250820143440.zarr,PHerc0500P2/segments/20250611171745-z_dbg_gen_00225_inp_hr/surface-volumes/9.362um-1.2m-113keV-volume-20250820143440.zarr,zarr,"micrometer,micrometer,micrometer","9.362,9.362,9.362",9.362,True,consistent,,False
PHerc0500P2/segments/20250611172135-z_dbg_gen_00346_inp_hr,PHerc0500P2,2.215um-0.4m-111keV-volume-20250526151718.zarr,PHerc0500P2/segments/20250611172135-z_dbg_gen_00346_inp_hr/surface-volumes/2.215um-0.4m-111keV-volume-20250526151718.zarr,zarr,"micrometer,micrometer,micrometer","2.215,2.215,2.215",2.215,True,consistent,,False
PHerc0500P2/segments/20250611172135-z_dbg_gen_00346_inp_hr,PHerc0500P2,4.317um-1.2m-111keV-volume-20250528085330.zarr,PHerc0500P2/segments/20250611172135-z_dbg_gen_00346_inp_hr/surface-volumes/4.317um-1.2m-111keV-volume-20250528085330.zarr,zarr,"micrometer,micrometer,micrometer","4.317,4.317,4.317",4.317,True,consistent,,False
PHerc0500P2/segments/20250611172135-z_dbg_gen_00346_inp_hr,PHerc0500P2,9.362um-1.2m-113keV-volume-20250820143440.zarr,PHerc0500P2/segments/20250611172135-z_dbg_gen_00346_inp_hr/surface-volumes/9.362um-1.2m-113keV-volume-20250820143440.zarr,zarr,"micrometer,micrometer,micrometer","9.362,9.362,9.362",9.362,True,consistent,,False
PHerc0500P2/segments/20250611173014-z_dbg_gen_00506_inp_hr,PHerc0500P2,2.215um-0.4m-111keV-volume-20250526151718.zarr,PHerc0500P2/segments/20250611173014-z_dbg_gen_00506_inp_hr/surface-volumes/2.215um-0.4m-111keV-volume-20250526151718.zarr,zarr,"micrometer,micrometer,micrometer","2.215,2.215,2.215",2.215,True,consistent,,False
PHerc0500P2/segments/20250611173014-z_dbg_gen_00506_inp_hr,PHerc0500P2,4.317um-1.2m-111keV-volume-20250528085330.zarr,PHerc0500P2/segments/20250611173014-z_dbg_gen_00506_inp_hr/surface-volumes/4.317um-1.2m-111keV-volume-20250528085330.zarr,zarr,"micrometer,micrometer,micrometer","4.317,4.317,4.317",4.317,True,consistent,,False
PHerc0500P2/segments/20250611173014-z_dbg_gen_00506_inp_hr,PHerc0500P2,9.362um-1.2m-113keV-volume-20250820143440.zarr,PHerc0500P2/segments/20250611173014-z_dbg_gen_00506_inp_hr/surface-volumes/9.362um-1.2m-113keV-volume-20250820143440.zarr,zarr,"micrometer,micrometer,micrometer","9.362,9.362,9.362",9.362,True,consistent,,False
PHerc0500P2/segments/20250628074500-500P2_front,PHerc0500P2,2.215um-0.4m-111keV-volume-20250526151718.zarr,PHerc0500P2/segments/20250628074500-500P2_front/surface-volumes/2.215um-0.4m-111keV-volume-20250526151718.zarr,zarr,"micrometer,micrometer,micrometer","2.215,2.215,2.215",2.215,True,consistent,,False
PHerc0500P2/segments/20250628074500-500P2_front,PHerc0500P2,4.317um-1.2m-111keV-volume-20250528085330.zarr,PHerc0500P2/segments/20250628074500-500P2_front/surface-volumes/4.317um-1.2m-111keV-volume-20250528085330.zarr,zarr,"micrometer,micrometer,micrometer","4.317,4.317,4.317",4.317,True,consistent,,False
PHerc0500P2/segments/20250628074500-500P2_front,PHerc0500P2,9.362um-1.2m-113keV-volume-20250820143440.zarr,PHerc0500P2/segments/20250628074500-500P2_front/surface-volumes/9.362um-1.2m-113keV-volume-20250820143440.zarr,zarr,"micrometer,micrometer,micrometer","9.362,9.362,9.362",9.362,True,consistent,,False
PHerc0500P2/segments/20250716055227-z_dbg_gen_00260_inp_hr,PHerc0500P2,2.215um-0.4m-111keV-volume-20250526151718.zarr,PHerc0500P2/segments/20250716055227-z_dbg_gen_00260_inp_hr/surface-volumes/2.215um-0.4m-111keV-volume-20250526151718.zarr,zarr,"micrometer,micrometer,micrometer","2.215,2.215,2.215",2.215,True,consistent,,False
PHerc0500P2/segments/20250716055227-z_dbg_gen_00260_inp_hr,PHerc0500P2,4.317um-1.2m-111keV-volume-20250528085330.zarr,PHerc0500P2/segments/20250716055227-z_dbg_gen_00260_inp_hr/surface-volumes/4.317um-1.2m-111keV-volume-20250528085330.zarr,zarr,"micrometer,micrometer,micrometer","4.317,4.317,4.317",4.317,True,consistent,,False
PHerc0500P2/segments/20250716055227-z_dbg_gen_00260_inp_hr,PHerc0500P2,9.362um-1.2m-113keV-volume-20250820143440.zarr,PHerc0500P2/segments/20250716055227-z_dbg_gen_00260_inp_hr/surface-volumes/9.362um-1.2m-113keV-volume-20250820143440.zarr,zarr,"micrometer,micrometer,micrometer","9.362,9.362,9.362",9.362,True,consistent,,False
PHerc0500P2/segments/20250716055228-z_dbg_gen_00333_inp_hr,PHerc0500P2,2.215um-0.4m-111keV-volume-20250526151718.zarr,PHerc0500P2/segments/20250716055228-z_dbg_gen_00333_inp_hr/surface-volumes/2.215um-0.4m-111keV-volume-20250526151718.zarr,zarr,"micrometer,micrometer,micrometer","2.215,2.215,2.215",2.215,True,consistent,,False
PHerc0500P2/segments/20250716055228-z_dbg_gen_00333_inp_hr,PHerc0500P2,4.317um-1.2m-111keV-volume-20250528085330.zarr,PHerc0500P2/segments/20250716055228-z_dbg_gen_00333_inp_hr/surface-volumes/4.317um-1.2m-111keV-volume-20250528085330.zarr,zarr,"micrometer,micrometer,micrometer","4.317,4.317,4.317",4.317,True,consistent,,False
PHerc0500P2/segments/20250716055228-z_dbg_gen_00333_inp_hr,PHerc0500P2,9.362um-1.2m-113keV-volume-20250820143440.zarr,PHerc0500P2/segments/20250716055228-z_dbg_gen_00333_inp_hr/surface-volumes/9.362um-1.2m-113keV-volume-20250820143440.zarr,zarr,"micrometer,micrometer,micrometer","9.362,9.362,9.362",9.362,True,consistent,,False
PHerc0500P2/segments/20250716055229-z_dbg_gen_00371_inp_hr,PHerc0500P2,2.215um-0.4m-111keV-volume-20250526151718.zarr,PHerc0500P2/segments/20250716055229-z_dbg_gen_00371_inp_hr/surface-volumes/2.215um-0.4m-111keV-volume-20250526151718.zarr,zarr,"micrometer,micrometer,micrometer","2.215,2.215,2.215",2.215,True,consistent,,False
PHerc0500P2/segments/20250716055229-z_dbg_gen_00371_inp_hr,PHerc0500P2,4.317um-1.2m-111keV-volume-20250528085330.zarr,PHerc0500P2/segments/20250716055229-z_dbg_gen_00371_inp_hr/surface-volumes/4.317um-1.2m-111keV-volume-20250528085330.zarr,zarr,"micrometer,micrometer,micrometer","4.317,4.317,4.317",4.317,True,consistent,,False
PHerc0500P2/segments/20250716055229-z_dbg_gen_00371_inp_hr,PHerc0500P2,9.362um-1.2m-113keV-volume-20250820143440.zarr,PHerc0500P2/segments/20250716055229-z_dbg_gen_00371_inp_hr/surface-volumes/9.362um-1.2m-113keV-volume-20250820143440.zarr,zarr,"micrometer,micrometer,micrometer","9.362,9.362,9.362",9.362,True,consistent,,False
PHerc0500P2/segments/20250716055230-z_dbg_gen_00377_inp_hr,PHerc0500P2,2.215um-0.4m-111keV-volume-20250526151718.zarr,PHerc0500P2/segments/20250716055230-z_dbg_gen_00377_inp_hr/surface-volumes/2.215um-0.4m-111keV-volume-20250526151718.zarr,zarr,"micrometer,micrometer,micrometer","2.215,2.215,2.215",2.215,True,consistent,,False
PHerc0500P2/segments/20250716055230-z_dbg_gen_00377_inp_hr,PHerc0500P2,4.317um-1.2m-111keV-volume-20250528085330.zarr,PHerc0500P2/segments/20250716055230-z_dbg_gen_00377_inp_hr/surface-volumes/4.317um-1.2m-111keV-volume-20250528085330.zarr,zarr,"micrometer,micrometer,micrometer","4.317,4.317,4.317",4.317,True,consistent,,False
PHerc0500P2/segments/20250716055230-z_dbg_gen_00377_inp_hr,PHerc0500P2,9.362um-1.2m-113keV-volume-20250820143440.zarr,PHerc0500P2/segments/20250716055230-z_dbg_gen_00377_inp_hr/surface-volumes/9.362um-1.2m-113keV-volume-20250820143440.zarr,zarr,"micrometer,micrometer,micrometer","9.362,9.362,9.362",9.362,True,consistent,,False
PHerc0500P2/segments/20250716055231-z_dbg_gen_00473_inp_hr,PHerc0500P2,2.215um-0.4m-111keV-volume-20250526151718.zarr,PHerc0500P2/segments/20250716055231-z_dbg_gen_00473_inp_hr/surface-volumes/2.215um-0.4m-111keV-volume-20250526151718.zarr,zarr,"micrometer,micrometer,micrometer","2.215,2.215,2.215",2.215,True,consistent,,False
PHerc0500P2/segments/20250716055231-z_dbg_gen_00473_inp_hr,PHerc0500P2,4.317um-1.2m-111keV-volume-20250528085330.zarr,PHerc0500P2/segments/20250716055231-z_dbg_gen_00473_inp_hr/surface-volumes/4.317um-1.2m-111keV-volume-20250528085330.zarr,zarr,"micrometer,micrometer,micrometer","4.317,4.317,4.317",4.317,True,consistent,,False
PHerc0500P2/segments/20250716055231-z_dbg_gen_00473_inp_hr,PHerc0500P2,9.362um-1.2m-113keV-volume-20250820143440.zarr,PHerc0500P2/segments/20250716055231-z_dbg_gen_00473_inp_hr/surface-volumes/9.362um-1.2m-113keV-volume-20250820143440.zarr,zarr,"micrometer,micrometer,micrometer","9.362,9.362,9.362",9.362,True,consistent,,False
PHerc0500P2/segments/20250716055232-z_dbg_gen_00505_inp_hr,PHerc0500P2,2.215um-0.4m-111keV-volume-20250526151718.zarr,PHerc0500P2/segments/20250716055232-z_dbg_gen_00505_inp_hr/surface-volumes/2.215um-0.4m-111keV-volume-20250526151718.zarr,zarr,"micrometer,micrometer,micrometer","2.215,2.215,2.215",2.215,True,consistent,,False
PHerc0500P2/segments/20250716055232-z_dbg_gen_00505_inp_hr,PHerc0500P2,4.317um-1.2m-111keV-volume-20250528085330.zarr,PHerc0500P2/segments/20250716055232-z_dbg_gen_00505_inp_hr/surface-volumes/4.317um-1.2m-111keV-volume-20250528085330.zarr,zarr,"micrometer,micrometer,micrometer","4.317,4.317,4.317",4.317,True,consistent,,False
PHerc0500P2/segments/20250716055232-z_dbg_gen_00505_inp_hr,PHerc0500P2,9.362um-1.2m-113keV-volume-20250820143440.zarr,PHerc0500P2/segments/20250716055232-z_dbg_gen_00505_inp_hr/surface-volumes/9.362um-1.2m-113keV-volume-20250820143440.zarr,zarr,"micrometer,micrometer,micrometer","9.362,9.362,9.362",9.362,True,consistent,,False
PHerc0500P2/segments/20250716055233-z_dbg_gen_00565_inp_hr,PHerc0500P2,2.215um-0.4m-111keV-volume-20250526151718.zarr,PHerc0500P2/segments/20250716055233-z_dbg_gen_00565_inp_hr/surface-volumes/2.215um-0.4m-111keV-volume-20250526151718.zarr,zarr,"micrometer,micrometer,micrometer","2.215,2.215,2.215",2.215,True,consistent,,False
PHerc0500P2/segments/20250716055233-z_dbg_gen_00565_inp_hr,PHerc0500P2,4.317um-1.2m-111keV-volume-20250528085330.zarr,PHerc0500P2/segments/20250716055233-z_dbg_gen_00565_inp_hr/surface-volumes/4.317um-1.2m-111keV-volume-20250528085330.zarr,zarr,"micrometer,micrometer,micrometer","4.317,4.317,4.317",4.317,True,consistent,,False
PHerc0500P2/segments/20250716055233-z_dbg_gen_00565_inp_hr,PHerc0500P2,9.362um-1.2m-113keV-volume-20250820143440.zarr,PHerc0500P2/segments/20250716055233-z_dbg_gen_00565_inp_hr/surface-volumes/9.362um-1.2m-113keV-volume-20250820143440.zarr,zarr,"micrometer,micrometer,micrometer","9.362,9.362,9.362",9.362,True,consistent,,False
PHerc0500P2/segments/20250716055234-z_dbg_gen_00709_inp_hr,PHerc0500P2,2.215um-0.4m-111keV-volume-20250526151718.zarr,PHerc0500P2/segments/20250716055234-z_dbg_gen_00709_inp_hr/surface-volumes/2.215um-0.4m-111keV-volume-20250526151718.zarr,zarr,"micrometer,micrometer,micrometer","2.215,2.215,2.215",2.215,True,consistent,,False
PHerc0500P2/segments/20250716055234-z_dbg_gen_00709_inp_hr,PHerc0500P2,4.317um-1.2m-111keV-volume-20250528085330.zarr,PHerc0500P2/segments/20250716055234-z_dbg_gen_00709_inp_hr/surface-volumes/4.317um-1.2m-111keV-volume-20250528085330.zarr,zarr,"micrometer,micrometer,micrometer","4.317,4.317,4.317",4.317,True,consistent,,False
PHerc0500P2/segments/20250716055234-z_dbg_gen_00709_inp_hr,PHerc0500P2,9.362um-1.2m-113keV-volume-20250820143440.zarr,PHerc0500P2/segments/20250716055234-z_dbg_gen_00709_inp_hr/surface-volumes/9.362um-1.2m-113keV-volume-20250820143440.zarr,zarr,"micrometer,micrometer,micrometer","9.362,9.362,9.362",9.362,True,consistent,,False
PHerc0500P2/segments/20250716055235-z_dbg_gen_00779_inp_hr,PHerc0500P2,2.215um-0.4m-111keV-volume-20250526151718.zarr,PHerc0500P2/segments/20250716055235-z_dbg_gen_00779_inp_hr/surface-volumes/2.215um-0.4m-111keV-volume-20250526151718.zarr,zarr,"micrometer,micrometer,micrometer","2.215,2.215,2.215",2.215,True,consistent,,False
PHerc0500P2/segments/20250716055235-z_dbg_gen_00779_inp_hr,PHerc0500P2,4.317um-1.2m-111keV-volume-20250528085330.zarr,PHerc0500P2/segments/20250716055235-z_dbg_gen_00779_inp_hr/surface-volumes/4.317um-1.2m-111keV-volume-20250528085330.zarr,zarr,"micrometer,micrometer,micrometer","4.317,4.317,4.317",4.317,True,consistent,,False
PHerc0500P2/segments/20250716055235-z_dbg_gen_00779_inp_hr,PHerc0500P2,9.362um-1.2m-113keV-volume-20250820143440.zarr,PHerc0500P2/segments/20250716055235-z_dbg_gen_00779_inp_hr/surface-volumes/9.362um-1.2m-113keV-volume-20250820143440.zarr,zarr,"micrometer,micrometer,micrometer","9.362,9.362,9.362",9.362,True,consistent,,False
PHerc0500P2/segments/20250716055236-z_dbg_gen_00356_inp_hr,PHerc0500P2,2.215um-0.4m-111keV-volume-20250526151718.zarr,PHerc0500P2/segments/20250716055236-z_dbg_gen_00356_inp_hr/surface-volumes/2.215um-0.4m-111keV-volume-20250526151718.zarr,zarr,"micrometer,micrometer,micrometer","2.215,2.215,2.215",2.215,True,consistent,,False
PHerc0500P2/segments/20250716055236-z_dbg_gen_00356_inp_hr,PHerc0500P2,4.317um-1.2m-111keV-volume-20250528085330.zarr,PHerc0500P2/segments/20250716055236-z_dbg_gen_00356_inp_hr/surface-volumes/4.317um-1.2m-111keV-volume-20250528085330.zarr,zarr,"micrometer,micrometer,micrometer","4.317,4.317,4.317",4.317,True,consistent,,False
PHerc0500P2/segments/20250716055236-z_dbg_gen_00356_inp_hr,PHerc0500P2,9.362um-1.2m-113keV-volume-20250820143440.zarr,PHerc0500P2/segments/20250716055236-z_dbg_gen_00356_inp_hr/surface-volumes/9.362um-1.2m-113keV-volume-20250820143440.zarr,zarr,"micrometer,micrometer,micrometer","9.362,9.362,9.362",9.362,True,consistent,,False
PHerc0500P2/segments/20250825181859--1,PHerc0500P2,2.215um-0.4m-111keV-volume-20250526151718.zarr,PHerc0500P2/segments/20250825181859--1/surface-volumes/2.215um-0.4m-111keV-volume-20250526151718.zarr,zarr,"micrometer,micrometer,micrometer","2.215,2.215,2.215",2.215,True,consistent,,False
PHerc0500P2/segments/20250825181859--1,PHerc0500P2,4.317um-1.2m-111keV-volume-20250528085330.zarr,PHerc0500P2/segments/20250825181859--1/surface-volumes/4.317um-1.2m-111keV-volume-20250528085330.zarr,zarr,"micrometer,micrometer,micrometer","4.317,4.317,4.317",4.317,True,consistent,,False
PHerc0500P2/segments/20250825181859--1,PHerc0500P2,9.362um-1.2m-113keV-volume-20250820143440.zarr,PHerc0500P2/segments/20250825181859--1/surface-volumes/9.362um-1.2m-113keV-volume-20250820143440.zarr,zarr,"micrometer,micrometer,micrometer","9.362,9.362,9.362",9.362,True,consistent,,False
PHerc0500P2/segments/20250825181907-0,PHerc0500P2,2.215um-0.4m-111keV-volume-20250526151718.zarr,PHerc0500P2/segments/20250825181907-0/surface-volumes/2.215um-0.4m-111keV-volume-20250526151718.zarr,zarr,"micrometer,micrometer,micrometer","2.215,2.215,2.215",2.215,True,consistent,,False
PHerc0500P2/segments/20250825181907-0,PHerc0500P2,4.317um-1.2m-111keV-volume-20250528085330.zarr,PHerc0500P2/segments/20250825181907-0/surface-volumes/4.317um-1.2m-111keV-volume-20250528085330.zarr,zarr,"micrometer,micrometer,micrometer","4.317,4.317,4.317",4.317,True,consistent,,False
PHerc0500P2/segments/20250825181907-0,PHerc0500P2,9.362um-1.2m-113keV-volume-20250820143440.zarr,PHerc0500P2/segments/20250825181907-0/surface-volumes/9.362um-1.2m-113keV-volume-20250820143440.zarr,zarr,"micrometer,micrometer,micrometer","9.362,9.362,9.362",9.362,True,consistent,,False
PHerc0500P2/segments/20250825181917--2,PHerc0500P2,2.215um-0.4m-111keV-volume-20250526151718.zarr,PHerc0500P2/segments/20250825181917--2/surface-volumes/2.215um-0.4m-111keV-volume-20250526151718.zarr,zarr,"micrometer,micrometer,micrometer","2.215,2.215,2.215",2.215,True,consistent,,False
PHerc0500P2/segments/20250825181917--2,PHerc0500P2,4.317um-1.2m-111keV-volume-20250528085330.zarr,PHerc0500P2/segments/20250825181917--2/surface-volumes/4.317um-1.2m-111keV-volume-20250528085330.zarr,zarr,"micrometer,micrometer,micrometer","4.317,4.317,4.317",4.317,True,consistent,,False
PHerc0500P2/segments/20250825181917--2,PHerc0500P2,9.362um-1.2m-113keV-volume-20250820143440.zarr,PHerc0500P2/segments/20250825181917--2/surface-volumes/9.362um-1.2m-113keV-volume-20250820143440.zarr,zarr,"micrometer,micrometer,micrometer","9.362,9.362,9.362",9.362,True,consistent,,False
PHerc0500P2/segments/20250825181922-1,PHerc0500P2,2.215um-0.4m-111keV-volume-20250526151718.zarr,PHerc0500P2/segments/20250825181922-1/surface-volumes/2.215um-0.4m-111keV-volume-20250526151718.zarr,zarr,"micrometer,micrometer,micrometer","2.215,2.215,2.215",2.215,True,consistent,,False
PHerc0500P2/segments/20250825181922-1,PHerc0500P2,4.317um-1.2m-111keV-volume-20250528085330.zarr,PHerc0500P2/segments/20250825181922-1/surface-volumes/4.317um-1.2m-111keV-volume-20250528085330.zarr,zarr,"micrometer,micrometer,micrometer","4.317,4.317,4.317",4.317,True,consistent,,False
PHerc0500P2/segments/20250825181922-1,PHerc0500P2,9.362um-1.2m-113keV-volume-20250820143440.zarr,PHerc0500P2/segments/20250825181922-1/surface-volumes/9.362um-1.2m-113keV-volume-20250820143440.zarr,zarr,"micrometer,micrometer,micrometer","9.362,9.362,9.362",9.362,True,consistent,,False
PHerc0500P2/segments/20250825181928-2,PHerc0500P2,2.215um-0.4m-111keV-volume-20250526151718.zarr,PHerc0500P2/segments/20250825181928-2/surface-volumes/2.215um-0.4m-111keV-volume-20250526151718.zarr,zarr,"micrometer,micrometer,micrometer","2.215,2.215,2.215",2.215,True,consistent,,False
PHerc0500P2/segments/20250825181928-2,PHerc0500P2,4.317um-1.2m-111keV-volume-20250528085330.zarr,PHerc0500P2/segments/20250825181928-2/surface-volumes/4.317um-1.2m-111keV-volume-20250528085330.zarr,zarr,"micrometer,micrometer,micrometer","4.317,4.317,4.317",4.317,True,consistent,,False
PHerc0500P2/segments/20250825181928-2,PHerc0500P2,9.362um-1.2m-113keV-volume-20250820143440.zarr,PHerc0500P2/segments/20250825181928-2/surface-volumes/9.362um-1.2m-113keV-volume-20250820143440.zarr,zarr,"micrometer,micrometer,micrometer","9.362,9.362,9.362",9.362,True,consistent,,False
PHerc0500P2/segments/20250825181934-3,PHerc0500P2,2.215um-0.4m-111keV-volume-20250526151718.zarr,PHerc0500P2/segments/20250825181934-3/surface-volumes/2.215um-0.4m-111keV-volume-20250526151718.zarr,zarr,"micrometer,micrometer,micrometer","2.215,2.215,2.215",2.215,True,consistent,,False
PHerc0500P2/segments/20250825181934-3,PHerc0500P2,4.317um-1.2m-111keV-volume-20250528085330.zarr,PHerc0500P2/segments/20250825181934-3/surface-volumes/4.317um-1.2m-111keV-volume-20250528085330.zarr,zarr,"micrometer,micrometer,micrometer","4.317,4.317,4.317",4.317,True,consistent,,False
PHerc0500P2/segments/20250825181934-3,PHerc0500P2,9.362um-1.2m-113keV-volume-20250820143440.zarr,PHerc0500P2/segments/20250825181934-3/surface-volumes/9.362um-1.2m-113keV-volume-20250820143440.zarr,zarr,"micrometer,micrometer,micrometer","9.362,9.362,9.362",9.362,True,consistent,,False
PHerc0500P2/segments/20250825181939-4,PHerc0500P2,2.215um-0.4m-111keV-volume-20250526151718.zarr,PHerc0500P2/segments/20250825181939-4/surface-volumes/2.215um-0.4m-111keV-volume-20250526151718.zarr,zarr,"micrometer,micrometer,micrometer","2.215,2.215,2.215",2.215,True,consistent,,False
PHerc0500P2/segments/20250825181939-4,PHerc0500P2,4.317um-1.2m-111keV-volume-20250528085330.zarr,PHerc0500P2/segments/20250825181939-4/surface-volumes/4.317um-1.2m-111keV-volume-20250528085330.zarr,zarr,"micrometer,micrometer,micrometer","4.317,4.317,4.317",4.317,True,consistent,,False
PHerc0500P2/segments/20250825181939-4,PHerc0500P2,9.362um-1.2m-113keV-volume-20250820143440.zarr,PHerc0500P2/segments/20250825181939-4/surface-volumes/9.362um-1.2m-113keV-volume-20250820143440.zarr,zarr,"micrometer,micrometer,micrometer","9.362,9.362,9.362",9.362,True,consistent,,False
PHerc0500P2/segments/20250919184428-0500P2-wrap01_0919,PHerc0500P2,2.215um-0.4m-111keV-volume-20250526151718.zarr,PHerc0500P2/segments/20250919184428-0500P2-wrap01_0919/surface-volumes/2.215um-0.4m-111keV-volume-20250526151718.zarr,zarr,"micrometer,micrometer,micrometer","2.215,2.215,2.215",2.215,True,consistent,,False
PHerc0500P2/segments/20250919184428-0500P2-wrap01_0919,PHerc0500P2,4.317um-1.2m-111keV-volume-20250528085330.zarr,PHerc0500P2/segments/20250919184428-0500P2-wrap01_0919/surface-volumes/4.317um-1.2m-111keV-volume-20250528085330.zarr,zarr,"micrometer,micrometer,micrometer","4.317,4.317,4.317",4.317,True,consistent,,False
PHerc0500P2/segments/20250919184428-0500P2-wrap01_0919,PHerc0500P2,9.362um-1.2m-113keV-volume-20250820143440.zarr,PHerc0500P2/segments/20250919184428-0500P2-wrap01_0919/surface-volumes/9.362um-1.2m-113keV-volume-20250820143440.zarr,zarr,"micrometer,micrometer,micrometer","9.362,9.362,9.362",9.362,True,consistent,,False
PHerc0500P2/segments/20250919184429-0500P2-wrap02_0919,PHerc0500P2,2.215um-0.4m-111keV-volume-20250526151718.zarr,PHerc0500P2/segments/20250919184429-0500P2-wrap02_0919/surface-volumes/2.215um-0.4m-111keV-volume-20250526151718.zarr,zarr,"micrometer,micrometer,micrometer","2.215,2.215,2.215",2.215,True,consistent,,False
PHerc0500P2/segments/20250919184429-0500P2-wrap02_0919,PHerc0500P2,4.317um-1.2m-111keV-volume-20250528085330.zarr,PHerc0500P2/segments/20250919184429-0500P2-wrap02_0919/surface-volumes/4.317um-1.2m-111keV-volume-20250528085330.zarr,zarr,"micrometer,micrometer,micrometer","4.317,4.317,4.317",4.317,True,consistent,,False
PHerc0500P2/segments/20250919184429-0500P2-wrap02_0919,PHerc0500P2,9.362um-1.2m-113keV-volume-20250820143440.zarr,PHerc0500P2/segments/20250919184429-0500P2-wrap02_0919/surface-volumes/9.362um-1.2m-113keV-volume-20250820143440.zarr,zarr,"micrometer,micrometer,micrometer","9.362,9.362,9.362",9.362,True,consistent,,False
PHerc0500P2/segments/20250919184430-0500P2-wrap03_0919,PHerc0500P2,2.215um-0.4m-111keV-volume-20250526151718.zarr,PHerc0500P2/segments/20250919184430-0500P2-wrap03_0919/surface-volumes/2.215um-0.4m-111keV-volume-20250526151718.zarr,zarr,"micrometer,micrometer,micrometer","2.215,2.215,2.215",2.215,True,consistent,,False
PHerc0500P2/segments/20250919184430-0500P2-wrap03_0919,PHerc0500P2,4.317um-1.2m-111keV-volume-20250528085330.zarr,PHerc0500P2/segments/20250919184430-0500P2-wrap03_0919/surface-volumes/4.317um-1.2m-111keV-volume-20250528085330.zarr,zarr,"micrometer,micrometer,micrometer","4.317,4.317,4.317",4.317,True,consistent,,False
PHerc0500P2/segments/20250919184430-0500P2-wrap03_0919,PHerc0500P2,9.362um-1.2m-113keV-volume-20250820143440.zarr,PHerc0500P2/segments/20250919184430-0500P2-wrap03_0919/surface-volumes/9.362um-1.2m-113keV-volume-20250820143440.zarr,zarr,"micrometer,micrometer,micrometer","9.362,9.362,9.362",9.362,True,consistent,,False
PHerc0500P2/segments/20250919184431-0500P2-wrap04_0919,PHerc0500P2,2.215um-0.4m-111keV-volume-20250526151718.zarr,PHerc0500P2/segments/20250919184431-0500P2-wrap04_0919/surface-volumes/2.215um-0.4m-111keV-volume-20250526151718.zarr,zarr,"micrometer,micrometer,micrometer","2.215,2.215,2.215",2.215,True,consistent,,False
PHerc0500P2/segments/20250919184431-0500P2-wrap04_0919,PHerc0500P2,4.317um-1.2m-111keV-volume-20250528085330.zarr,PHerc0500P2/segments/20250919184431-0500P2-wrap04_0919/surface-volumes/4.317um-1.2m-111keV-volume-20250528085330.zarr,zarr,"micrometer,micrometer,micrometer","4.317,4.317,4.317",4.317,True,consistent,,False
PHerc0500P2/segments/20250919184431-0500P2-wrap04_0919,PHerc0500P2,9.362um-1.2m-113keV-volume-20250820143440.zarr,PHerc0500P2/segments/20250919184431-0500P2-wrap04_0919/surface-volumes/9.362um-1.2m-113keV-volume-20250820143440.zarr,zarr,"micrometer,micrometer,micrometer","9.362,9.362,9.362",9.362,True,consistent,,False
PHerc0500P2/segments/20250919184432-0500P2-wrap05_0919,PHerc0500P2,2.215um-0.4m-111keV-volume-20250526151718.zarr,PHerc0500P2/segments/20250919184432-0500P2-wrap05_0919/surface-volumes/2.215um-0.4m-111keV-volume-20250526151718.zarr,zarr,"micrometer,micrometer,micrometer","2.215,2.215,2.215",2.215,True,consistent,,False
PHerc0500P2/segments/20250919184432-0500P2-wrap05_0919,PHerc0500P2,4.317um-1.2m-111keV-volume-20250528085330.zarr,PHerc0500P2/segments/20250919184432-0500P2-wrap05_0919/surface-volumes/4.317um-1.2m-111keV-volume-20250528085330.zarr,zarr,"micrometer,micrometer,micrometer","4.317,4.317,4.317",4.317,True,consistent,,False
PHerc0500P2/segments/20250919184432-0500P2-wrap05_0919,PHerc0500P2,9.362um-1.2m-113keV-volume-20250820143440.zarr,PHerc0500P2/segments/20250919184432-0500P2-wrap05_0919/surface-volumes/9.362um-1.2m-113keV-volume-20250820143440.zarr,zarr,"micrometer,micrometer,micrometer","9.362,9.362,9.362",9.362,True,consistent,,False
PHerc0500P2/segments/20250919184433-0500P2-wrap06_0919,PHerc0500P2,2.215um-0.4m-111keV-volume-20250526151718.zarr,PHerc0500P2/segments/20250919184433-0500P2-wrap06_0919/surface-volumes/2.215um-0.4m-111keV-volume-20250526151718.zarr,zarr,"micrometer,micrometer,micrometer","2.215,2.215,2.215",2.215,True,consistent,,False
PHerc0500P2/segments/20250919184433-0500P2-wrap06_0919,PHerc0500P2,4.317um-1.2m-111keV-volume-20250528085330.zarr,PHerc0500P2/segments/20250919184433-0500P2-wrap06_0919/surface-volumes/4.317um-1.2m-111keV-volume-20250528085330.zarr,zarr,"micrometer,micrometer,micrometer","4.317,4.317,4.317",4.317,True,consistent,,False
PHerc0500P2/segments/20250919184433-0500P2-wrap06_0919,PHerc0500P2,9.362um-1.2m-113keV-volume-20250820143440.zarr,PHerc0500P2/segments/20250919184433-0500P2-wrap06_0919/surface-volumes/9.362um-1.2m-113keV-volume-20250820143440.zarr,zarr,"micrometer,micrometer,micrometer","9.362,9.362,9.362",9.362,True,consistent,,False
PHerc0500P2/segments/20250919184434-0500P2-wrap07_0919,PHerc0500P2,2.215um-0.4m-111keV-volume-20250526151718.zarr,PHerc0500P2/segments/20250919184434-0500P2-wrap07_0919/surface-volumes/2.215um-0.4m-111keV-volume-20250526151718.zarr,zarr,"micrometer,micrometer,micrometer","2.215,2.215,2.215",2.215,True,consistent,,False
PHerc0500P2/segments/20250919184434-0500P2-wrap07_0919,PHerc0500P2,4.317um-1.2m-111keV-volume-20250528085330.zarr,PHerc0500P2/segments/20250919184434-0500P2-wrap07_0919/surface-volumes/4.317um-1.2m-111keV-volume-20250528085330.zarr,zarr,"micrometer,micrometer,micrometer","4.317,4.317,4.317",4.317,True,consistent,,False
PHerc0500P2/segments/20250919184434-0500P2-wrap07_0919,PHerc0500P2,9.362um-1.2m-113keV-volume-20250820143440.zarr,PHerc0500P2/segments/20250919184434-0500P2-wrap07_0919/surface-volumes/9.362um-1.2m-113keV-volume-20250820143440.zarr,zarr,"micrometer,micrometer,micrometer","9.362,9.362,9.362",9.362,True,consistent,,False
PHerc0500P2/segments/20250919184435-0500P2-wrap08_0919,PHerc0500P2,2.215um-0.4m-111keV-volume-20250526151718.zarr,PHerc0500P2/segments/20250919184435-0500P2-wrap08_0919/surface-volumes/2.215um-0.4m-111keV-volume-20250526151718.zarr,zarr,"micrometer,micrometer,micrometer","2.215,2.215,2.215",2.215,True,consistent,,False
PHerc0500P2/segments/20250919184435-0500P2-wrap08_0919,PHerc0500P2,4.317um-1.2m-111keV-volume-20250528085330.zarr,PHerc0500P2/segments/20250919184435-0500P2-wrap08_0919/surface-volumes/4.317um-1.2m-111keV-volume-20250528085330.zarr,zarr,"micrometer,micrometer,micrometer","4.317,4.317,4.317",4.317,True,consistent,,False
PHerc0500P2/segments/20250919184435-0500P2-wrap08_0919,PHerc0500P2,9.362um-1.2m-113keV-volume-20250820143440.zarr,PHerc0500P2/segments/20250919184435-0500P2-wrap08_0919/surface-volumes/9.362um-1.2m-113keV-volume-20250820143440.zarr,zarr,"micrometer,micrometer,micrometer","9.362,9.362,9.362",9.362,True,consistent,,False
PHerc0500P2/segments/20250919184436-0500P2-wrap09_0919,PHerc0500P2,2.215um-0.4m-111keV-volume-20250526151718.zarr,PHerc0500P2/segments/20250919184436-0500P2-wrap09_0919/surface-volumes/2.215um-0.4m-111keV-volume-20250526151718.zarr,zarr,"micrometer,micrometer,micrometer","2.215,2.215,2.215",2.215,True,consistent,,False
PHerc0500P2/segments/20250919184436-0500P2-wrap09_0919,PHerc0500P2,4.317um-1.2m-111keV-volume-20250528085330.zarr,PHerc0500P2/segments/20250919184436-0500P2-wrap09_0919/surface-volumes/4.317um-1.2m-111keV-volume-20250528085330.zarr,zarr,"micrometer,micrometer,micrometer","4.317,4.317,4.317",4.317,True,consistent,,False
PHerc0500P2/segments/20250919184436-0500P2-wrap09_0919,PHerc0500P2,9.362um-1.2m-113keV-volume-20250820143440.zarr,PHerc0500P2/segments/20250919184436-0500P2-wrap09_0919/surface-volumes/9.362um-1.2m-113keV-volume-20250820143440.zarr,zarr,"micrometer,micrometer,micrometer","9.362,9.362,9.362",9.362,True,consistent,,False
PHerc0500P2/segments/20250920020222-0500P2-wrap10_0919,PHerc0500P2,2.215um-0.4m-111keV-volume-20250526151718.zarr,PHerc0500P2/segments/20250920020222-0500P2-wrap10_0919/surface-volumes/2.215um-0.4m-111keV-volume-20250526151718.zarr,zarr,"micrometer,micrometer,micrometer","2.215,2.215,2.215",2.215,True,consistent,,False
PHerc0500P2/segments/20250920020222-0500P2-wrap10_0919,PHerc0500P2,4.317um-1.2m-111keV-volume-20250528085330.zarr,PHerc0500P2/segments/20250920020222-0500P2-wrap10_0919/surface-volumes/4.317um-1.2m-111keV-volume-20250528085330.zarr,zarr,"micrometer,micrometer,micrometer","4.317,4.317,4.317",4.317,True,consistent,,False
PHerc0500P2/segments/20250920020222-0500P2-wrap10_0919,PHerc0500P2,9.362um-1.2m-113keV-volume-20250820143440.zarr,PHerc0500P2/segments/20250920020222-0500P2-wrap10_0919/surface-volumes/9.362um-1.2m-113keV-volume-20250820143440.zarr,zarr,"micrometer,micrometer,micrometer","9.362,9.362,9.362",9.362,True,consistent,,False
PHerc0500P2/segments/20250920020223-0500P2-wrap12_0919,PHerc0500P2,2.215um-0.4m-111keV-volume-20250526151718.zarr,PHerc0500P2/segments/20250920020223-0500P2-wrap12_0919/surface-volumes/2.215um-0.4m-111keV-volume-20250526151718.zarr,zarr,"micrometer,micrometer,micrometer","2.215,2.215,2.215",2.215,True,consistent,,False
PHerc0500P2/segments/20250920020223-0500P2-wrap12_0919,PHerc0500P2,4.317um-1.2m-111keV-volume-20250528085330.zarr,PHerc0500P2/segments/20250920020223-0500P2-wrap12_0919/surface-volumes/4.317um-1.2m-111keV-volume-20250528085330.zarr,zarr,"micrometer,micrometer,micrometer","4.317,4.317,4.317",4.317,True,consistent,,False
PHerc0500P2/segments/20250920020223-0500P2-wrap12_0919,PHerc0500P2,9.362um-1.2m-113keV-volume-20250820143440.zarr,PHerc0500P2/segments/20250920020223-0500P2-wrap12_0919/surface-volumes/9.362um-1.2m-113keV-volume-20250820143440.zarr,zarr,"micrometer,micrometer,micrometer","9.362,9.362,9.362",9.362,True,consistent,,False
PHerc0500P2/segments/20250920020224-0500P2-wrap13_0919,PHerc0500P2,2.215um-0.4m-111keV-volume-20250526151718.zarr,PHerc0500P2/segments/20250920020224-0500P2-wrap13_0919/surface-volumes/2.215um-0.4m-111keV-volume-20250526151718.zarr,zarr,"micrometer,micrometer,micrometer","2.215,2.215,2.215",2.215,True,consistent,,False
PHerc0500P2/segments/20250920020224-0500P2-wrap13_0919,PHerc0500P2,4.317um-1.2m-111keV-volume-20250528085330.zarr,PHerc0500P2/segments/20250920020224-0500P2-wrap13_0919/surface-volumes/4.317um-1.2m-111keV-volume-20250528085330.zarr,zarr,"micrometer,micrometer,micrometer","4.317,4.317,4.317",4.317,True,consistent,,False
PHerc0500P2/segments/20250920020224-0500P2-wrap13_0919,PHerc0500P2,9.362um-1.2m-113keV-volume-20250820143440.zarr,PHerc0500P2/segments/20250920020224-0500P2-wrap13_0919/surface-volumes/9.362um-1.2m-113keV-volume-20250820143440.zarr,zarr,"micrometer,micrometer,micrometer","9.362,9.362,9.362",9.362,True,consistent,,False
PHerc0500P2/segments/20250922024644-0500P2-wrap11_0919,PHerc0500P2,2.215um-0.4m-111keV-volume-20250526151718.zarr,PHerc0500P2/segments/20250922024644-0500P2-wrap11_0919/surface-volumes/2.215um-0.4m-111keV-volume-20250526151718.zarr,zarr,"micrometer,micrometer,micrometer","2.215,2.215,2.215",2.215,True,consistent,,False
PHerc0500P2/segments/20250922024644-0500P2-wrap11_0919,PHerc0500P2,4.317um-1.2m-111keV-volume-20250528085330.zarr,PHerc0500P2/segments/20250922024644-0500P2-wrap11_0919/surface-volumes/4.317um-1.2m-111keV-volume-20250528085330.zarr,zarr,"micrometer,micrometer,micrometer","4.317,4.317,4.317",4.317,True,consistent,,False
PHerc0500P2/segments/20250922024644-0500P2-wrap11_0919,PHerc0500P2,9.362um-1.2m-113keV-volume-20250820143440.zarr,PHerc0500P2/segments/20250922024644-0500P2-wrap11_0919/surface-volumes/9.362um-1.2m-113keV-volume-20250820143440.zarr,zarr,"micrometer,micrometer,micrometer","9.362,9.362,9.362",9.362,True,consistent,,False
PHerc0800/segments/20251028213516-auto_grown_20251028213516907,PHerc0800,8.64um-1.2m-116keV-volume-20250521135224.zarr,PHerc0800/segments/20251028213516-auto_grown_20251028213516907/surface-volumes/8.64um-1.2m-116keV-volume-20250521135224.zarr,zarr,"micrometer,micrometer,micrometer","8.64,8.64,8.64",8.64,True,consistent,,False
PHerc0800/segments/20251028220042-auto_grown_20251028220042762,PHerc0800,8.64um-1.2m-116keV-volume-20250521135224.zarr,PHerc0800/segments/20251028220042-auto_grown_20251028220042762/surface-volumes/8.64um-1.2m-116keV-volume-20250521135224.zarr,zarr,"micrometer,micrometer,micrometer","8.64,8.64,8.64",8.64,True,consistent,,False
PHerc0800/segments/20251028220955-auto_grown_20251028220955262,PHerc0800,8.64um-1.2m-116keV-volume-20250521135224.zarr,PHerc0800/segments/20251028220955-auto_grown_20251028220955262/surface-volumes/8.64um-1.2m-116keV-volume-20250521135224.zarr,zarr,"micrometer,micrometer,micrometer","8.64,8.64,8.64",8.64,True,consistent,,False
PHerc0800/segments/20251028222030-auto_grown_20251028222030940,PHerc0800,8.64um-1.2m-116keV-volume-20250521135224.zarr,PHerc0800/segments/20251028222030-auto_grown_20251028222030940/surface-volumes/8.64um-1.2m-116keV-volume-20250521135224.zarr,zarr,"micrometer,micrometer,micrometer","8.64,8.64,8.64",8.64,True,consistent,,False
PHerc0800/segments/20251028225813-auto_grown_20251028225813045,PHerc0800,8.64um-1.2m-116keV-volume-20250521135224.zarr,PHerc0800/segments/20251028225813-auto_grown_20251028225813045/surface-volumes/8.64um-1.2m-116keV-volume-20250521135224.zarr,zarr,"micrometer,micrometer,micrometer","8.64,8.64,8.64",8.64,True,consistent,,False
PHerc0800/segments/20251029010146-auto_grown_20251029010146642,PHerc0800,8.64um-1.2m-116keV-volume-20250521135224.zarr,PHerc0800/segments/20251029010146-auto_grown_20251029010146642/surface-volumes/8.64um-1.2m-116keV-volume-20250521135224.zarr,zarr,"micrometer,micrometer,micrometer","8.64,8.64,8.64",8.64,True,consistent,,False
PHerc0814/segments/20250925161630-auto_grown_20250925161630635,PHerc0814,1.129um-0.22m-59keV-volume-20260521123630-L1.zarr,PHerc0814/segments/20250925161630-auto_grown_20250925161630635/surface-volumes/1.129um-0.22m-59keV-volume-20260521123630-L1.zarr,zarr,"micrometer,micrometer,micrometer","2.258,2.258,2.258",1.129,False,consistent,,False
PHerc0814/segments/20250925161630-auto_grown_20250925161630635,PHerc0814,1.129um-0.22m-59keV-volume-20260521123630.zarr,PHerc0814/segments/20250925161630-auto_grown_20250925161630635/surface-volumes/1.129um-0.22m-59keV-volume-20260521123630.zarr,zarr,"micrometer,micrometer,micrometer","1.129,1.129,1.129",1.129,True,consistent,,False
PHerc0814/segments/20250925161630-auto_grown_20250925161630635,PHerc0814,2.399um-0.22m-78keV-volume-20260309142202.zarr,PHerc0814/segments/20250925161630-auto_grown_20250925161630635/surface-volumes/2.399um-0.22m-78keV-volume-20260309142202.zarr,zarr,"micrometer,micrometer,micrometer","2.399,2.399,2.399",2.399,True,consistent,,False
PHerc0814/segments/20250925161630-auto_grown_20250925161630635,PHerc0814,9.362um-1.2m-113keV-volume-20250804134230.zarr,PHerc0814/segments/20250925161630-auto_grown_20250925161630635/surface-volumes/9.362um-1.2m-113keV-volume-20250804134230.zarr,zarr,"micrometer,micrometer,micrometer","9.362,9.362,9.362",9.362,True,consistent,,False
PHerc0814/segments/20250925182632-auto_grown_20250925182632715,PHerc0814,1.129um-0.22m-59keV-volume-20260521123630-L1.zarr,PHerc0814/segments/20250925182632-auto_grown_20250925182632715/surface-volumes/1.129um-0.22m-59keV-volume-20260521123630-L1.zarr,zarr,"micrometer,micrometer,micrometer","2.258,2.258,2.258",1.129,False,consistent,,False
PHerc0814/segments/20250925182632-auto_grown_20250925182632715,PHerc0814,1.129um-0.22m-59keV-volume-20260521123630.zarr,PHerc0814/segments/20250925182632-auto_grown_20250925182632715/surface-volumes/1.129um-0.22m-59keV-volume-20260521123630.zarr,zarr,"micrometer,micrometer,micrometer","1.129,1.129,1.129",1.129,True,consistent,,False
PHerc0814/segments/20250925182632-auto_grown_20250925182632715,PHerc0814,2.399um-0.22m-78keV-volume-20260309142202.zarr,PHerc0814/segments/20250925182632-auto_grown_20250925182632715/surface-volumes/2.399um-0.22m-78keV-volume-20260309142202.zarr,zarr,"micrometer,micrometer,micrometer","2.399,2.399,2.399",2.399,True,consistent,,False
PHerc0814/segments/20250925182632-auto_grown_20250925182632715,PHerc0814,9.362um-1.2m-113keV-volume-20250804134230.zarr,PHerc0814/segments/20250925182632-auto_grown_20250925182632715/surface-volumes/9.362um-1.2m-113keV-volume-20250804134230.zarr,zarr,"micrometer,micrometer,micrometer","9.362,9.362,9.362",9.362,True,consistent,,False
PHerc0814/segments/20250925204843-auto_grown_20250925204843950,PHerc0814,1.129um-0.22m-59keV-volume-20260521123630-L1.zarr,PHerc0814/segments/20250925204843-auto_grown_20250925204843950/surface-volumes/1.129um-0.22m-59keV-volume-20260521123630-L1.zarr,zarr,"micrometer,micrometer,micrometer","2.258,2.258,2.258",1.129,False,consistent,,False
PHerc0814/segments/20250925204843-auto_grown_20250925204843950,PHerc0814,2.399um-0.22m-78keV-volume-20260309142202.zarr,PHerc0814/segments/20250925204843-auto_grown_20250925204843950/surface-volumes/2.399um-0.22m-78keV-volume-20260309142202.zarr,zarr,"micrometer,micrometer,micrometer","2.399,2.399,2.399",2.399,True,consistent,,False
PHerc0814/segments/20250925204843-auto_grown_20250925204843950,PHerc0814,9.362um-1.2m-113keV-volume-20250804134230.zarr,PHerc0814/segments/20250925204843-auto_grown_20250925204843950/surface-volumes/9.362um-1.2m-113keV-volume-20250804134230.zarr,zarr,"micrometer,micrometer,micrometer","9.362,9.362,9.362",9.362,True,consistent,,False
PHerc0814/segments/20250925212701-auto_grown_20250925212701145,PHerc0814,1.129um-0.22m-59keV-volume-20260521123630-L1.zarr,PHerc0814/segments/20250925212701-auto_grown_20250925212701145/surface-volumes/1.129um-0.22m-59keV-volume-20260521123630-L1.zarr,zarr,"micrometer,micrometer,micrometer","2.258,2.258,2.258",1.129,False,consistent,,False
PHerc0814/segments/20250925212701-auto_grown_20250925212701145,PHerc0814,1.129um-0.22m-59keV-volume-20260521123630.zarr,PHerc0814/segments/20250925212701-auto_grown_20250925212701145/surface-volumes/1.129um-0.22m-59keV-volume-20260521123630.zarr,zarr,"micrometer,micrometer,micrometer","1.129,1.129,1.129",1.129,True,consistent,,False
PHerc0814/segments/20250925212701-auto_grown_20250925212701145,PHerc0814,2.399um-0.22m-78keV-volume-20260309142202.zarr,PHerc0814/segments/20250925212701-auto_grown_20250925212701145/surface-volumes/2.399um-0.22m-78keV-volume-20260309142202.zarr,zarr,"micrometer,micrometer,micrometer","2.399,2.399,2.399",2.399,True,consistent,,False
PHerc0814/segments/20250925212701-auto_grown_20250925212701145,PHerc0814,9.362um-1.2m-113keV-volume-20250804134230.zarr,PHerc0814/segments/20250925212701-auto_grown_20250925212701145/surface-volumes/9.362um-1.2m-113keV-volume-20250804134230.zarr,zarr,"micrometer,micrometer,micrometer","9.362,9.362,9.362",9.362,True,consistent,,False
PHerc0814/segments/20250925222237-auto_grown_20250925222237459,PHerc0814,1.129um-0.22m-59keV-volume-20260521123630-L1.zarr,PHerc0814/segments/20250925222237-auto_grown_20250925222237459/surface-volumes/1.129um-0.22m-59keV-volume-20260521123630-L1.zarr,zarr,"micrometer,micrometer,micrometer","2.258,2.258,2.258",1.129,False,consistent,,False
PHerc0814/segments/20250925222237-auto_grown_20250925222237459,PHerc0814,1.129um-0.22m-59keV-volume-20260521123630.zarr,PHerc0814/segments/20250925222237-auto_grown_20250925222237459/surface-volumes/1.129um-0.22m-59keV-volume-20260521123630.zarr,zarr,"micrometer,micrometer,micrometer","1.129,1.129,1.129",1.129,True,consistent,,False
PHerc0814/segments/20250925222237-auto_grown_20250925222237459,PHerc0814,2.399um-0.22m-78keV-volume-20260309142202.zarr,PHerc0814/segments/20250925222237-auto_grown_20250925222237459/surface-volumes/2.399um-0.22m-78keV-volume-20260309142202.zarr,zarr,"micrometer,micrometer,micrometer","2.399,2.399,2.399",2.399,True,consistent,,False
PHerc0814/segments/20250925222237-auto_grown_20250925222237459,PHerc0814,9.362um-1.2m-113keV-volume-20250804134230.zarr,PHerc0814/segments/20250925222237-auto_grown_20250925222237459/surface-volumes/9.362um-1.2m-113keV-volume-20250804134230.zarr,zarr,"micrometer,micrometer,micrometer","9.362,9.362,9.362",9.362,True,consistent,,False
PHerc0814/segments/20250926051122-auto_grown_20250926051122829,PHerc0814,1.129um-0.22m-59keV-volume-20260521123630-L1.zarr,PHerc0814/segments/20250926051122-auto_grown_20250926051122829/surface-volumes/1.129um-0.22m-59keV-volume-20260521123630-L1.zarr,zarr,"micrometer,micrometer,micrometer","2.258,2.258,2.258",1.129,False,consistent,,False
PHerc0814/segments/20250926051122-auto_grown_20250926051122829,PHerc0814,2.399um-0.22m-78keV-volume-20260309142202.zarr,PHerc0814/segments/20250926051122-auto_grown_20250926051122829/surface-volumes/2.399um-0.22m-78keV-volume-20260309142202.zarr,zarr,"micrometer,micrometer,micrometer","2.399,2.399,2.399",2.399,True,consistent,,False
PHerc0814/segments/20250926051122-auto_grown_20250926051122829,PHerc0814,9.362um-1.2m-113keV-volume-20250804134230.zarr,PHerc0814/segments/20250926051122-auto_grown_20250926051122829/surface-volumes/9.362um-1.2m-113keV-volume-20250804134230.zarr,zarr,"micrometer,micrometer,micrometer","9.362,9.362,9.362",9.362,True,consistent,,False
PHerc0814/segments/20250926165636-auto_trace_20250926165636789,PHerc0814,1.129um-0.22m-59keV-volume-20260521123630-L1.zarr,PHerc0814/segments/20250926165636-auto_trace_20250926165636789/surface-volumes/1.129um-0.22m-59keV-volume-20260521123630-L1.zarr,zarr,"micrometer,micrometer,micrometer","2.258,2.258,2.258",1.129,False,consistent,,False
PHerc0814/segments/20250926165636-auto_trace_20250926165636789,PHerc0814,2.399um-0.22m-78keV-volume-20260309142202.zarr,PHerc0814/segments/20250926165636-auto_trace_20250926165636789/surface-volumes/2.399um-0.22m-78keV-volume-20260309142202.zarr,zarr,"micrometer,micrometer,micrometer","2.399,2.399,2.399",2.399,True,consistent,,False
PHerc0814/segments/20250926165636-auto_trace_20250926165636789,PHerc0814,9.362um-1.2m-113keV-volume-20250804134230.zarr,PHerc0814/segments/20250926165636-auto_trace_20250926165636789/surface-volumes/9.362um-1.2m-113keV-volume-20250804134230.zarr,zarr,"micrometer,micrometer,micrometer","9.362,9.362,9.362",9.362,True,consistent,,False
PHerc0814/segments/20250926203608-auto_grown_20250926203608932,PHerc0814,1.129um-0.22m-59keV-volume-20260521123630-L1.zarr,PHerc0814/segments/20250926203608-auto_grown_20250926203608932/surface-volumes/1.129um-0.22m-59keV-volume-20260521123630-L1.zarr,zarr,"micrometer,micrometer,micrometer","2.258,2.258,2.258",1.129,False,consistent,,False
PHerc0814/segments/20250926203608-auto_grown_20250926203608932,PHerc0814,1.129um-0.22m-59keV-volume-20260521123630.zarr,PHerc0814/segments/20250926203608-auto_grown_20250926203608932/surface-volumes/1.129um-0.22m-59keV-volume-20260521123630.zarr,zarr,"micrometer,micrometer,micrometer","1.129,1.129,1.129",1.129,True,consistent,,False
PHerc0814/segments/20250926203608-auto_grown_20250926203608932,PHerc0814,2.399um-0.22m-78keV-volume-20260309142202.zarr,PHerc0814/segments/20250926203608-auto_grown_20250926203608932/surface-volumes/2.399um-0.22m-78keV-volume-20260309142202.zarr,zarr,"micrometer,micrometer,micrometer","2.399,2.399,2.399",2.399,True,consistent,,False
PHerc0814/segments/20250926203608-auto_grown_20250926203608932,PHerc0814,9.362um-1.2m-113keV-volume-20250804134230.zarr,PHerc0814/segments/20250926203608-auto_grown_20250926203608932/surface-volumes/9.362um-1.2m-113keV-volume-20250804134230.zarr,zarr,"micrometer,micrometer,micrometer","9.362,9.362,9.362",9.362,True,consistent,,False
PHerc0814/segments/20250928235953-auto_grown_20250928235953722,PHerc0814,1.129um-0.22m-59keV-volume-20260521123630-L1.zarr,PHerc0814/segments/20250928235953-auto_grown_20250928235953722/surface-volumes/1.129um-0.22m-59keV-volume-20260521123630-L1.zarr,zarr,"micrometer,micrometer,micrometer","2.258,2.258,2.258",1.129,False,consistent,,False
PHerc0814/segments/20250928235953-auto_grown_20250928235953722,PHerc0814,2.399um-0.22m-78keV-volume-20260309142202.zarr,PHerc0814/segments/20250928235953-auto_grown_20250928235953722/surface-volumes/2.399um-0.22m-78keV-volume-20260309142202.zarr,zarr,"micrometer,micrometer,micrometer","2.399,2.399,2.399",2.399,True,consistent,,False
PHerc0814/segments/20250928235953-auto_grown_20250928235953722,PHerc0814,9.362um-1.2m-113keV-volume-20250804134230.zarr,PHerc0814/segments/20250928235953-auto_grown_20250928235953722/surface-volumes/9.362um-1.2m-113keV-volume-20250804134230.zarr,zarr,"micrometer,micrometer,micrometer","9.362,9.362,9.362",9.362,True,consistent,,False
PHerc0814/segments/20250928235954-auto_grown_20250928235953722_copy,PHerc0814,1.129um-0.22m-59keV-volume-20260521123630-L1.zarr,PHerc0814/segments/20250928235954-auto_grown_20250928235953722_copy/surface-volumes/1.129um-0.22m-59keV-volume-20260521123630-L1.zarr,zarr,"micrometer,micrometer,micrometer","2.258,2.258,2.258",1.129,False,consistent,,False
PHerc0814/segments/20250928235954-auto_grown_20250928235953722_copy,PHerc0814,2.399um-0.22m-78keV-volume-20260309142202.zarr,PHerc0814/segments/20250928235954-auto_grown_20250928235953722_copy/surface-volumes/2.399um-0.22m-78keV-volume-20260309142202.zarr,zarr,"micrometer,micrometer,micrometer","2.399,2.399,2.399",2.399,True,consistent,,False
PHerc0814/segments/20250928235954-auto_grown_20250928235953722_copy,PHerc0814,9.362um-1.2m-113keV-volume-20250804134230.zarr,PHerc0814/segments/20250928235954-auto_grown_20250928235953722_copy/surface-volumes/9.362um-1.2m-113keV-volume-20250804134230.zarr,zarr,"micrometer,micrometer,micrometer","9.362,9.362,9.362",9.362,True,consistent,,False
PHerc0814/segments/20250929040153-auto_grown_20250929040153260,PHerc0814,1.129um-0.22m-59keV-volume-20260521123630-L1.zarr,PHerc0814/segments/20250929040153-auto_grown_20250929040153260/surface-volumes/1.129um-0.22m-59keV-volume-20260521123630-L1.zarr,zarr,"micrometer,micrometer,micrometer","2.258,2.258,2.258",1.129,False,consistent,,False
PHerc0814/segments/20250929040153-auto_grown_20250929040153260,PHerc0814,1.129um-0.22m-59keV-volume-20260521123630.zarr,PHerc0814/segments/20250929040153-auto_grown_20250929040153260/surface-volumes/1.129um-0.22m-59keV-volume-20260521123630.zarr,zarr,"micrometer,micrometer,micrometer","1.129,1.129,1.129",1.129,True,consistent,,False
PHerc0814/segments/20250929040153-auto_grown_20250929040153260,PHerc0814,2.399um-0.22m-78keV-volume-20260309142202.zarr,PHerc0814/segments/20250929040153-auto_grown_20250929040153260/surface-volumes/2.399um-0.22m-78keV-volume-20260309142202.zarr,zarr,"micrometer,micrometer,micrometer","2.399,2.399,2.399",2.399,True,consistent,,False
PHerc0814/segments/20250929040153-auto_grown_20250929040153260,PHerc0814,9.362um-1.2m-113keV-volume-20250804134230.zarr,PHerc0814/segments/20250929040153-auto_grown_20250929040153260/surface-volumes/9.362um-1.2m-113keV-volume-20250804134230.zarr,zarr,"micrometer,micrometer,micrometer","9.362,9.362,9.362",9.362,True,consistent,,False
PHerc0814/segments/20250930083742-auto_grown_20250930083742882,PHerc0814,1.129um-0.22m-59keV-volume-20260521123630-L1.zarr,PHerc0814/segments/20250930083742-auto_grown_20250930083742882/surface-volumes/1.129um-0.22m-59keV-volume-20260521123630-L1.zarr,zarr,"micrometer,micrometer,micrometer","2.258,2.258,2.258",1.129,False,consistent,,False
PHerc0814/segments/20250930083742-auto_grown_20250930083742882,PHerc0814,1.129um-0.22m-59keV-volume-20260521123630.zarr,PHerc0814/segments/20250930083742-auto_grown_20250930083742882/surface-volumes/1.129um-0.22m-59keV-volume-20260521123630.zarr,zarr,"micrometer,micrometer,micrometer","1.129,1.129,1.129",1.129,True,consistent,,False
PHerc0814/segments/20250930083742-auto_grown_20250930083742882,PHerc0814,2.399um-0.22m-78keV-volume-20260309142202.zarr,PHerc0814/segments/20250930083742-auto_grown_20250930083742882/surface-volumes/2.399um-0.22m-78keV-volume-20260309142202.zarr,zarr,"micrometer,micrometer,micrometer","2.399,2.399,2.399",2.399,True,consistent,,False
PHerc0814/segments/20250930083742-auto_grown_20250930083742882,PHerc0814,9.362um-1.2m-113keV-volume-20250804134230.zarr,PHerc0814/segments/20250930083742-auto_grown_20250930083742882/surface-volumes/9.362um-1.2m-113keV-volume-20250804134230.zarr,zarr,"micrometer,micrometer,micrometer","9.362,9.362,9.362",9.362,True,consistent,,False
PHerc0814/segments/20251001060526-auto_grown_20251001060526760,PHerc0814,1.129um-0.22m-59keV-volume-20260521123630-L1.zarr,PHerc0814/segments/20251001060526-auto_grown_20251001060526760/surface-volumes/1.129um-0.22m-59keV-volume-20260521123630-L1.zarr,zarr,"micrometer,micrometer,micrometer","2.258,2.258,2.258",1.129,False,consistent,,False
PHerc0814/segments/20251001060526-auto_grown_20251001060526760,PHerc0814,1.129um-0.22m-59keV-volume-20260521123630.zarr,PHerc0814/segments/20251001060526-auto_grown_20251001060526760/surface-volumes/1.129um-0.22m-59keV-volume-20260521123630.zarr,zarr,"micrometer,micrometer,micrometer","1.129,1.129,1.129",1.129,True,consistent,,False
PHerc0814/segments/20251001060526-auto_grown_20251001060526760,PHerc0814,2.399um-0.22m-78keV-volume-20260309142202.zarr,PHerc0814/segments/20251001060526-auto_grown_20251001060526760/surface-volumes/2.399um-0.22m-78keV-volume-20260309142202.zarr,zarr,"micrometer,micrometer,micrometer","2.399,2.399,2.399",2.399,True,consistent,,False
PHerc0814/segments/20251001060526-auto_grown_20251001060526760,PHerc0814,9.362um-1.2m-113keV-volume-20250804134230.zarr,PHerc0814/segments/20251001060526-auto_grown_20251001060526760/surface-volumes/9.362um-1.2m-113keV-volume-20250804134230.zarr,zarr,"micrometer,micrometer,micrometer","9.362,9.362,9.362",9.362,True,consistent,,False
PHerc0814/segments/20260225160055-auto_grown_20260225160055913,PHerc0814,1.129um-0.22m-59keV-volume-20260521123630-L1.zarr,PHerc0814/segments/20260225160055-auto_grown_20260225160055913/surface-volumes/1.129um-0.22m-59keV-volume-20260521123630-L1.zarr,zarr,"micrometer,micrometer,micrometer","2.258,2.258,2.258",1.129,False,consistent,,False
PHerc0814/segments/20260225160055-auto_grown_20260225160055913,PHerc0814,2.399um-0.22m-78keV-volume-20260309142202.zarr,PHerc0814/segments/20260225160055-auto_grown_20260225160055913/surface-volumes/2.399um-0.22m-78keV-volume-20260309142202.zarr,zarr,"micrometer,micrometer,micrometer","2.399,2.399,2.399",2.399,True,consistent,,False
PHerc0814/segments/20260225160055-auto_grown_20260225160055913,PHerc0814,9.362um-1.2m-113keV-volume-20250804134230.zarr,PHerc0814/segments/20260225160055-auto_grown_20260225160055913/surface-volumes/9.362um-1.2m-113keV-volume-20250804134230.zarr,zarr,"micrometer,micrometer,micrometer","9.362,9.362,9.362",9.362,True,consistent,,False
PHerc0814/segments/20260226000000-46527_2um_try2,PHerc0814,1.129um-0.22m-59keV-volume-20260521123630-L1.zarr,PHerc0814/segments/20260226000000-46527_2um_try2/surface-volumes/1.129um-0.22m-59keV-volume-20260521123630-L1.zarr,zarr,"micrometer,micrometer,micrometer","2.258,2.258,2.258",1.129,False,consistent,,False
PHerc0814/segments/20260226000000-46527_2um_try2,PHerc0814,2.399um-0.22m-78keV-volume-20260309142202.zarr,PHerc0814/segments/20260226000000-46527_2um_try2/surface-volumes/2.399um-0.22m-78keV-volume-20260309142202.zarr,zarr,"micrometer,micrometer,micrometer","2.399,2.399,2.399",2.399,True,consistent,,False
PHerc0814/segments/20260226000000-46527_2um_try2,PHerc0814,9.362um-1.2m-113keV-volume-20250804134230.zarr,PHerc0814/segments/20260226000000-46527_2um_try2/surface-volumes/9.362um-1.2m-113keV-volume-20250804134230.zarr,zarr,"micrometer,micrometer,micrometer","9.362,9.362,9.362",9.362,True,consistent,,False
PHerc0814/segments/20260226110425-auto_grown_20260226110425097_abf,PHerc0814,1.129um-0.22m-59keV-volume-20260521123630-L1.zarr,PHerc0814/segments/20260226110425-auto_grown_20260226110425097_abf/surface-volumes/1.129um-0.22m-59keV-volume-20260521123630-L1.zarr,zarr,"micrometer,micrometer,micrometer","2.258,2.258,2.258",1.129,False,consistent,,False
PHerc0814/segments/20260226110425-auto_grown_20260226110425097_abf,PHerc0814,2.399um-0.22m-78keV-volume-20260309142202.zarr,PHerc0814/segments/20260226110425-auto_grown_20260226110425097_abf/surface-volumes/2.399um-0.22m-78keV-volume-20260309142202.zarr,zarr,"micrometer,micrometer,micrometer","2.399,2.399,2.399",2.399,True,consistent,,False
PHerc0814/segments/20260226110425-auto_grown_20260226110425097_abf,PHerc0814,9.362um-1.2m-113keV-volume-20250804134230.zarr,PHerc0814/segments/20260226110425-auto_grown_20260226110425097_abf/surface-volumes/9.362um-1.2m-113keV-volume-20250804134230.zarr,zarr,"micrometer,micrometer,micrometer","9.362,9.362,9.362",9.362,True,consistent,,False
PHerc0814/segments/20260226113324-auto_grown_20260226113324624_abf,PHerc0814,1.129um-0.22m-59keV-volume-20260521123630-L1.zarr,PHerc0814/segments/20260226113324-auto_grown_20260226113324624_abf/surface-volumes/1.129um-0.22m-59keV-volume-20260521123630-L1.zarr,zarr,"micrometer,micrometer,micrometer","2.258,2.258,2.258",1.129,False,consistent,,False
PHerc0814/segments/20260226113324-auto_grown_20260226113324624_abf,PHerc0814,2.399um-0.22m-78keV-volume-20260309142202.zarr,PHerc0814/segments/20260226113324-auto_grown_20260226113324624_abf/surface-volumes/2.399um-0.22m-78keV-volume-20260309142202.zarr,zarr,"micrometer,micrometer,micrometer","2.399,2.399,2.399",2.399,True,consistent,,False
PHerc0814/segments/20260226113324-auto_grown_20260226113324624_abf,PHerc0814,9.362um-1.2m-113keV-volume-20250804134230.zarr,PHerc0814/segments/20260226113324-auto_grown_20260226113324624_abf/surface-volumes/9.362um-1.2m-113keV-volume-20250804134230.zarr,zarr,"micrometer,micrometer,micrometer","9.362,9.362,9.362",9.362,True,consistent,,False
PHerc0814/segments/20260226121302-auto_grown_20260226121302716_abf,PHerc0814,1.129um-0.22m-59keV-volume-20260521123630-L1.zarr,PHerc0814/segments/20260226121302-auto_grown_20260226121302716_abf/surface-volumes/1.129um-0.22m-59keV-volume-20260521123630-L1.zarr,zarr,"micrometer,micrometer,micrometer","2.258,2.258,2.258",1.129,False,consistent,,False
PHerc0814/segments/20260226121302-auto_grown_20260226121302716_abf,PHerc0814,2.399um-0.22m-78keV-volume-20260309142202.zarr,PHerc0814/segments/20260226121302-auto_grown_20260226121302716_abf/surface-volumes/2.399um-0.22m-78keV-volume-20260309142202.zarr,zarr,"micrometer,micrometer,micrometer","2.399,2.399,2.399",2.399,True,consistent,,False
PHerc0814/segments/20260226121302-auto_grown_20260226121302716_abf,PHerc0814,9.362um-1.2m-113keV-volume-20250804134230.zarr,PHerc0814/segments/20260226121302-auto_grown_20260226121302716_abf/surface-volumes/9.362um-1.2m-113keV-volume-20250804134230.zarr,zarr,"micrometer,micrometer,micrometer","9.362,9.362,9.362",9.362,True,consistent,,False
PHerc0814/segments/20260226123353-auto_grown_20260226123353106,PHerc0814,1.129um-0.22m-59keV-volume-20260521123630-L1.zarr,PHerc0814/segments/20260226123353-auto_grown_20260226123353106/surface-volumes/1.129um-0.22m-59keV-volume-20260521123630-L1.zarr,zarr,"micrometer,micrometer,micrometer","2.258,2.258,2.258",1.129,False,consistent,,False
PHerc0814/segments/20260226123353-auto_grown_20260226123353106,PHerc0814,2.399um-0.22m-78keV-volume-20260309142202.zarr,PHerc0814/segments/20260226123353-auto_grown_20260226123353106/surface-volumes/2.399um-0.22m-78keV-volume-20260309142202.zarr,zarr,"micrometer,micrometer,micrometer","2.399,2.399,2.399",2.399,True,consistent,,False
PHerc0814/segments/20260226123353-auto_grown_20260226123353106,PHerc0814,9.362um-1.2m-113keV-volume-20250804134230.zarr,PHerc0814/segments/20260226123353-auto_grown_20260226123353106/surface-volumes/9.362um-1.2m-113keV-volume-20250804134230.zarr,zarr,"micrometer,micrometer,micrometer","9.362,9.362,9.362",9.362,True,consistent,,False
PHerc0841/segments/20260220213127-w00,PHerc0841,2.403um-0.22m-77keV-volume-20260319124803.zarr,PHerc0841/segments/20260220213127-w00/surface-volumes/2.403um-0.22m-77keV-volume-20260319124803.zarr,zarr,"micrometer,micrometer,micrometer","2.403,2.403,2.403",2.403,True,consistent,,False
PHerc0841/segments/20260220213127-w00,PHerc0841,9.366um-1.2m-113keV-volume-20250821151531.zarr,PHerc0841/segments/20260220213127-w00/surface-volumes/9.366um-1.2m-113keV-volume-20250821151531.zarr,zarr,"micrometer,micrometer,micrometer","9.366,9.366,9.366",9.366,True,consistent,,False
PHerc0841/segments/20260220214732-auto_grown_20260220144552896,PHerc0841,2.403um-0.22m-77keV-volume-20260319124803.zarr,PHerc0841/segments/20260220214732-auto_grown_20260220144552896/surface-volumes/2.403um-0.22m-77keV-volume-20260319124803.zarr,zarr,"micrometer,micrometer,micrometer","2.403,2.403,2.403",2.403,True,consistent,,False
PHerc0841/segments/20260220214732-auto_grown_20260220144552896,PHerc0841,9.366um-1.2m-113keV-volume-20250821151531.zarr,PHerc0841/segments/20260220214732-auto_grown_20260220144552896/surface-volumes/9.366um-1.2m-113keV-volume-20250821151531.zarr,zarr,"micrometer,micrometer,micrometer","9.366,9.366,9.366",9.366,True,consistent,,False
PHerc0841/segments/20260221022814-auto_grown_20260220174252405,PHerc0841,2.403um-0.22m-77keV-volume-20260319124803.zarr,PHerc0841/segments/20260221022814-auto_grown_20260220174252405/surface-volumes/2.403um-0.22m-77keV-volume-20260319124803.zarr,zarr,"micrometer,micrometer,micrometer","2.403,2.403,2.403",2.403,True,consistent,,False
PHerc0841/segments/20260221022814-auto_grown_20260220174252405,PHerc0841,9.366um-1.2m-113keV-volume-20250821151531.zarr,PHerc0841/segments/20260221022814-auto_grown_20260220174252405/surface-volumes/9.366um-1.2m-113keV-volume-20250821151531.zarr,zarr,"micrometer,micrometer,micrometer","9.366,9.366,9.366",9.366,True,consistent,,False
PHerc1447/segments/20250502180708-auto_grown_20250502160708188,PHerc1447,8.64um-1.2m-116keV-volume-20250521151220.zarr,PHerc1447/segments/20250502180708-auto_grown_20250502160708188/surface-volumes/8.64um-1.2m-116keV-volume-20250521151220.zarr,zarr,"micrometer,micrometer,micrometer","8.64,8.64,8.64",8.64,True,consistent,,False
PHerc1447/segments/20250502180748-auto_grown_20250502160748721,PHerc1447,8.64um-1.2m-116keV-volume-20250521151220.zarr,PHerc1447/segments/20250502180748-auto_grown_20250502160748721/surface-volumes/8.64um-1.2m-116keV-volume-20250521151220.zarr,zarr,"micrometer,micrometer,micrometer","8.64,8.64,8.64",8.64,True,consistent,,False
PHerc1447/segments/20250502182142-auto_grown_20250502161324419,PHerc1447,8.64um-1.2m-116keV-volume-20250521151220.zarr,PHerc1447/segments/20250502182142-auto_grown_20250502161324419/surface-volumes/8.64um-1.2m-116keV-volume-20250521151220.zarr,zarr,"micrometer,micrometer,micrometer","8.64,8.64,8.64",8.64,True,consistent,,False
PHerc1447/segments/20250502182456-auto_grown_20250502161202782,PHerc1447,8.64um-1.2m-116keV-volume-20250521151220.zarr,PHerc1447/segments/20250502182456-auto_grown_20250502161202782/surface-volumes/8.64um-1.2m-116keV-volume-20250521151220.zarr,zarr,"micrometer,micrometer,micrometer","8.64,8.64,8.64",8.64,True,consistent,,False
PHerc1447/segments/20250502183138-auto_grown_20250502162038685,PHerc1447,8.64um-1.2m-116keV-volume-20250521151220.zarr,PHerc1447/segments/20250502183138-auto_grown_20250502162038685/surface-volumes/8.64um-1.2m-116keV-volume-20250521151220.zarr,zarr,"micrometer,micrometer,micrometer","8.64,8.64,8.64",8.64,True,consistent,,False
PHerc1447/segments/20250502183421-auto_grown_20250502161744358,PHerc1447,8.64um-1.2m-116keV-volume-20250521151220.zarr,PHerc1447/segments/20250502183421-auto_grown_20250502161744358/surface-volumes/8.64um-1.2m-116keV-volume-20250521151220.zarr,zarr,"micrometer,micrometer,micrometer","8.64,8.64,8.64",8.64,True,consistent,,False
PHerc1447/segments/20250502184201-auto_grown_20250502163549332,PHerc1447,8.64um-1.2m-116keV-volume-20250521151220.zarr,PHerc1447/segments/20250502184201-auto_grown_20250502163549332/surface-volumes/8.64um-1.2m-116keV-volume-20250521151220.zarr,zarr,"micrometer,micrometer,micrometer","8.64,8.64,8.64",8.64,True,consistent,,False
PHerc1447/segments/20250502184658-auto_grown_20250502163923577,PHerc1447,8.64um-1.2m-116keV-volume-20250521151220.zarr,PHerc1447/segments/20250502184658-auto_grown_20250502163923577/surface-volumes/8.64um-1.2m-116keV-volume-20250521151220.zarr,zarr,"micrometer,micrometer,micrometer","8.64,8.64,8.64",8.64,True,consistent,,False
PHerc1447/segments/20250502184845-auto_grown_20250502164121265,PHerc1447,8.64um-1.2m-116keV-volume-20250521151220.zarr,PHerc1447/segments/20250502184845-auto_grown_20250502164121265/surface-volumes/8.64um-1.2m-116keV-volume-20250521151220.zarr,zarr,"micrometer,micrometer,micrometer","8.64,8.64,8.64",8.64,True,consistent,,False
PHerc1447/segments/20250502185519-auto_grown_20250502164303733,PHerc1447,8.64um-1.2m-116keV-volume-20250521151220.zarr,PHerc1447/segments/20250502185519-auto_grown_20250502164303733/surface-volumes/8.64um-1.2m-116keV-volume-20250521151220.zarr,zarr,"micrometer,micrometer,micrometer","8.64,8.64,8.64",8.64,True,consistent,,False
PHerc1447/segments/20250502205333-auto_grown_20250502181030065,PHerc1447,8.64um-1.2m-116keV-volume-20250521151220.zarr,PHerc1447/segments/20250502205333-auto_grown_20250502181030065/surface-volumes/8.64um-1.2m-116keV-volume-20250521151220.zarr,zarr,"micrometer,micrometer,micrometer","8.64,8.64,8.64",8.64,True,consistent,,False
PHerc1447/segments/20250702235910-auto_grown_20250702235910292,PHerc1447,8.64um-1.2m-116keV-volume-20250521151220.zarr,PHerc1447/segments/20250702235910-auto_grown_20250702235910292/surface-volumes/8.64um-1.2m-116keV-volume-20250521151220.zarr,zarr,",,","1,1,1",8.64,False,units_absent,,True
PHerc1447/segments/20250703025628-auto_grown_20250703025628283,PHerc1447,8.64um-1.2m-116keV-volume-20250521151220.zarr,PHerc1447/segments/20250703025628-auto_grown_20250703025628283/surface-volumes/8.64um-1.2m-116keV-volume-20250521151220.zarr,zarr,",,","1,1,1",8.64,False,units_absent,,True
PHerc1447/segments/20250703034159-auto_grown_20250703034159599,PHerc1447,8.64um-1.2m-116keV-volume-20250521151220.zarr,PHerc1447/segments/20250703034159-auto_grown_20250703034159599/surface-volumes/8.64um-1.2m-116keV-volume-20250521151220.zarr,zarr,",,","1,1,1",8.64,False,units_absent,,True
PHerc1447/segments/20251105093211-z_dbg_gen_00320,PHerc1447,8.64um-1.2m-116keV-volume-20250521151220.zarr,PHerc1447/segments/20251105093211-z_dbg_gen_00320/surface-volumes/8.64um-1.2m-116keV-volume-20250521151220.zarr,zarr,",,","1,1,1",8.64,False,units_absent,,True
PHerc1667/segments/20240304141531-w013_20240304141531_flatboi,PHerc1667,1.129um-0.22m-59keV-volume-20260323082859-L1.zarr,PHerc1667/segments/20240304141531-w013_20240304141531_flatboi/surface-volumes/1.129um-0.22m-59keV-volume-20260323082859-L1.zarr,zarr,"micrometer,micrometer,micrometer","2.258,2.258,2.258",1.129,False,consistent,,False
PHerc1667/segments/20240304141531-w013_20240304141531_flatboi,PHerc1667,2.399um-0.22m-78keV-volume-20251217075048.zarr,PHerc1667/segments/20240304141531-w013_20240304141531_flatboi/surface-volumes/2.399um-0.22m-78keV-volume-20251217075048.zarr,zarr,"micrometer,micrometer,micrometer","2.399,2.399,2.399",2.399,True,consistent,,False
PHerc1667/segments/20240304144031-w018_20240304144031_flatboi,PHerc1667,1.129um-0.22m-59keV-volume-20260323082859-L1.zarr,PHerc1667/segments/20240304144031-w018_20240304144031_flatboi/surface-volumes/1.129um-0.22m-59keV-volume-20260323082859-L1.zarr,zarr,"micrometer,micrometer,micrometer","2.258,2.258,2.258",1.129,False,consistent,,False
PHerc1667/segments/20240304144031-w018_20240304144031_flatboi,PHerc1667,2.399um-0.22m-78keV-volume-20251217075048.zarr,PHerc1667/segments/20240304144031-w018_20240304144031_flatboi/surface-volumes/2.399um-0.22m-78keV-volume-20251217075048.zarr,zarr,"micrometer,micrometer,micrometer","2.399,2.399,2.399",2.399,True,consistent,,False
PHerc1667/segments/20240304161941-w023_20240304161941_flatboi,PHerc1667,1.129um-0.22m-59keV-volume-20260323082859-L1.zarr,PHerc1667/segments/20240304161941-w023_20240304161941_flatboi/surface-volumes/1.129um-0.22m-59keV-volume-20260323082859-L1.zarr,zarr,"micrometer,micrometer,micrometer","2.258,2.258,2.258",1.129,False,consistent,,False
PHerc1667/segments/20240304161941-w023_20240304161941_flatboi,PHerc1667,2.399um-0.22m-78keV-volume-20251217075048.zarr,PHerc1667/segments/20240304161941-w023_20240304161941_flatboi/surface-volumes/2.399um-0.22m-78keV-volume-20251217075048.zarr,zarr,"micrometer,micrometer,micrometer","2.399,2.399,2.399",2.399,True,consistent,,False
PHerc1667/segments/20251206103305-w012_20251206103305555_flatboi,PHerc1667,1.129um-0.22m-59keV-volume-20260323082859-L1.zarr,PHerc1667/segments/20251206103305-w012_20251206103305555_flatboi/surface-volumes/1.129um-0.22m-59keV-volume-20260323082859-L1.zarr,zarr,"micrometer,micrometer,micrometer","2.258,2.258,2.258",1.129,False,consistent,,False
PHerc1667/segments/20251206103305-w012_20251206103305555_flatboi,PHerc1667,1.129um-0.22m-59keV-volume-20260323082859.zarr,PHerc1667/segments/20251206103305-w012_20251206103305555_flatboi/surface-volumes/1.129um-0.22m-59keV-volume-20260323082859.zarr,zarr,"micrometer,micrometer,micrometer","1.129,1.129,1.129",1.129,True,consistent,,False
PHerc1667/segments/20251206103305-w012_20251206103305555_flatboi,PHerc1667,2.399um-0.22m-78keV-volume-20251217075048.zarr,PHerc1667/segments/20251206103305-w012_20251206103305555_flatboi/surface-volumes/2.399um-0.22m-78keV-volume-20251217075048.zarr,zarr,"micrometer,micrometer,micrometer","2.399,2.399,2.399",2.399,True,consistent,,False
PHerc1667/segments/20251208130119-w028_20251208130119156_flatboi,PHerc1667,1.129um-0.22m-59keV-volume-20260323082859-L1.zarr,PHerc1667/segments/20251208130119-w028_20251208130119156_flatboi/surface-volumes/1.129um-0.22m-59keV-volume-20260323082859-L1.zarr,zarr,"micrometer,micrometer,micrometer","2.258,2.258,2.258",1.129,False,consistent,,False
PHerc1667/segments/20251208130119-w028_20251208130119156_flatboi,PHerc1667,2.399um-0.22m-78keV-volume-20251217075048.zarr,PHerc1667/segments/20251208130119-w028_20251208130119156_flatboi/surface-volumes/2.399um-0.22m-78keV-volume-20251217075048.zarr,zarr,"micrometer,micrometer,micrometer","2.399,2.399,2.399",2.399,True,consistent,,False
PHerc1667/segments/20251212185248-w029_20251212185248662_flatboi,PHerc1667,1.129um-0.22m-59keV-volume-20260323082859-L1.zarr,PHerc1667/segments/20251212185248-w029_20251212185248662_flatboi/surface-volumes/1.129um-0.22m-59keV-volume-20260323082859-L1.zarr,zarr,"micrometer,micrometer,micrometer","2.258,2.258,2.258",1.129,False,consistent,,False
PHerc1667/segments/20251212185248-w029_20251212185248662_flatboi,PHerc1667,2.399um-0.22m-78keV-volume-20251217075048.zarr,PHerc1667/segments/20251212185248-w029_20251212185248662_flatboi/surface-volumes/2.399um-0.22m-78keV-volume-20251217075048.zarr,zarr,"micrometer,micrometer,micrometer","2.399,2.399,2.399",2.399,True,consistent,,False
PHerc1667/segments/20251220020000-w030_2025122002_flatboi,PHerc1667,1.129um-0.22m-59keV-volume-20260323082859-L1.zarr,PHerc1667/segments/20251220020000-w030_2025122002_flatboi/surface-volumes/1.129um-0.22m-59keV-volume-20260323082859-L1.zarr,zarr,"micrometer,micrometer,micrometer","2.258,2.258,2.258",1.129,False,consistent,,False
PHerc1667/segments/20251220020000-w030_2025122002_flatboi,PHerc1667,2.399um-0.22m-78keV-volume-20251217075048.zarr,PHerc1667/segments/20251220020000-w030_2025122002_flatboi/surface-volumes/2.399um-0.22m-78keV-volume-20251217075048.zarr,zarr,"micrometer,micrometer,micrometer","2.399,2.399,2.399",2.399,True,consistent,,False
PHerc1667/segments/20251223230000-w031_2025122323_flatboi,PHerc1667,1.129um-0.22m-59keV-volume-20260323082859-L1.zarr,PHerc1667/segments/20251223230000-w031_2025122323_flatboi/surface-volumes/1.129um-0.22m-59keV-volume-20260323082859-L1.zarr,zarr,"micrometer,micrometer,micrometer","2.258,2.258,2.258",1.129,False,consistent,,False
PHerc1667/segments/20251223230000-w031_2025122323_flatboi,PHerc1667,2.399um-0.22m-78keV-volume-20251217075048.zarr,PHerc1667/segments/20251223230000-w031_2025122323_flatboi/surface-volumes/2.399um-0.22m-78keV-volume-20251217075048.zarr,zarr,"micrometer,micrometer,micrometer","2.399,2.399,2.399",2.399,True,consistent,,False
PHerc1667/segments/20260105050000-w032_2026010505_flatboi,PHerc1667,1.129um-0.22m-59keV-volume-20260323082859-L1.zarr,PHerc1667/segments/20260105050000-w032_2026010505_flatboi/surface-volumes/1.129um-0.22m-59keV-volume-20260323082859-L1.zarr,zarr,"micrometer,micrometer,micrometer","2.258,2.258,2.258",1.129,False,consistent,,False
PHerc1667/segments/20260105050000-w032_2026010505_flatboi,PHerc1667,2.399um-0.22m-78keV-volume-20251217075048.zarr,PHerc1667/segments/20260105050000-w032_2026010505_flatboi/surface-volumes/2.399um-0.22m-78keV-volume-20251217075048.zarr,zarr,"micrometer,micrometer,micrometer","2.399,2.399,2.399",2.399,True,consistent,,False
PHerc1667/segments/20260108140509-w011_20260108140509268_flatboi,PHerc1667,1.129um-0.22m-59keV-volume-20260323082859-L1.zarr,PHerc1667/segments/20260108140509-w011_20260108140509268_flatboi/surface-volumes/1.129um-0.22m-59keV-volume-20260323082859-L1.zarr,zarr,"micrometer,micrometer,micrometer","2.258,2.258,2.258",1.129,False,consistent,,False
PHerc1667/segments/20260108140509-w011_20260108140509268_flatboi,PHerc1667,1.129um-0.22m-59keV-volume-20260323082859.zarr,PHerc1667/segments/20260108140509-w011_20260108140509268_flatboi/surface-volumes/1.129um-0.22m-59keV-volume-20260323082859.zarr,zarr,"micrometer,micrometer,micrometer","1.129,1.129,1.129",1.129,True,consistent,,False
PHerc1667/segments/20260108140509-w011_20260108140509268_flatboi,PHerc1667,2.399um-0.22m-78keV-volume-20251217075048.zarr,PHerc1667/segments/20260108140509-w011_20260108140509268_flatboi/surface-volumes/2.399um-0.22m-78keV-volume-20251217075048.zarr,zarr,"micrometer,micrometer,micrometer","2.399,2.399,2.399",2.399,True,consistent,,False
PHerc1667/segments/20260110010000-w033_2026011001_flatboi,PHerc1667,1.129um-0.22m-59keV-volume-20260323082859-L1.zarr,PHerc1667/segments/20260110010000-w033_2026011001_flatboi/surface-volumes/1.129um-0.22m-59keV-volume-20260323082859-L1.zarr,zarr,"micrometer,micrometer,micrometer","2.258,2.258,2.258",1.129,False,consistent,,False
PHerc1667/segments/20260110010000-w033_2026011001_flatboi,PHerc1667,2.399um-0.22m-78keV-volume-20251217075048.zarr,PHerc1667/segments/20260110010000-w033_2026011001_flatboi/surface-volumes/2.399um-0.22m-78keV-volume-20251217075048.zarr,zarr,"micrometer,micrometer,micrometer","2.399,2.399,2.399",2.399,True,consistent,,False
PHerc1667/segments/20260115160000-w034_2026011516_flatboi,PHerc1667,1.129um-0.22m-59keV-volume-20260323082859-L1.zarr,PHerc1667/segments/20260115160000-w034_2026011516_flatboi/surface-volumes/1.129um-0.22m-59keV-volume-20260323082859-L1.zarr,zarr,"micrometer,micrometer,micrometer","2.258,2.258,2.258",1.129,False,consistent,,False
PHerc1667/segments/20260115160000-w034_2026011516_flatboi,PHerc1667,2.399um-0.22m-78keV-volume-20251217075048.zarr,PHerc1667/segments/20260115160000-w034_2026011516_flatboi/surface-volumes/2.399um-0.22m-78keV-volume-20251217075048.zarr,zarr,"micrometer,micrometer,micrometer","2.399,2.399,2.399",2.399,True,consistent,,False
PHerc1667/segments/20260116230000-w035_2026011623_flatboi,PHerc1667,1.129um-0.22m-59keV-volume-20260323082859-L1.zarr,PHerc1667/segments/20260116230000-w035_2026011623_flatboi/surface-volumes/1.129um-0.22m-59keV-volume-20260323082859-L1.zarr,zarr,"micrometer,micrometer,micrometer","2.258,2.258,2.258",1.129,False,consistent,,False
PHerc1667/segments/20260116230000-w035_2026011623_flatboi,PHerc1667,2.399um-0.22m-78keV-volume-20251217075048.zarr,PHerc1667/segments/20260116230000-w035_2026011623_flatboi/surface-volumes/2.399um-0.22m-78keV-volume-20251217075048.zarr,zarr,"micrometer,micrometer,micrometer","2.399,2.399,2.399",2.399,True,consistent,,False
PHerc1667/segments/20260119120000-w036_2026011912_flatboi,PHerc1667,1.129um-0.22m-59keV-volume-20260323082859-L1.zarr,PHerc1667/segments/20260119120000-w036_2026011912_flatboi/surface-volumes/1.129um-0.22m-59keV-volume-20260323082859-L1.zarr,zarr,"micrometer,micrometer,micrometer","2.258,2.258,2.258",1.129,False,consistent,,False
PHerc1667/segments/20260119120000-w036_2026011912_flatboi,PHerc1667,1.129um-0.22m-59keV-volume-20260323082859.zarr,PHerc1667/segments/20260119120000-w036_2026011912_flatboi/surface-volumes/1.129um-0.22m-59keV-volume-20260323082859.zarr,zarr,"micrometer,micrometer,micrometer","1.129,1.129,1.129",1.129,True,consistent,,False
PHerc1667/segments/20260119120000-w036_2026011912_flatboi,PHerc1667,2.399um-0.22m-78keV-volume-20251217075048.zarr,PHerc1667/segments/20260119120000-w036_2026011912_flatboi/surface-volumes/2.399um-0.22m-78keV-volume-20251217075048.zarr,zarr,"micrometer,micrometer,micrometer","2.399,2.399,2.399",2.399,True,consistent,,False
PHerc1667/segments/20260123230000-w037_2026012323_flatboi,PHerc1667,1.129um-0.22m-59keV-volume-20260323082859-L1.zarr,PHerc1667/segments/20260123230000-w037_2026012323_flatboi/surface-volumes/1.129um-0.22m-59keV-volume-20260323082859-L1.zarr,zarr,"micrometer,micrometer,micrometer","2.258,2.258,2.258",1.129,False,consistent,,False
PHerc1667/segments/20260123230000-w037_2026012323_flatboi,PHerc1667,1.129um-0.22m-59keV-volume-20260323082859.zarr,PHerc1667/segments/20260123230000-w037_2026012323_flatboi/surface-volumes/1.129um-0.22m-59keV-volume-20260323082859.zarr,zarr,"micrometer,micrometer,micrometer","1.129,1.129,1.129",1.129,True,consistent,,False
PHerc1667/segments/20260123230000-w037_2026012323_flatboi,PHerc1667,2.399um-0.22m-78keV-volume-20251217075048.zarr,PHerc1667/segments/20260123230000-w037_2026012323_flatboi/surface-volumes/2.399um-0.22m-78keV-volume-20251217075048.zarr,zarr,"micrometer,micrometer,micrometer","2.399,2.399,2.399",2.399,True,consistent,,False
PHerc1667/segments/20260128140000-w038_2026012814_flatboi,PHerc1667,1.129um-0.22m-59keV-volume-20260323082859-L1.zarr,PHerc1667/segments/20260128140000-w038_2026012814_flatboi/surface-volumes/1.129um-0.22m-59keV-volume-20260323082859-L1.zarr,zarr,"micrometer,micrometer,micrometer","2.258,2.258,2.258",1.129,False,consistent,,False
PHerc1667/segments/20260128140000-w038_2026012814_flatboi,PHerc1667,1.129um-0.22m-59keV-volume-20260323082859.zarr,PHerc1667/segments/20260128140000-w038_2026012814_flatboi/surface-volumes/1.129um-0.22m-59keV-volume-20260323082859.zarr,zarr,"micrometer,micrometer,micrometer","1.129,1.129,1.129",1.129,True,consistent,,False
PHerc1667/segments/20260128140000-w038_2026012814_flatboi,PHerc1667,2.399um-0.22m-78keV-volume-20251217075048.zarr,PHerc1667/segments/20260128140000-w038_2026012814_flatboi/surface-volumes/2.399um-0.22m-78keV-volume-20251217075048.zarr,zarr,"micrometer,micrometer,micrometer","2.399,2.399,2.399",2.399,True,consistent,,False
PHerc1667/segments/20260130150000-w039_2026013015_flatboi,PHerc1667,1.129um-0.22m-59keV-volume-20260323082859-L1.zarr,PHerc1667/segments/20260130150000-w039_2026013015_flatboi/surface-volumes/1.129um-0.22m-59keV-volume-20260323082859-L1.zarr,zarr,"micrometer,micrometer,micrometer","2.258,2.258,2.258",1.129,False,consistent,,False
PHerc1667/segments/20260130150000-w039_2026013015_flatboi,PHerc1667,1.129um-0.22m-59keV-volume-20260323082859.zarr,PHerc1667/segments/20260130150000-w039_2026013015_flatboi/surface-volumes/1.129um-0.22m-59keV-volume-20260323082859.zarr,zarr,"micrometer,micrometer,micrometer","1.129,1.129,1.129",1.129,True,consistent,,False
PHerc1667/segments/20260130150000-w039_2026013015_flatboi,PHerc1667,2.399um-0.22m-78keV-volume-20251217075048.zarr,PHerc1667/segments/20260130150000-w039_2026013015_flatboi/surface-volumes/2.399um-0.22m-78keV-volume-20251217075048.zarr,zarr,"micrometer,micrometer,micrometer","2.399,2.399,2.399",2.399,True,consistent,,False
PHerc1667/segments/20260203210000-w040_2026020321_flatboi,PHerc1667,1.129um-0.22m-59keV-volume-20260323082859-L1.zarr,PHerc1667/segments/20260203210000-w040_2026020321_flatboi/surface-volumes/1.129um-0.22m-59keV-volume-20260323082859-L1.zarr,zarr,"micrometer,micrometer,micrometer","2.258,2.258,2.258",1.129,False,consistent,,False
PHerc1667/segments/20260203210000-w040_2026020321_flatboi,PHerc1667,1.129um-0.22m-59keV-volume-20260323082859.zarr,PHerc1667/segments/20260203210000-w040_2026020321_flatboi/surface-volumes/1.129um-0.22m-59keV-volume-20260323082859.zarr,zarr,"micrometer,micrometer,micrometer","1.129,1.129,1.129",1.129,True,consistent,,False
PHerc1667/segments/20260203210000-w040_2026020321_flatboi,PHerc1667,2.399um-0.22m-78keV-volume-20251217075048.zarr,PHerc1667/segments/20260203210000-w040_2026020321_flatboi/surface-volumes/2.399um-0.22m-78keV-volume-20251217075048.zarr,zarr,"micrometer,micrometer,micrometer","2.399,2.399,2.399",2.399,True,consistent,,False
PHerc1667/segments/20260205070000-w041_2026020507_flatboi,PHerc1667,1.129um-0.22m-59keV-volume-20260323082859-L1.zarr,PHerc1667/segments/20260205070000-w041_2026020507_flatboi/surface-volumes/1.129um-0.22m-59keV-volume-20260323082859-L1.zarr,zarr,"micrometer,micrometer,micrometer","2.258,2.258,2.258",1.129,False,consistent,,False
PHerc1667/segments/20260205070000-w041_2026020507_flatboi,PHerc1667,1.129um-0.22m-59keV-volume-20260323082859.zarr,PHerc1667/segments/20260205070000-w041_2026020507_flatboi/surface-volumes/1.129um-0.22m-59keV-volume-20260323082859.zarr,zarr,"micrometer,micrometer,micrometer","1.129,1.129,1.129",1.129,True,consistent,,False
PHerc1667/segments/20260205070000-w041_2026020507_flatboi,PHerc1667,2.399um-0.22m-78keV-volume-20251217075048.zarr,PHerc1667/segments/20260205070000-w041_2026020507_flatboi/surface-volumes/2.399um-0.22m-78keV-volume-20251217075048.zarr,zarr,"micrometer,micrometer,micrometer","2.399,2.399,2.399",2.399,True,consistent,,False
PHercParis4/segments/20230702185753,PHercParis4,1.129um-0.23m-78keV-volume-20260608103018-L1.zarr,PHercParis4/segments/20230702185753/surface-volumes/1.129um-0.23m-78keV-volume-20260608103018-L1.zarr,zarr,"micrometer,micrometer,micrometer","2.258,2.258,2.258",1.129,False,consistent,,False
PHercParis4/segments/20230702185753,PHercParis4,2.4um-0.22m-78keV-volume-20260411134726.zarr,PHercParis4/segments/20230702185753/surface-volumes/2.4um-0.22m-78keV-volume-20260411134726.zarr,zarr,"micrometer,micrometer,micrometer","2.4,2.4,2.4",2.4,True,consistent,,False
PHercParis4/segments/20230702185753,PHercParis4,45.532um-11.0m-74keV-volume-20260310170716.zarr,PHercParis4/segments/20230702185753/surface-volumes/45.532um-11.0m-74keV-volume-20260310170716.zarr,zarr,"micrometer,micrometer,micrometer","45.532,45.532,45.532",45.532,True,consistent,,False
PHercParis4/segments/20230929220926,PHercParis4,2.4um-0.22m-78keV-volume-20260411134726.zarr,PHercParis4/segments/20230929220926/surface-volumes/2.4um-0.22m-78keV-volume-20260411134726.zarr,zarr,"micrometer,micrometer,micrometer","2.4,2.4,2.4",2.4,True,consistent,,False
PHercParis4/segments/20230929220926,PHercParis4,45.532um-11.0m-74keV-volume-20260310170716.zarr,PHercParis4/segments/20230929220926/surface-volumes/45.532um-11.0m-74keV-volume-20260310170716.zarr,zarr,"micrometer,micrometer,micrometer","45.532,45.532,45.532",45.532,True,consistent,,False
PHercParis4/segments/20231005123336,PHercParis4,2.4um-0.22m-78keV-volume-20260411134726.zarr,PHercParis4/segments/20231005123336/surface-volumes/2.4um-0.22m-78keV-volume-20260411134726.zarr,zarr,"micrometer,micrometer,micrometer","2.4,2.4,2.4",2.4,True,consistent,,False
PHercParis4/segments/20231005123336,PHercParis4,45.532um-11.0m-74keV-volume-20260310170716.zarr,PHercParis4/segments/20231005123336/surface-volumes/45.532um-11.0m-74keV-volume-20260310170716.zarr,zarr,"micrometer,micrometer,micrometer","45.532,45.532,45.532",45.532,True,consistent,,False
PHercParis4/segments/20231007101619,PHercParis4,1.129um-0.23m-78keV-volume-20260608103018-L1.zarr,PHercParis4/segments/20231007101619/surface-volumes/1.129um-0.23m-78keV-volume-20260608103018-L1.zarr,zarr,"micrometer,micrometer,micrometer","2.258,2.258,2.258",1.129,False,consistent,,False
PHercParis4/segments/20231007101619,PHercParis4,2.4um-0.22m-78keV-volume-20260411134726.zarr,PHercParis4/segments/20231007101619/surface-volumes/2.4um-0.22m-78keV-volume-20260411134726.zarr,zarr,"micrometer,micrometer,micrometer","2.4,2.4,2.4",2.4,True,consistent,,False
PHercParis4/segments/20231007101619,PHercParis4,45.532um-11.0m-74keV-volume-20260310170716.zarr,PHercParis4/segments/20231007101619/surface-volumes/45.532um-11.0m-74keV-volume-20260310170716.zarr,zarr,"micrometer,micrometer,micrometer","45.532,45.532,45.532",45.532,True,consistent,,False
PHercParis4/segments/20231012184424,PHercParis4,1.129um-0.23m-78keV-volume-20260608103018-L1.zarr,PHercParis4/segments/20231012184424/surface-volumes/1.129um-0.23m-78keV-volume-20260608103018-L1.zarr,zarr,"micrometer,micrometer,micrometer","2.258,2.258,2.258",1.129,False,consistent,,False
PHercParis4/segments/20231012184424,PHercParis4,2.4um-0.22m-78keV-volume-20260411134726.zarr,PHercParis4/segments/20231012184424/surface-volumes/2.4um-0.22m-78keV-volume-20260411134726.zarr,zarr,"micrometer,micrometer,micrometer","2.4,2.4,2.4",2.4,True,consistent,,False
PHercParis4/segments/20231012184424,PHercParis4,45.532um-11.0m-74keV-volume-20260310170716.zarr,PHercParis4/segments/20231012184424/surface-volumes/45.532um-11.0m-74keV-volume-20260310170716.zarr,zarr,"micrometer,micrometer,micrometer","45.532,45.532,45.532",45.532,True,consistent,,False
PHercParis4/segments/20231016151002,PHercParis4,2.4um-0.22m-78keV-volume-20260411134726.zarr,PHercParis4/segments/20231016151002/surface-volumes/2.4um-0.22m-78keV-volume-20260411134726.zarr,zarr,"micrometer,micrometer,micrometer","2.4,2.4,2.4",2.4,True,consistent,,False
PHercParis4/segments/20231016151002,PHercParis4,45.532um-11.0m-74keV-volume-20260310170716.zarr,PHercParis4/segments/20231016151002/surface-volumes/45.532um-11.0m-74keV-volume-20260310170716.zarr,zarr,"micrometer,micrometer,micrometer","45.532,45.532,45.532",45.532,True,consistent,,False
PHercParis4/segments/20231022170901,PHercParis4,2.4um-0.22m-78keV-volume-20260411134726.zarr,PHercParis4/segments/20231022170901/surface-volumes/2.4um-0.22m-78keV-volume-20260411134726.zarr,zarr,"micrometer,micrometer,micrometer","2.4,2.4,2.4",2.4,True,consistent,,False
PHercParis4/segments/20231022170901,PHercParis4,45.532um-11.0m-74keV-volume-20260310170716.zarr,PHercParis4/segments/20231022170901/surface-volumes/45.532um-11.0m-74keV-volume-20260310170716.zarr,zarr,"micrometer,micrometer,micrometer","45.532,45.532,45.532",45.532,True,consistent,,False
PHercParis4/segments/20231031143852,PHercParis4,1.129um-0.23m-78keV-volume-20260608103018-L1.zarr,PHercParis4/segments/20231031143852/surface-volumes/1.129um-0.23m-78keV-volume-20260608103018-L1.zarr,zarr,"micrometer,micrometer,micrometer","2.258,2.258,2.258",1.129,False,consistent,,False
PHercParis4/segments/20231031143852,PHercParis4,2.4um-0.22m-78keV-volume-20260411134726.zarr,PHercParis4/segments/20231031143852/surface-volumes/2.4um-0.22m-78keV-volume-20260411134726.zarr,zarr,"micrometer,micrometer,micrometer","2.4,2.4,2.4",2.4,True,consistent,,False
PHercParis4/segments/20231031143852,PHercParis4,45.532um-11.0m-74keV-volume-20260310170716.zarr,PHercParis4/segments/20231031143852/surface-volumes/45.532um-11.0m-74keV-volume-20260310170716.zarr,zarr,"micrometer,micrometer,micrometer","45.532,45.532,45.532",45.532,True,consistent,,False
PHercParis4/segments/20231106155351,PHercParis4,1.129um-0.23m-78keV-volume-20260608103018-L1.zarr,PHercParis4/segments/20231106155351/surface-volumes/1.129um-0.23m-78keV-volume-20260608103018-L1.zarr,zarr,"micrometer,micrometer,micrometer","2.258,2.258,2.258",1.129,False,consistent,,False
PHercParis4/segments/20231106155351,PHercParis4,2.4um-0.22m-78keV-volume-20260411134726.zarr,PHercParis4/segments/20231106155351/surface-volumes/2.4um-0.22m-78keV-volume-20260411134726.zarr,zarr,"micrometer,micrometer,micrometer","2.4,2.4,2.4",2.4,True,consistent,,False
PHercParis4/segments/20231106155351,PHercParis4,45.532um-11.0m-74keV-volume-20260310170716.zarr,PHercParis4/segments/20231106155351/surface-volumes/45.532um-11.0m-74keV-volume-20260310170716.zarr,zarr,"micrometer,micrometer,micrometer","45.532,45.532,45.532",45.532,True,consistent,,False
PHercParis4/segments/20231210121321,PHercParis4,1.129um-0.23m-78keV-volume-20260608103018-L1.zarr,PHercParis4/segments/20231210121321/surface-volumes/1.129um-0.23m-78keV-volume-20260608103018-L1.zarr,zarr,"micrometer,micrometer,micrometer","2.258,2.258,2.258",1.129,False,consistent,,False
PHercParis4/segments/20231210121321,PHercParis4,2.4um-0.22m-78keV-volume-20260411134726.zarr,PHercParis4/segments/20231210121321/surface-volumes/2.4um-0.22m-78keV-volume-20260411134726.zarr,zarr,"micrometer,micrometer,micrometer","2.4,2.4,2.4",2.4,True,consistent,,False
PHercParis4/segments/20231210121321,PHercParis4,45.532um-11.0m-74keV-volume-20260310170716.zarr,PHercParis4/segments/20231210121321/surface-volumes/45.532um-11.0m-74keV-volume-20260310170716.zarr,zarr,"micrometer,micrometer,micrometer","45.532,45.532,45.532",45.532,True,consistent,,False
PHercParis4/segments/20231221180251,PHercParis4,1.129um-0.23m-78keV-volume-20260608103018-L1.zarr,PHercParis4/segments/20231221180251/surface-volumes/1.129um-0.23m-78keV-volume-20260608103018-L1.zarr,zarr,"micrometer,micrometer,micrometer","2.258,2.258,2.258",1.129,False,consistent,,False
PHercParis4/segments/20231221180251,PHercParis4,2.4um-0.22m-78keV-volume-20260411134726.zarr,PHercParis4/segments/20231221180251/surface-volumes/2.4um-0.22m-78keV-volume-20260411134726.zarr,zarr,"micrometer,micrometer,micrometer","2.4,2.4,2.4",2.4,True,consistent,,False
PHercParis4/segments/20231221180251,PHercParis4,45.532um-11.0m-74keV-volume-20260310170716.zarr,PHercParis4/segments/20231221180251/surface-volumes/45.532um-11.0m-74keV-volume-20260310170716.zarr,zarr,"micrometer,micrometer,micrometer","45.532,45.532,45.532",45.532,True,consistent,,False
PHercParis4/segments/20260602204401-5753_-7,PHercParis4,1.129um-0.23m-78keV-volume-20260608103018-L1.zarr,PHercParis4/segments/20260602204401-5753_-7/surface-volumes/1.129um-0.23m-78keV-volume-20260608103018-L1.zarr,zarr,"micrometer,micrometer,micrometer","2.258,2.258,2.258",1.129,False,consistent,,False
PHercParis4/segments/20260602204401-5753_-7,PHercParis4,2.4um-0.22m-78keV-volume-20260411134726.zarr,PHercParis4/segments/20260602204401-5753_-7/surface-volumes/2.4um-0.22m-78keV-volume-20260411134726.zarr,zarr,"micrometer,micrometer,micrometer","2.4,2.4,2.4",2.4,True,consistent,,False
PHercParis4/segments/20260602204401-5753_-7,PHercParis4,45.532um-11.0m-74keV-volume-20260310170716.zarr,PHercParis4/segments/20260602204401-5753_-7/surface-volumes/45.532um-11.0m-74keV-volume-20260310170716.zarr,zarr,"micrometer,micrometer,micrometer","45.532,45.532,45.532",45.532,True,consistent,,False
PHercParis4/segments/20260602225659-5753_0,PHercParis4,2.4um-0.22m-78keV-volume-20260411134726.zarr,PHercParis4/segments/20260602225659-5753_0/surface-volumes/2.4um-0.22m-78keV-volume-20260411134726.zarr,zarr,"micrometer,micrometer,micrometer","2.4,2.4,2.4",2.4,True,consistent,,False
PHercParis4/segments/20260602225659-5753_0,PHercParis4,45.532um-11.0m-74keV-volume-20260310170716.zarr,PHercParis4/segments/20260602225659-5753_0/surface-volumes/45.532um-11.0m-74keV-volume-20260310170716.zarr,zarr,"micrometer,micrometer,micrometer","45.532,45.532,45.532",45.532,True,consistent,,False
PHercParis4/segments/20260602230115-20230702185753_v14,PHercParis4,2.4um-0.22m-78keV-volume-20260411134726.zarr,PHercParis4/segments/20260602230115-20230702185753_v14/surface-volumes/2.4um-0.22m-78keV-volume-20260411134726.zarr,zarr,"micrometer,micrometer,micrometer","2.4,2.4,2.4",2.4,True,consistent,,False
PHercParis4/segments/20260602230115-20230702185753_v14,PHercParis4,45.532um-11.0m-74keV-volume-20260310170716.zarr,PHercParis4/segments/20260602230115-20230702185753_v14/surface-volumes/45.532um-11.0m-74keV-volume-20260310170716.zarr,zarr,"micrometer,micrometer,micrometer","45.532,45.532,45.532",45.532,True,consistent,,False
PHercParis4/segments/20260603005223-5753_-1,PHercParis4,2.4um-0.22m-78keV-volume-20260411134726.zarr,PHercParis4/segments/20260603005223-5753_-1/surface-volumes/2.4um-0.22m-78keV-volume-20260411134726.zarr,zarr,"micrometer,micrometer,micrometer","2.4,2.4,2.4",2.4,True,consistent,,False
PHercParis4/segments/20260603005223-5753_-1,PHercParis4,45.532um-11.0m-74keV-volume-20260310170716.zarr,PHercParis4/segments/20260603005223-5753_-1/surface-volumes/45.532um-11.0m-74keV-volume-20260310170716.zarr,zarr,"micrometer,micrometer,micrometer","45.532,45.532,45.532",45.532,True,consistent,,False
PHercParis4/segments/20260603024952-5753_-2,PHercParis4,1.129um-0.23m-78keV-volume-20260608103018-L1.zarr,PHercParis4/segments/20260603024952-5753_-2/surface-volumes/1.129um-0.23m-78keV-volume-20260608103018-L1.zarr,zarr,"micrometer,micrometer,micrometer","2.258,2.258,2.258",1.129,False,consistent,,False
PHercParis4/segments/20260603024952-5753_-2,PHercParis4,2.4um-0.22m-78keV-volume-20260411134726.zarr,PHercParis4/segments/20260603024952-5753_-2/surface-volumes/2.4um-0.22m-78keV-volume-20260411134726.zarr,zarr,"micrometer,micrometer,micrometer","2.4,2.4,2.4",2.4,True,consistent,,False
PHercParis4/segments/20260603024952-5753_-2,PHercParis4,45.532um-11.0m-74keV-volume-20260310170716.zarr,PHercParis4/segments/20260603024952-5753_-2/surface-volumes/45.532um-11.0m-74keV-volume-20260310170716.zarr,zarr,"micrometer,micrometer,micrometer","45.532,45.532,45.532",45.532,True,consistent,,False
PHercParis4/segments/20260603042357-5753_-3,PHercParis4,1.129um-0.23m-78keV-volume-20260608103018-L1.zarr,PHercParis4/segments/20260603042357-5753_-3/surface-volumes/1.129um-0.23m-78keV-volume-20260608103018-L1.zarr,zarr,"micrometer,micrometer,micrometer","2.258,2.258,2.258",1.129,False,consistent,,False
PHercParis4/segments/20260603042357-5753_-3,PHercParis4,2.4um-0.22m-78keV-volume-20260411134726.zarr,PHercParis4/segments/20260603042357-5753_-3/surface-volumes/2.4um-0.22m-78keV-volume-20260411134726.zarr,zarr,"micrometer,micrometer,micrometer","2.4,2.4,2.4",2.4,True,consistent,,False
PHercParis4/segments/20260603042357-5753_-3,PHercParis4,45.532um-11.0m-74keV-volume-20260310170716.zarr,PHercParis4/segments/20260603042357-5753_-3/surface-volumes/45.532um-11.0m-74keV-volume-20260310170716.zarr,zarr,"micrometer,micrometer,micrometer","45.532,45.532,45.532",45.532,True,consistent,,False
PHercParis4/segments/20260603145540-5753_-4,PHercParis4,1.129um-0.23m-78keV-volume-20260608103018-L1.zarr,PHercParis4/segments/20260603145540-5753_-4/surface-volumes/1.129um-0.23m-78keV-volume-20260608103018-L1.zarr,zarr,"micrometer,micrometer,micrometer","2.258,2.258,2.258",1.129,False,consistent,,False
PHercParis4/segments/20260603145540-5753_-4,PHercParis4,2.4um-0.22m-78keV-volume-20260411134726.zarr,PHercParis4/segments/20260603145540-5753_-4/surface-volumes/2.4um-0.22m-78keV-volume-20260411134726.zarr,zarr,"micrometer,micrometer,micrometer","2.4,2.4,2.4",2.4,True,consistent,,False
PHercParis4/segments/20260603145540-5753_-4,PHercParis4,45.532um-11.0m-74keV-volume-20260310170716.zarr,PHercParis4/segments/20260603145540-5753_-4/surface-volumes/45.532um-11.0m-74keV-volume-20260310170716.zarr,zarr,"micrometer,micrometer,micrometer","45.532,45.532,45.532",45.532,True,consistent,,False
PHercParis4/segments/20260603185441-5753_-6,PHercParis4,1.129um-0.23m-78keV-volume-20260608103018-L1.zarr,PHercParis4/segments/20260603185441-5753_-6/surface-volumes/1.129um-0.23m-78keV-volume-20260608103018-L1.zarr,zarr,"micrometer,micrometer,micrometer","2.258,2.258,2.258",1.129,False,consistent,,False
PHercParis4/segments/20260603185441-5753_-6,PHercParis4,2.4um-0.22m-78keV-volume-20260411134726.zarr,PHercParis4/segments/20260603185441-5753_-6/surface-volumes/2.4um-0.22m-78keV-volume-20260411134726.zarr,zarr,"micrometer,micrometer,micrometer","2.4,2.4,2.4",2.4,True,consistent,,False
PHercParis4/segments/20260603185441-5753_-6,PHercParis4,45.532um-11.0m-74keV-volume-20260310170716.zarr,PHercParis4/segments/20260603185441-5753_-6/surface-volumes/45.532um-11.0m-74keV-volume-20260310170716.zarr,zarr,"micrometer,micrometer,micrometer","45.532,45.532,45.532",45.532,True,consistent,,False
PHercParis4/segments/20260603190005-5753_-5,PHercParis4,1.129um-0.23m-78keV-volume-20260608103018-L1.zarr,PHercParis4/segments/20260603190005-5753_-5/surface-volumes/1.129um-0.23m-78keV-volume-20260608103018-L1.zarr,zarr,"micrometer,micrometer,micrometer","2.258,2.258,2.258",1.129,False,consistent,,False
PHercParis4/segments/20260603190005-5753_-5,PHercParis4,2.4um-0.22m-78keV-volume-20260411134726.zarr,PHercParis4/segments/20260603190005-5753_-5/surface-volumes/2.4um-0.22m-78keV-volume-20260411134726.zarr,zarr,"micrometer,micrometer,micrometer","2.4,2.4,2.4",2.4,True,consistent,,False
PHercParis4/segments/20260603190005-5753_-5,PHercParis4,45.532um-11.0m-74keV-volume-20260310170716.zarr,PHercParis4/segments/20260603190005-5753_-5/surface-volumes/45.532um-11.0m-74keV-volume-20260310170716.zarr,zarr,"micrometer,micrometer,micrometer","45.532,45.532,45.532",45.532,True,consistent,,False
PHercParis4/segments/20260603193311-5753_-1_copy,PHercParis4,1.129um-0.23m-78keV-volume-20260608103018-L1.zarr,PHercParis4/segments/20260603193311-5753_-1_copy/surface-volumes/1.129um-0.23m-78keV-volume-20260608103018-L1.zarr,zarr,"micrometer,micrometer,micrometer","2.258,2.258,2.258",1.129,False,consistent,,False
PHercParis4/segments/20260603193311-5753_-1_copy,PHercParis4,2.4um-0.22m-78keV-volume-20260411134726.zarr,PHercParis4/segments/20260603193311-5753_-1_copy/surface-volumes/2.4um-0.22m-78keV-volume-20260411134726.zarr,zarr,"micrometer,micrometer,micrometer","2.4,2.4,2.4",2.4,True,consistent,,False
PHercParis4/segments/20260603193311-5753_-1_copy,PHercParis4,45.532um-11.0m-74keV-volume-20260310170716.zarr,PHercParis4/segments/20260603193311-5753_-1_copy/surface-volumes/45.532um-11.0m-74keV-volume-20260310170716.zarr,zarr,"micrometer,micrometer,micrometer","45.532,45.532,45.532",45.532,True,consistent,,False
PHercParis4/segments/20260603222816-20231005123336_v2_flatboi,PHercParis4,1.129um-0.23m-78keV-volume-20260608103018-L1.zarr,PHercParis4/segments/20260603222816-20231005123336_v2_flatboi/surface-volumes/1.129um-0.23m-78keV-volume-20260608103018-L1.zarr,zarr,"micrometer,micrometer,micrometer","2.258,2.258,2.258",1.129,False,consistent,,False
PHercParis4/segments/20260603222816-20231005123336_v2_flatboi,PHercParis4,2.4um-0.22m-78keV-volume-20260411134726.zarr,PHercParis4/segments/20260603222816-20231005123336_v2_flatboi/surface-volumes/2.4um-0.22m-78keV-volume-20260411134726.zarr,zarr,"micrometer,micrometer,micrometer","2.4,2.4,2.4",2.4,True,consistent,,False
PHercParis4/segments/20260603222816-20231005123336_v2_flatboi,PHercParis4,45.532um-11.0m-74keV-volume-20260310170716.zarr,PHercParis4/segments/20260603222816-20231005123336_v2_flatboi/surface-volumes/45.532um-11.0m-74keV-volume-20260310170716.zarr,zarr,"micrometer,micrometer,micrometer","45.532,45.532,45.532",45.532,True,consistent,,False
PHercParis4/segments/20260604223808-20231210121321_v8,PHercParis4,1.129um-0.23m-78keV-volume-20260608103018-L1.zarr,PHercParis4/segments/20260604223808-20231210121321_v8/surface-volumes/1.129um-0.23m-78keV-volume-20260608103018-L1.zarr,zarr,"micrometer,micrometer,micrometer","2.258,2.258,2.258",1.129,False,consistent,,False
PHercParis4/segments/20260604223808-20231210121321_v8,PHercParis4,2.4um-0.22m-78keV-volume-20260411134726.zarr,PHercParis4/segments/20260604223808-20231210121321_v8/surface-volumes/2.4um-0.22m-78keV-volume-20260411134726.zarr,zarr,"micrometer,micrometer,micrometer","2.4,2.4,2.4",2.4,True,consistent,,False
PHercParis4/segments/20260604223808-20231210121321_v8,PHercParis4,45.532um-11.0m-74keV-volume-20260310170716.zarr,PHercParis4/segments/20260604223808-20231210121321_v8/surface-volumes/45.532um-11.0m-74keV-volume-20260310170716.zarr,zarr,"micrometer,micrometer,micrometer","45.532,45.532,45.532",45.532,True,consistent,,False
PHercParis4/segments/20260623141135-w046-052_jordi,PHercParis4,1.129um-0.23m-78keV-volume-20260608103018-L1.zarr,PHercParis4/segments/20260623141135-w046-052_jordi/surface-volumes/1.129um-0.23m-78keV-volume-20260608103018-L1.zarr,zarr,"micrometer,micrometer,micrometer","2.258,2.258,2.258",1.129,False,consistent,,False
PHercParis4/segments/20260623141135-w046-052_jordi,PHercParis4,2.4um-0.22m-78keV-volume-20260411134726.zarr,PHercParis4/segments/20260623141135-w046-052_jordi/surface-volumes/2.4um-0.22m-78keV-volume-20260411134726.zarr,zarr,"micrometer,micrometer,micrometer","2.4,2.4,2.4",2.4,True,consistent,,False
PHercParis4/segments/20260623141135-w046-052_jordi,PHercParis4,45.532um-11.0m-74keV-volume-20260310170716.zarr,PHercParis4/segments/20260623141135-w046-052_jordi/surface-volumes/45.532um-11.0m-74keV-volume-20260310170716.zarr,zarr,"micrometer,micrometer,micrometer","45.532,45.532,45.532",45.532,True,consistent,,False
PHercParis4/segments/20260623141649-w053-058_jordi,PHercParis4,1.129um-0.23m-78keV-volume-20260608103018-L1.zarr,PHercParis4/segments/20260623141649-w053-058_jordi/surface-volumes/1.129um-0.23m-78keV-volume-20260608103018-L1.zarr,zarr,"micrometer,micrometer,micrometer","2.258,2.258,2.258",1.129,False,consistent,,False
PHercParis4/segments/20260623141649-w053-058_jordi,PHercParis4,2.4um-0.22m-78keV-volume-20260411134726.zarr,PHercParis4/segments/20260623141649-w053-058_jordi/surface-volumes/2.4um-0.22m-78keV-volume-20260411134726.zarr,zarr,"micrometer,micrometer,micrometer","2.4,2.4,2.4",2.4,True,consistent,,False
PHercParis4/segments/20260623141649-w053-058_jordi,PHercParis4,45.532um-11.0m-74keV-volume-20260310170716.zarr,PHercParis4/segments/20260623141649-w053-058_jordi/surface-volumes/45.532um-11.0m-74keV-volume-20260310170716.zarr,zarr,"micrometer,micrometer,micrometer","45.532,45.532,45.532",45.532,True,consistent,,False
PHercParis4/segments/20260623141924-w010-027,PHercParis4,1.129um-0.23m-78keV-volume-20260608103018-L1.zarr,PHercParis4/segments/20260623141924-w010-027/surface-volumes/1.129um-0.23m-78keV-volume-20260608103018-L1.zarr,zarr,"micrometer,micrometer,micrometer","2.258,2.258,2.258",1.129,False,consistent,,False
PHercParis4/segments/20260623141924-w010-027,PHercParis4,2.4um-0.22m-78keV-volume-20260411134726.zarr,PHercParis4/segments/20260623141924-w010-027/surface-volumes/2.4um-0.22m-78keV-volume-20260411134726.zarr,zarr,"micrometer,micrometer,micrometer","2.4,2.4,2.4",2.4,True,consistent,,False
PHercParis4/segments/20260623141924-w010-027,PHercParis4,45.532um-11.0m-74keV-volume-20260310170716.zarr,PHercParis4/segments/20260623141924-w010-027/surface-volumes/45.532um-11.0m-74keV-volume-20260310170716.zarr,zarr,"micrometer,micrometer,micrometer","45.532,45.532,45.532",45.532,True,consistent,,False
PHercParis4/segments/20260623142658-w028-037,PHercParis4,1.129um-0.23m-78keV-volume-20260608103018-L1.zarr,PHercParis4/segments/20260623142658-w028-037/surface-volumes/1.129um-0.23m-78keV-volume-20260608103018-L1.zarr,zarr,"micrometer,micrometer,micrometer","2.258,2.258,2.258",1.129,False,consistent,,False
PHercParis4/segments/20260623142658-w028-037,PHercParis4,2.4um-0.22m-78keV-volume-20260411134726.zarr,PHercParis4/segments/20260623142658-w028-037/surface-volumes/2.4um-0.22m-78keV-volume-20260411134726.zarr,zarr,"micrometer,micrometer,micrometer","2.4,2.4,2.4",2.4,True,consistent,,False
PHercParis4/segments/20260623142658-w028-037,PHercParis4,45.532um-11.0m-74keV-volume-20260310170716.zarr,PHercParis4/segments/20260623142658-w028-037/surface-volumes/45.532um-11.0m-74keV-volume-20260310170716.zarr,zarr,"micrometer,micrometer,micrometer","45.532,45.532,45.532",45.532,True,consistent,,False
PHercParis4/segments/20260623143441-w038-045,PHercParis4,1.129um-0.23m-78keV-volume-20260608103018-L1.zarr,PHercParis4/segments/20260623143441-w038-045/surface-volumes/1.129um-0.23m-78keV-volume-20260608103018-L1.zarr,zarr,"micrometer,micrometer,micrometer","2.258,2.258,2.258",1.129,False,consistent,,False
PHercParis4/segments/20260623143441-w038-045,PHercParis4,2.4um-0.22m-78keV-volume-20260411134726.zarr,PHercParis4/segments/20260623143441-w038-045/surface-volumes/2.4um-0.22m-78keV-volume-20260411134726.zarr,zarr,"micrometer,micrometer,micrometer","2.4,2.4,2.4",2.4,True,consistent,,False
PHercParis4/segments/20260623143441-w038-045,PHercParis4,45.532um-11.0m-74keV-volume-20260310170716.zarr,PHercParis4/segments/20260623143441-w038-045/surface-volumes/45.532um-11.0m-74keV-volume-20260310170716.zarr,zarr,"micrometer,micrometer,micrometer","45.532,45.532,45.532",45.532,True,consistent,,False
PHercParis4/segments/20260623144224-w046-052,PHercParis4,1.129um-0.23m-78keV-volume-20260608103018-L1.zarr,PHercParis4/segments/20260623144224-w046-052/surface-volumes/1.129um-0.23m-78keV-volume-20260608103018-L1.zarr,zarr,"micrometer,micrometer,micrometer","2.258,2.258,2.258",1.129,False,consistent,,False
PHercParis4/segments/20260623144224-w046-052,PHercParis4,2.4um-0.22m-78keV-volume-20260411134726.zarr,PHercParis4/segments/20260623144224-w046-052/surface-volumes/2.4um-0.22m-78keV-volume-20260411134726.zarr,zarr,"micrometer,micrometer,micrometer","2.4,2.4,2.4",2.4,True,consistent,,False
PHercParis4/segments/20260623144224-w046-052,PHercParis4,45.532um-11.0m-74keV-volume-20260310170716.zarr,PHercParis4/segments/20260623144224-w046-052/surface-volumes/45.532um-11.0m-74keV-volume-20260310170716.zarr,zarr,"micrometer,micrometer,micrometer","45.532,45.532,45.532",45.532,True,consistent,,False
PHercParis4/segments/20260623144957-w053-058,PHercParis4,1.129um-0.23m-78keV-volume-20260608103018-L1.zarr,PHercParis4/segments/20260623144957-w053-058/surface-volumes/1.129um-0.23m-78keV-volume-20260608103018-L1.zarr,zarr,"micrometer,micrometer,micrometer","2.258,2.258,2.258",1.129,False,consistent,,False
PHercParis4/segments/20260623144957-w053-058,PHercParis4,2.4um-0.22m-78keV-volume-20260411134726.zarr,PHercParis4/segments/20260623144957-w053-058/surface-volumes/2.4um-0.22m-78keV-volume-20260411134726.zarr,zarr,"micrometer,micrometer,micrometer","2.4,2.4,2.4",2.4,True,consistent,,False
PHercParis4/segments/20260623144957-w053-058,PHercParis4,45.532um-11.0m-74keV-volume-20260310170716.zarr,PHercParis4/segments/20260623144957-w053-058/surface-volumes/45.532um-11.0m-74keV-volume-20260310170716.zarr,zarr,"micrometer,micrometer,micrometer","45.532,45.532,45.532",45.532,True,consistent,,False
PHercParis4/segments/20260623145652-w059-063,PHercParis4,1.129um-0.23m-78keV-volume-20260608103018-L1.zarr,PHercParis4/segments/20260623145652-w059-063/surface-volumes/1.129um-0.23m-78keV-volume-20260608103018-L1.zarr,zarr,"micrometer,micrometer,micrometer","2.258,2.258,2.258",1.129,False,consistent,,False
PHercParis4/segments/20260623145652-w059-063,PHercParis4,2.4um-0.22m-78keV-volume-20260411134726.zarr,PHercParis4/segments/20260623145652-w059-063/surface-volumes/2.4um-0.22m-78keV-volume-20260411134726.zarr,zarr,"micrometer,micrometer,micrometer","2.4,2.4,2.4",2.4,True,consistent,,False
PHercParis4/segments/20260623145652-w059-063,PHercParis4,45.532um-11.0m-74keV-volume-20260310170716.zarr,PHercParis4/segments/20260623145652-w059-063/surface-volumes/45.532um-11.0m-74keV-volume-20260310170716.zarr,zarr,"micrometer,micrometer,micrometer","45.532,45.532,45.532",45.532,True,consistent,,False
PHercParis4/segments/20260623150417-w064-068,PHercParis4,1.129um-0.23m-78keV-volume-20260608103018-L1.zarr,PHercParis4/segments/20260623150417-w064-068/surface-volumes/1.129um-0.23m-78keV-volume-20260608103018-L1.zarr,zarr,"micrometer,micrometer,micrometer","2.258,2.258,2.258",1.129,False,consistent,,False
PHercParis4/segments/20260623150417-w064-068,PHercParis4,2.4um-0.22m-78keV-volume-20260411134726.zarr,PHercParis4/segments/20260623150417-w064-068/surface-volumes/2.4um-0.22m-78keV-volume-20260411134726.zarr,zarr,"micrometer,micrometer,micrometer","2.4,2.4,2.4",2.4,True,consistent,,False
PHercParis4/segments/20260623150417-w064-068,PHercParis4,45.532um-11.0m-74keV-volume-20260310170716.zarr,PHercParis4/segments/20260623150417-w064-068/surface-volumes/45.532um-11.0m-74keV-volume-20260310170716.zarr,zarr,"micrometer,micrometer,micrometer","45.532,45.532,45.532",45.532,True,consistent,,False
PHercParis4/segments/20260623151041-w069-072,PHercParis4,1.129um-0.23m-78keV-volume-20260608103018-L1.zarr,PHercParis4/segments/20260623151041-w069-072/surface-volumes/1.129um-0.23m-78keV-volume-20260608103018-L1.zarr,zarr,"micrometer,micrometer,micrometer","2.258,2.258,2.258",1.129,False,consistent,,False
PHercParis4/segments/20260623151041-w069-072,PHercParis4,2.4um-0.22m-78keV-volume-20260411134726.zarr,PHercParis4/segments/20260623151041-w069-072/surface-volumes/2.4um-0.22m-78keV-volume-20260411134726.zarr,zarr,"micrometer,micrometer,micrometer","2.4,2.4,2.4",2.4,True,consistent,,False
PHercParis4/segments/20260623151041-w069-072,PHercParis4,45.532um-11.0m-74keV-volume-20260310170716.zarr,PHercParis4/segments/20260623151041-w069-072/surface-volumes/45.532um-11.0m-74keV-volume-20260310170716.zarr,zarr,"micrometer,micrometer,micrometer","45.532,45.532,45.532",45.532,True,consistent,,False
PHercParis4/segments/20260623151729-w073-076,PHercParis4,1.129um-0.23m-78keV-volume-20260608103018-L1.zarr,PHercParis4/segments/20260623151729-w073-076/surface-volumes/1.129um-0.23m-78keV-volume-20260608103018-L1.zarr,zarr,"micrometer,micrometer,micrometer","2.258,2.258,2.258",1.129,False,consistent,,False
PHercParis4/segments/20260623151729-w073-076,PHercParis4,2.4um-0.22m-78keV-volume-20260411134726.zarr,PHercParis4/segments/20260623151729-w073-076/surface-volumes/2.4um-0.22m-78keV-volume-20260411134726.zarr,zarr,"micrometer,micrometer,micrometer","2.4,2.4,2.4",2.4,True,consistent,,False
PHercParis4/segments/20260623151729-w073-076,PHercParis4,45.532um-11.0m-74keV-volume-20260310170716.zarr,PHercParis4/segments/20260623151729-w073-076/surface-volumes/45.532um-11.0m-74keV-volume-20260310170716.zarr,zarr,"micrometer,micrometer,micrometer","45.532,45.532,45.532",45.532,True,consistent,,False
PHercParis4/segments/20260623152443-w077-080,PHercParis4,1.129um-0.23m-78keV-volume-20260608103018-L1.zarr,PHercParis4/segments/20260623152443-w077-080/surface-volumes/1.129um-0.23m-78keV-volume-20260608103018-L1.zarr,zarr,"micrometer,micrometer,micrometer","2.258,2.258,2.258",1.129,False,consistent,,False
PHercParis4/segments/20260623152443-w077-080,PHercParis4,2.4um-0.22m-78keV-volume-20260411134726.zarr,PHercParis4/segments/20260623152443-w077-080/surface-volumes/2.4um-0.22m-78keV-volume-20260411134726.zarr,zarr,"micrometer,micrometer,micrometer","2.4,2.4,2.4",2.4,True,consistent,,False
PHercParis4/segments/20260623152443-w077-080,PHercParis4,45.532um-11.0m-74keV-volume-20260310170716.zarr,PHercParis4/segments/20260623152443-w077-080/surface-volumes/45.532um-11.0m-74keV-volume-20260310170716.zarr,zarr,"micrometer,micrometer,micrometer","45.532,45.532,45.532",45.532,True,consistent,,False
PHercParis4/segments/20260623153216-w081-084,PHercParis4,1.129um-0.23m-78keV-volume-20260608103018-L1.zarr,PHercParis4/segments/20260623153216-w081-084/surface-volumes/1.129um-0.23m-78keV-volume-20260608103018-L1.zarr,zarr,"micrometer,micrometer,micrometer","2.258,2.258,2.258",1.129,False,consistent,,False
PHercParis4/segments/20260623153216-w081-084,PHercParis4,2.4um-0.22m-78keV-volume-20260411134726.zarr,PHercParis4/segments/20260623153216-w081-084/surface-volumes/2.4um-0.22m-78keV-volume-20260411134726.zarr,zarr,"micrometer,micrometer,micrometer","2.4,2.4,2.4",2.4,True,consistent,,False
PHercParis4/segments/20260623153216-w081-084,PHercParis4,45.532um-11.0m-74keV-volume-20260310170716.zarr,PHercParis4/segments/20260623153216-w081-084/surface-volumes/45.532um-11.0m-74keV-volume-20260310170716.zarr,zarr,"micrometer,micrometer,micrometer","45.532,45.532,45.532",45.532,True,consistent,,False
PHercParis4/segments/20260623154006-w085-088,PHercParis4,1.129um-0.23m-78keV-volume-20260608103018-L1.zarr,PHercParis4/segments/20260623154006-w085-088/surface-volumes/1.129um-0.23m-78keV-volume-20260608103018-L1.zarr,zarr,"micrometer,micrometer,micrometer","2.258,2.258,2.258",1.129,False,consistent,,False
PHercParis4/segments/20260623154006-w085-088,PHercParis4,2.4um-0.22m-78keV-volume-20260411134726.zarr,PHercParis4/segments/20260623154006-w085-088/surface-volumes/2.4um-0.22m-78keV-volume-20260411134726.zarr,zarr,"micrometer,micrometer,micrometer","2.4,2.4,2.4",2.4,True,consistent,,False
PHercParis4/segments/20260623154006-w085-088,PHercParis4,45.532um-11.0m-74keV-volume-20260310170716.zarr,PHercParis4/segments/20260623154006-w085-088/surface-volumes/45.532um-11.0m-74keV-volume-20260310170716.zarr,zarr,"micrometer,micrometer,micrometer","45.532,45.532,45.532",45.532,True,consistent,,False
PHercParis4/segments/20260623154617-w089-091,PHercParis4,1.129um-0.23m-78keV-volume-20260608103018-L1.zarr,PHercParis4/segments/20260623154617-w089-091/surface-volumes/1.129um-0.23m-78keV-volume-20260608103018-L1.zarr,zarr,"micrometer,micrometer,micrometer","2.258,2.258,2.258",1.129,False,consistent,,False
PHercParis4/segments/20260623154617-w089-091,PHercParis4,2.4um-0.22m-78keV-volume-20260411134726.zarr,PHercParis4/segments/20260623154617-w089-091/surface-volumes/2.4um-0.22m-78keV-volume-20260411134726.zarr,zarr,"micrometer,micrometer,micrometer","2.4,2.4,2.4",2.4,True,consistent,,False
PHercParis4/segments/20260623154617-w089-091,PHercParis4,45.532um-11.0m-74keV-volume-20260310170716.zarr,PHercParis4/segments/20260623154617-w089-091/surface-volumes/45.532um-11.0m-74keV-volume-20260310170716.zarr,zarr,"micrometer,micrometer,micrometer","45.532,45.532,45.532",45.532,True,consistent,,False
PHercParis4/segments/20260623155240-w092-094,PHercParis4,1.129um-0.23m-78keV-volume-20260608103018-L1.zarr,PHercParis4/segments/20260623155240-w092-094/surface-volumes/1.129um-0.23m-78keV-volume-20260608103018-L1.zarr,zarr,"micrometer,micrometer,micrometer","2.258,2.258,2.258",1.129,False,consistent,,False
PHercParis4/segments/20260623155240-w092-094,PHercParis4,2.4um-0.22m-78keV-volume-20260411134726.zarr,PHercParis4/segments/20260623155240-w092-094/surface-volumes/2.4um-0.22m-78keV-volume-20260411134726.zarr,zarr,"micrometer,micrometer,micrometer","2.4,2.4,2.4",2.4,True,consistent,,False
PHercParis4/segments/20260623155240-w092-094,PHercParis4,45.532um-11.0m-74keV-volume-20260310170716.zarr,PHercParis4/segments/20260623155240-w092-094/surface-volumes/45.532um-11.0m-74keV-volume-20260310170716.zarr,zarr,"micrometer,micrometer,micrometer","45.532,45.532,45.532",45.532,True,consistent,,False
PHercParis4/segments/20260623155914-w095-097,PHercParis4,2.4um-0.22m-78keV-volume-20260411134726.zarr,PHercParis4/segments/20260623155914-w095-097/surface-volumes/2.4um-0.22m-78keV-volume-20260411134726.zarr,zarr,"micrometer,micrometer,micrometer","2.4,2.4,2.4",2.4,True,consistent,,False
PHercParis4/segments/20260623155914-w095-097,PHercParis4,45.532um-11.0m-74keV-volume-20260310170716.zarr,PHercParis4/segments/20260623155914-w095-097/surface-volumes/45.532um-11.0m-74keV-volume-20260310170716.zarr,zarr,"micrometer,micrometer,micrometer","45.532,45.532,45.532",45.532,True,consistent,,False
PHercParis4/segments/20260623160554-w098-100,PHercParis4,2.4um-0.22m-78keV-volume-20260411134726.zarr,PHercParis4/segments/20260623160554-w098-100/surface-volumes/2.4um-0.22m-78keV-volume-20260411134726.zarr,zarr,"micrometer,micrometer,micrometer","2.4,2.4,2.4",2.4,True,consistent,,False
PHercParis4/segments/20260623160554-w098-100,PHercParis4,45.532um-11.0m-74keV-volume-20260310170716.zarr,PHercParis4/segments/20260623160554-w098-100/surface-volumes/45.532um-11.0m-74keV-volume-20260310170716.zarr,zarr,"micrometer,micrometer,micrometer","45.532,45.532,45.532",45.532,True,consistent,,False
PHercParis4/segments/20260623161233-w101-103,PHercParis4,2.4um-0.22m-78keV-volume-20260411134726.zarr,PHercParis4/segments/20260623161233-w101-103/surface-volumes/2.4um-0.22m-78keV-volume-20260411134726.zarr,zarr,"micrometer,micrometer,micrometer","2.4,2.4,2.4",2.4,True,consistent,,False
PHercParis4/segments/20260623161233-w101-103,PHercParis4,45.532um-11.0m-74keV-volume-20260310170716.zarr,PHercParis4/segments/20260623161233-w101-103/surface-volumes/45.532um-11.0m-74keV-volume-20260310170716.zarr,zarr,"micrometer,micrometer,micrometer","45.532,45.532,45.532",45.532,True,consistent,,False
PHercParis4/segments/20260623161921-w104-106,PHercParis4,45.532um-11.0m-74keV-volume-20260310170716.zarr,PHercParis4/segments/20260623161921-w104-106/surface-volumes/45.532um-11.0m-74keV-volume-20260310170716.zarr,zarr,"micrometer,micrometer,micrometer","45.532,45.532,45.532",45.532,True,consistent,,False
PHercParis4/segments/20260623162614-w107-109,PHercParis4,2.4um-0.22m-78keV-volume-20260411134726.zarr,PHercParis4/segments/20260623162614-w107-109/surface-volumes/2.4um-0.22m-78keV-volume-20260411134726.zarr,zarr,"micrometer,micrometer,micrometer","2.4,2.4,2.4",2.4,True,consistent,,False
PHercParis4/segments/20260623162614-w107-109,PHercParis4,45.532um-11.0m-74keV-volume-20260310170716.zarr,PHercParis4/segments/20260623162614-w107-109/surface-volumes/45.532um-11.0m-74keV-volume-20260310170716.zarr,zarr,"micrometer,micrometer,micrometer","45.532,45.532,45.532",45.532,True,consistent,,False
PHercParis4/segments/20260623163339-w110-112,PHercParis4,2.4um-0.22m-78keV-volume-20260411134726.zarr,PHercParis4/segments/20260623163339-w110-112/surface-volumes/2.4um-0.22m-78keV-volume-20260411134726.zarr,zarr,"micrometer,micrometer,micrometer","2.4,2.4,2.4",2.4,True,consistent,,False
PHercParis4/segments/20260623163339-w110-112,PHercParis4,45.532um-11.0m-74keV-volume-20260310170716.zarr,PHercParis4/segments/20260623163339-w110-112/surface-volumes/45.532um-11.0m-74keV-volume-20260310170716.zarr,zarr,"micrometer,micrometer,micrometer","45.532,45.532,45.532",45.532,True,consistent,,False
PHercParis4/segments/20260623164141-w113-115,PHercParis4,1.129um-0.23m-78keV-volume-20260608103018-L1.zarr,PHercParis4/segments/20260623164141-w113-115/surface-volumes/1.129um-0.23m-78keV-volume-20260608103018-L1.zarr,zarr,"micrometer,micrometer,micrometer","2.258,2.258,2.258",1.129,False,consistent,,False
PHercParis4/segments/20260623164141-w113-115,PHercParis4,2.4um-0.22m-78keV-volume-20260411134726.zarr,PHercParis4/segments/20260623164141-w113-115/surface-volumes/2.4um-0.22m-78keV-volume-20260411134726.zarr,zarr,"micrometer,micrometer,micrometer","2.4,2.4,2.4",2.4,True,consistent,,False
PHercParis4/segments/20260623164141-w113-115,PHercParis4,45.532um-11.0m-74keV-volume-20260310170716.zarr,PHercParis4/segments/20260623164141-w113-115/surface-volumes/45.532um-11.0m-74keV-volume-20260310170716.zarr,zarr,"micrometer,micrometer,micrometer","45.532,45.532,45.532",45.532,True,consistent,,False
PHercParis4/segments/20260623164704-w116-117,PHercParis4,1.129um-0.23m-78keV-volume-20260608103018-L1.zarr,PHercParis4/segments/20260623164704-w116-117/surface-volumes/1.129um-0.23m-78keV-volume-20260608103018-L1.zarr,zarr,"micrometer,micrometer,micrometer","2.258,2.258,2.258",1.129,False,consistent,,False
PHercParis4/segments/20260623164704-w116-117,PHercParis4,2.4um-0.22m-78keV-volume-20260411134726.zarr,PHercParis4/segments/20260623164704-w116-117/surface-volumes/2.4um-0.22m-78keV-volume-20260411134726.zarr,zarr,"micrometer,micrometer,micrometer","2.4,2.4,2.4",2.4,True,consistent,,False
PHercParis4/segments/20260623164704-w116-117,PHercParis4,45.532um-11.0m-74keV-volume-20260310170716.zarr,PHercParis4/segments/20260623164704-w116-117/surface-volumes/45.532um-11.0m-74keV-volume-20260310170716.zarr,zarr,"micrometer,micrometer,micrometer","45.532,45.532,45.532",45.532,True,consistent,,False
PHercParis4/segments/20260623165230-w118-119,PHercParis4,1.129um-0.23m-78keV-volume-20260608103018-L1.zarr,PHercParis4/segments/20260623165230-w118-119/surface-volumes/1.129um-0.23m-78keV-volume-20260608103018-L1.zarr,zarr,"micrometer,micrometer,micrometer","2.258,2.258,2.258",1.129,False,consistent,,False
PHercParis4/segments/20260623165230-w118-119,PHercParis4,2.4um-0.22m-78keV-volume-20260411134726.zarr,PHercParis4/segments/20260623165230-w118-119/surface-volumes/2.4um-0.22m-78keV-volume-20260411134726.zarr,zarr,"micrometer,micrometer,micrometer","2.4,2.4,2.4",2.4,True,consistent,,False
PHercParis4/segments/20260623165230-w118-119,PHercParis4,45.532um-11.0m-74keV-volume-20260310170716.zarr,PHercParis4/segments/20260623165230-w118-119/surface-volumes/45.532um-11.0m-74keV-volume-20260310170716.zarr,zarr,"micrometer,micrometer,micrometer","45.532,45.532,45.532",45.532,True,consistent,,False
PHercParis4/segments/20260623165742-w120-121,PHercParis4,1.129um-0.23m-78keV-volume-20260608103018-L1.zarr,PHercParis4/segments/20260623165742-w120-121/surface-volumes/1.129um-0.23m-78keV-volume-20260608103018-L1.zarr,zarr,"micrometer,micrometer,micrometer","2.258,2.258,2.258",1.129,False,consistent,,False
PHercParis4/segments/20260623165742-w120-121,PHercParis4,2.4um-0.22m-78keV-volume-20260411134726.zarr,PHercParis4/segments/20260623165742-w120-121/surface-volumes/2.4um-0.22m-78keV-volume-20260411134726.zarr,zarr,"micrometer,micrometer,micrometer","2.4,2.4,2.4",2.4,True,consistent,,False
PHercParis4/segments/20260623165742-w120-121,PHercParis4,45.532um-11.0m-74keV-volume-20260310170716.zarr,PHercParis4/segments/20260623165742-w120-121/surface-volumes/45.532um-11.0m-74keV-volume-20260310170716.zarr,zarr,"micrometer,micrometer,micrometer","45.532,45.532,45.532",45.532,True,consistent,,False
PHercParis4/segments/20260623170305-w122-123,PHercParis4,1.129um-0.23m-78keV-volume-20260608103018-L1.zarr,PHercParis4/segments/20260623170305-w122-123/surface-volumes/1.129um-0.23m-78keV-volume-20260608103018-L1.zarr,zarr,"micrometer,micrometer,micrometer","2.258,2.258,2.258",1.129,False,consistent,,False
PHercParis4/segments/20260623170305-w122-123,PHercParis4,2.4um-0.22m-78keV-volume-20260411134726.zarr,PHercParis4/segments/20260623170305-w122-123/surface-volumes/2.4um-0.22m-78keV-volume-20260411134726.zarr,zarr,"micrometer,micrometer,micrometer","2.4,2.4,2.4",2.4,True,consistent,,False
PHercParis4/segments/20260623170305-w122-123,PHercParis4,45.532um-11.0m-74keV-volume-20260310170716.zarr,PHercParis4/segments/20260623170305-w122-123/surface-volumes/45.532um-11.0m-74keV-volume-20260310170716.zarr,zarr,"micrometer,micrometer,micrometer","45.532,45.532,45.532",45.532,True,consistent,,False
PHercParis4/segments/20260623170833-w124-125,PHercParis4,2.4um-0.22m-78keV-volume-20260411134726.zarr,PHercParis4/segments/20260623170833-w124-125/surface-volumes/2.4um-0.22m-78keV-volume-20260411134726.zarr,zarr,"micrometer,micrometer,micrometer","2.4,2.4,2.4",2.4,True,consistent,,False
PHercParis4/segments/20260623170833-w124-125,PHercParis4,45.532um-11.0m-74keV-volume-20260310170716.zarr,PHercParis4/segments/20260623170833-w124-125/surface-volumes/45.532um-11.0m-74keV-volume-20260310170716.zarr,zarr,"micrometer,micrometer,micrometer","45.532,45.532,45.532",45.532,True,consistent,,False
PHercParis4/segments/20260623171400-w126-127,PHercParis4,2.4um-0.22m-78keV-volume-20260411134726.zarr,PHercParis4/segments/20260623171400-w126-127/surface-volumes/2.4um-0.22m-78keV-volume-20260411134726.zarr,zarr,"micrometer,micrometer,micrometer","2.4,2.4,2.4",2.4,True,consistent,,False
PHercParis4/segments/20260623171400-w126-127,PHercParis4,45.532um-11.0m-74keV-volume-20260310170716.zarr,PHercParis4/segments/20260623171400-w126-127/surface-volumes/45.532um-11.0m-74keV-volume-20260310170716.zarr,zarr,"micrometer,micrometer,micrometer","45.532,45.532,45.532",45.532,True,consistent,,False
PHercParis4/segments/20260623171929-w128-129,PHercParis4,2.4um-0.22m-78keV-volume-20260411134726.zarr,PHercParis4/segments/20260623171929-w128-129/surface-volumes/2.4um-0.22m-78keV-volume-20260411134726.zarr,zarr,"micrometer,micrometer,micrometer","2.4,2.4,2.4",2.4,True,consistent,,False
PHercParis4/segments/20260623171929-w128-129,PHercParis4,45.532um-11.0m-74keV-volume-20260310170716.zarr,PHercParis4/segments/20260623171929-w128-129/surface-volumes/45.532um-11.0m-74keV-volume-20260310170716.zarr,zarr,"micrometer,micrometer,micrometer","45.532,45.532,45.532",45.532,True,consistent,,False
PHercParis4/segments/20260701183124-w010-027,PHercParis4,2.4um-0.22m-78keV-volume-20260411134726.zarr,PHercParis4/segments/20260701183124-w010-027/surface-volumes/2.4um-0.22m-78keV-volume-20260411134726.zarr,zarr,"micrometer,micrometer,micrometer","2.4,2.4,2.4",2.4,True,consistent,,False
PHercParis4/segments/20260701183124-w010-027,PHercParis4,45.532um-11.0m-74keV-volume-20260310170716.zarr,PHercParis4/segments/20260701183124-w010-027/surface-volumes/45.532um-11.0m-74keV-volume-20260310170716.zarr,zarr,"micrometer,micrometer,micrometer","45.532,45.532,45.532",45.532,True,consistent,,False
PHercParis4/segments/20260701183125-w028-037,PHercParis4,2.4um-0.22m-78keV-volume-20260411134726.zarr,PHercParis4/segments/20260701183125-w028-037/surface-volumes/2.4um-0.22m-78keV-volume-20260411134726.zarr,zarr,"micrometer,micrometer,micrometer","2.4,2.4,2.4",2.4,True,consistent,,False
PHercParis4/segments/20260701183125-w028-037,PHercParis4,45.532um-11.0m-74keV-volume-20260310170716.zarr,PHercParis4/segments/20260701183125-w028-037/surface-volumes/45.532um-11.0m-74keV-volume-20260310170716.zarr,zarr,"micrometer,micrometer,micrometer","45.532,45.532,45.532",45.532,True,consistent,,False
PHercParis4/segments/20260701183126-w038-045,PHercParis4,2.4um-0.22m-78keV-volume-20260411134726.zarr,PHercParis4/segments/20260701183126-w038-045/surface-volumes/2.4um-0.22m-78keV-volume-20260411134726.zarr,zarr,"micrometer,micrometer,micrometer","2.4,2.4,2.4",2.4,True,consistent,,False
PHercParis4/segments/20260701183126-w038-045,PHercParis4,45.532um-11.0m-74keV-volume-20260310170716.zarr,PHercParis4/segments/20260701183126-w038-045/surface-volumes/45.532um-11.0m-74keV-volume-20260310170716.zarr,zarr,"micrometer,micrometer,micrometer","45.532,45.532,45.532",45.532,True,consistent,,False
PHercParis4/segments/20260701183127-w046-052,PHercParis4,2.4um-0.22m-78keV-volume-20260411134726.zarr,PHercParis4/segments/20260701183127-w046-052/surface-volumes/2.4um-0.22m-78keV-volume-20260411134726.zarr,zarr,"micrometer,micrometer,micrometer","2.4,2.4,2.4",2.4,True,consistent,,False
PHercParis4/segments/20260701183127-w046-052,PHercParis4,45.532um-11.0m-74keV-volume-20260310170716.zarr,PHercParis4/segments/20260701183127-w046-052/surface-volumes/45.532um-11.0m-74keV-volume-20260310170716.zarr,zarr,"micrometer,micrometer,micrometer","45.532,45.532,45.532",45.532,True,consistent,,False
PHercParis4/segments/20260701183128-w053-058,PHercParis4,2.4um-0.22m-78keV-volume-20260411134726.zarr,PHercParis4/segments/20260701183128-w053-058/surface-volumes/2.4um-0.22m-78keV-volume-20260411134726.zarr,zarr,"micrometer,micrometer,micrometer","2.4,2.4,2.4",2.4,True,consistent,,False
PHercParis4/segments/20260701183128-w053-058,PHercParis4,45.532um-11.0m-74keV-volume-20260310170716.zarr,PHercParis4/segments/20260701183128-w053-058/surface-volumes/45.532um-11.0m-74keV-volume-20260310170716.zarr,zarr,"micrometer,micrometer,micrometer","45.532,45.532,45.532",45.532,True,consistent,,False
PHercParis4/segments/20260701183129-w059-063,PHercParis4,2.4um-0.22m-78keV-volume-20260411134726.zarr,PHercParis4/segments/20260701183129-w059-063/surface-volumes/2.4um-0.22m-78keV-volume-20260411134726.zarr,zarr,"micrometer,micrometer,micrometer","2.4,2.4,2.4",2.4,True,consistent,,False
PHercParis4/segments/20260701183129-w059-063,PHercParis4,45.532um-11.0m-74keV-volume-20260310170716.zarr,PHercParis4/segments/20260701183129-w059-063/surface-volumes/45.532um-11.0m-74keV-volume-20260310170716.zarr,zarr,"micrometer,micrometer,micrometer","45.532,45.532,45.532",45.532,True,consistent,,False
PHercParis4/segments/20260701183130-w064-068,PHercParis4,2.4um-0.22m-78keV-volume-20260411134726.zarr,PHercParis4/segments/20260701183130-w064-068/surface-volumes/2.4um-0.22m-78keV-volume-20260411134726.zarr,zarr,"micrometer,micrometer,micrometer","2.4,2.4,2.4",2.4,True,consistent,,False
PHercParis4/segments/20260701183130-w064-068,PHercParis4,45.532um-11.0m-74keV-volume-20260310170716.zarr,PHercParis4/segments/20260701183130-w064-068/surface-volumes/45.532um-11.0m-74keV-volume-20260310170716.zarr,zarr,"micrometer,micrometer,micrometer","45.532,45.532,45.532",45.532,True,consistent,,False
PHercParis4/segments/20260701183131-w069-072,PHercParis4,2.4um-0.22m-78keV-volume-20260411134726.zarr,PHercParis4/segments/20260701183131-w069-072/surface-volumes/2.4um-0.22m-78keV-volume-20260411134726.zarr,zarr,"micrometer,micrometer,micrometer","2.4,2.4,2.4",2.4,True,consistent,,False
PHercParis4/segments/20260701183131-w069-072,PHercParis4,45.532um-11.0m-74keV-volume-20260310170716.zarr,PHercParis4/segments/20260701183131-w069-072/surface-volumes/45.532um-11.0m-74keV-volume-20260310170716.zarr,zarr,"micrometer,micrometer,micrometer","45.532,45.532,45.532",45.532,True,consistent,,False
PHercParis4/segments/20260701183132-w073-076,PHercParis4,2.4um-0.22m-78keV-volume-20260411134726.zarr,PHercParis4/segments/20260701183132-w073-076/surface-volumes/2.4um-0.22m-78keV-volume-20260411134726.zarr,zarr,"micrometer,micrometer,micrometer","2.4,2.4,2.4",2.4,True,consistent,,False
PHercParis4/segments/20260701183132-w073-076,PHercParis4,45.532um-11.0m-74keV-volume-20260310170716.zarr,PHercParis4/segments/20260701183132-w073-076/surface-volumes/45.532um-11.0m-74keV-volume-20260310170716.zarr,zarr,"micrometer,micrometer,micrometer","45.532,45.532,45.532",45.532,True,consistent,,False
PHercParis4/segments/20260701183133-w077-080,PHercParis4,2.4um-0.22m-78keV-volume-20260411134726.zarr,PHercParis4/segments/20260701183133-w077-080/surface-volumes/2.4um-0.22m-78keV-volume-20260411134726.zarr,zarr,"micrometer,micrometer,micrometer","2.4,2.4,2.4",2.4,True,consistent,,False
PHercParis4/segments/20260701183133-w077-080,PHercParis4,45.532um-11.0m-74keV-volume-20260310170716.zarr,PHercParis4/segments/20260701183133-w077-080/surface-volumes/45.532um-11.0m-74keV-volume-20260310170716.zarr,zarr,"micrometer,micrometer,micrometer","45.532,45.532,45.532",45.532,True,consistent,,False
PHercParis4/segments/20260701183134-w081-084,PHercParis4,2.4um-0.22m-78keV-volume-20260411134726.zarr,PHercParis4/segments/20260701183134-w081-084/surface-volumes/2.4um-0.22m-78keV-volume-20260411134726.zarr,zarr,"micrometer,micrometer,micrometer","2.4,2.4,2.4",2.4,True,consistent,,False
PHercParis4/segments/20260701183134-w081-084,PHercParis4,45.532um-11.0m-74keV-volume-20260310170716.zarr,PHercParis4/segments/20260701183134-w081-084/surface-volumes/45.532um-11.0m-74keV-volume-20260310170716.zarr,zarr,"micrometer,micrometer,micrometer","45.532,45.532,45.532",45.532,True,consistent,,False
PHercParis4/segments/20260701183135-w085-088,PHercParis4,2.4um-0.22m-78keV-volume-20260411134726.zarr,PHercParis4/segments/20260701183135-w085-088/surface-volumes/2.4um-0.22m-78keV-volume-20260411134726.zarr,zarr,"micrometer,micrometer,micrometer","2.4,2.4,2.4",2.4,True,consistent,,False
PHercParis4/segments/20260701183135-w085-088,PHercParis4,45.532um-11.0m-74keV-volume-20260310170716.zarr,PHercParis4/segments/20260701183135-w085-088/surface-volumes/45.532um-11.0m-74keV-volume-20260310170716.zarr,zarr,"micrometer,micrometer,micrometer","45.532,45.532,45.532",45.532,True,consistent,,False
PHercParis4/segments/20260701183136-w089-091,PHercParis4,2.4um-0.22m-78keV-volume-20260411134726.zarr,PHercParis4/segments/20260701183136-w089-091/surface-volumes/2.4um-0.22m-78keV-volume-20260411134726.zarr,zarr,"micrometer,micrometer,micrometer","2.4,2.4,2.4",2.4,True,consistent,,False
PHercParis4/segments/20260701183136-w089-091,PHercParis4,45.532um-11.0m-74keV-volume-20260310170716.zarr,PHercParis4/segments/20260701183136-w089-091/surface-volumes/45.532um-11.0m-74keV-volume-20260310170716.zarr,zarr,"micrometer,micrometer,micrometer","45.532,45.532,45.532",45.532,True,consistent,,False
PHercParis4/segments/20260701183137-w092-094,PHercParis4,2.4um-0.22m-78keV-volume-20260411134726.zarr,PHercParis4/segments/20260701183137-w092-094/surface-volumes/2.4um-0.22m-78keV-volume-20260411134726.zarr,zarr,"micrometer,micrometer,micrometer","2.4,2.4,2.4",2.4,True,consistent,,False
PHercParis4/segments/20260701183137-w092-094,PHercParis4,45.532um-11.0m-74keV-volume-20260310170716.zarr,PHercParis4/segments/20260701183137-w092-094/surface-volumes/45.532um-11.0m-74keV-volume-20260310170716.zarr,zarr,"micrometer,micrometer,micrometer","45.532,45.532,45.532",45.532,True,consistent,,False
PHercParis4/segments/20260701183138-w095-097,PHercParis4,2.4um-0.22m-78keV-volume-20260411134726.zarr,PHercParis4/segments/20260701183138-w095-097/surface-volumes/2.4um-0.22m-78keV-volume-20260411134726.zarr,zarr,"micrometer,micrometer,micrometer","2.4,2.4,2.4",2.4,True,consistent,,False
PHercParis4/segments/20260701183138-w095-097,PHercParis4,45.532um-11.0m-74keV-volume-20260310170716.zarr,PHercParis4/segments/20260701183138-w095-097/surface-volumes/45.532um-11.0m-74keV-volume-20260310170716.zarr,zarr,"micrometer,micrometer,micrometer","45.532,45.532,45.532",45.532,True,consistent,,False
PHercParis4/segments/20260701183139-w098-100,PHercParis4,2.4um-0.22m-78keV-volume-20260411134726.zarr,PHercParis4/segments/20260701183139-w098-100/surface-volumes/2.4um-0.22m-78keV-volume-20260411134726.zarr,zarr,"micrometer,micrometer,micrometer","2.4,2.4,2.4",2.4,True,consistent,,False
PHercParis4/segments/20260701183139-w098-100,PHercParis4,45.532um-11.0m-74keV-volume-20260310170716.zarr,PHercParis4/segments/20260701183139-w098-100/surface-volumes/45.532um-11.0m-74keV-volume-20260310170716.zarr,zarr,"micrometer,micrometer,micrometer","45.532,45.532,45.532",45.532,True,consistent,,False
PHercParis4/segments/20260701183140-w101-103,PHercParis4,2.4um-0.22m-78keV-volume-20260411134726.zarr,PHercParis4/segments/20260701183140-w101-103/surface-volumes/2.4um-0.22m-78keV-volume-20260411134726.zarr,zarr,"micrometer,micrometer,micrometer","2.4,2.4,2.4",2.4,True,consistent,,False
PHercParis4/segments/20260701183140-w101-103,PHercParis4,45.532um-11.0m-74keV-volume-20260310170716.zarr,PHercParis4/segments/20260701183140-w101-103/surface-volumes/45.532um-11.0m-74keV-volume-20260310170716.zarr,zarr,"micrometer,micrometer,micrometer","45.532,45.532,45.532",45.532,True,consistent,,False
PHercParis4/segments/20260701183141-w104-106,PHercParis4,2.4um-0.22m-78keV-volume-20260411134726.zarr,PHercParis4/segments/20260701183141-w104-106/surface-volumes/2.4um-0.22m-78keV-volume-20260411134726.zarr,zarr,"micrometer,micrometer,micrometer","2.4,2.4,2.4",2.4,True,consistent,,False
PHercParis4/segments/20260701183141-w104-106,PHercParis4,45.532um-11.0m-74keV-volume-20260310170716.zarr,PHercParis4/segments/20260701183141-w104-106/surface-volumes/45.532um-11.0m-74keV-volume-20260310170716.zarr,zarr,"micrometer,micrometer,micrometer","45.532,45.532,45.532",45.532,True,consistent,,False
PHercParis4/segments/20260701183142-w107-109,PHercParis4,2.4um-0.22m-78keV-volume-20260411134726.zarr,PHercParis4/segments/20260701183142-w107-109/surface-volumes/2.4um-0.22m-78keV-volume-20260411134726.zarr,zarr,"micrometer,micrometer,micrometer","2.4,2.4,2.4",2.4,True,consistent,,False
PHercParis4/segments/20260701183142-w107-109,PHercParis4,45.532um-11.0m-74keV-volume-20260310170716.zarr,PHercParis4/segments/20260701183142-w107-109/surface-volumes/45.532um-11.0m-74keV-volume-20260310170716.zarr,zarr,"micrometer,micrometer,micrometer","45.532,45.532,45.532",45.532,True,consistent,,False
PHercParis4/segments/20260701183143-w110-112,PHercParis4,2.4um-0.22m-78keV-volume-20260411134726.zarr,PHercParis4/segments/20260701183143-w110-112/surface-volumes/2.4um-0.22m-78keV-volume-20260411134726.zarr,zarr,"micrometer,micrometer,micrometer","2.4,2.4,2.4",2.4,True,consistent,,False
PHercParis4/segments/20260701183143-w110-112,PHercParis4,45.532um-11.0m-74keV-volume-20260310170716.zarr,PHercParis4/segments/20260701183143-w110-112/surface-volumes/45.532um-11.0m-74keV-volume-20260310170716.zarr,zarr,"micrometer,micrometer,micrometer","45.532,45.532,45.532",45.532,True,consistent,,False
PHercParis4/segments/20260701183144-w113-115,PHercParis4,2.4um-0.22m-78keV-volume-20260411134726.zarr,PHercParis4/segments/20260701183144-w113-115/surface-volumes/2.4um-0.22m-78keV-volume-20260411134726.zarr,zarr,"micrometer,micrometer,micrometer","2.4,2.4,2.4",2.4,True,consistent,,False
PHercParis4/segments/20260701183144-w113-115,PHercParis4,45.532um-11.0m-74keV-volume-20260310170716.zarr,PHercParis4/segments/20260701183144-w113-115/surface-volumes/45.532um-11.0m-74keV-volume-20260310170716.zarr,zarr,"micrometer,micrometer,micrometer","45.532,45.532,45.532",45.532,True,consistent,,False
PHercParis4/segments/20260701183145-w116-117,PHercParis4,2.4um-0.22m-78keV-volume-20260411134726.zarr,PHercParis4/segments/20260701183145-w116-117/surface-volumes/2.4um-0.22m-78keV-volume-20260411134726.zarr,zarr,"micrometer,micrometer,micrometer","2.4,2.4,2.4",2.4,True,consistent,,False
PHercParis4/segments/20260701183145-w116-117,PHercParis4,45.532um-11.0m-74keV-volume-20260310170716.zarr,PHercParis4/segments/20260701183145-w116-117/surface-volumes/45.532um-11.0m-74keV-volume-20260310170716.zarr,zarr,"micrometer,micrometer,micrometer","45.532,45.532,45.532",45.532,True,consistent,,False
PHercParis4/segments/20260701183146-w118-119,PHercParis4,2.4um-0.22m-78keV-volume-20260411134726.zarr,PHercParis4/segments/20260701183146-w118-119/surface-volumes/2.4um-0.22m-78keV-volume-20260411134726.zarr,zarr,"micrometer,micrometer,micrometer","2.4,2.4,2.4",2.4,True,consistent,,False
PHercParis4/segments/20260701183146-w118-119,PHercParis4,45.532um-11.0m-74keV-volume-20260310170716.zarr,PHercParis4/segments/20260701183146-w118-119/surface-volumes/45.532um-11.0m-74keV-volume-20260310170716.zarr,zarr,"micrometer,micrometer,micrometer","45.532,45.532,45.532",45.532,True,consistent,,False
PHercParis4/segments/20260701183147-w120-121,PHercParis4,2.4um-0.22m-78keV-volume-20260411134726.zarr,PHercParis4/segments/20260701183147-w120-121/surface-volumes/2.4um-0.22m-78keV-volume-20260411134726.zarr,zarr,"micrometer,micrometer,micrometer","2.4,2.4,2.4",2.4,True,consistent,,False
PHercParis4/segments/20260701183147-w120-121,PHercParis4,45.532um-11.0m-74keV-volume-20260310170716.zarr,PHercParis4/segments/20260701183147-w120-121/surface-volumes/45.532um-11.0m-74keV-volume-20260310170716.zarr,zarr,"micrometer,micrometer,micrometer","45.532,45.532,45.532",45.532,True,consistent,,False
PHercParis4/segments/20260701183148-w122-123,PHercParis4,2.4um-0.22m-78keV-volume-20260411134726.zarr,PHercParis4/segments/20260701183148-w122-123/surface-volumes/2.4um-0.22m-78keV-volume-20260411134726.zarr,zarr,"micrometer,micrometer,micrometer","2.4,2.4,2.4",2.4,True,consistent,,False
PHercParis4/segments/20260701183148-w122-123,PHercParis4,45.532um-11.0m-74keV-volume-20260310170716.zarr,PHercParis4/segments/20260701183148-w122-123/surface-volumes/45.532um-11.0m-74keV-volume-20260310170716.zarr,zarr,"micrometer,micrometer,micrometer","45.532,45.532,45.532",45.532,True,consistent,,False
PHercParis4/segments/20260701183149-w124-125,PHercParis4,2.4um-0.22m-78keV-volume-20260411134726.zarr,PHercParis4/segments/20260701183149-w124-125/surface-volumes/2.4um-0.22m-78keV-volume-20260411134726.zarr,zarr,"micrometer,micrometer,micrometer","2.4,2.4,2.4",2.4,True,consistent,,False
PHercParis4/segments/20260701183149-w124-125,PHercParis4,45.532um-11.0m-74keV-volume-20260310170716.zarr,PHercParis4/segments/20260701183149-w124-125/surface-volumes/45.532um-11.0m-74keV-volume-20260310170716.zarr,zarr,"micrometer,micrometer,micrometer","45.532,45.532,45.532",45.532,True,consistent,,False
PHercParis4/segments/20260701183150-w126-127,PHercParis4,2.4um-0.22m-78keV-volume-20260411134726.zarr,PHercParis4/segments/20260701183150-w126-127/surface-volumes/2.4um-0.22m-78keV-volume-20260411134726.zarr,zarr,"micrometer,micrometer,micrometer","2.4,2.4,2.4",2.4,True,consistent,,False
PHercParis4/segments/20260701183150-w126-127,PHercParis4,45.532um-11.0m-74keV-volume-20260310170716.zarr,PHercParis4/segments/20260701183150-w126-127/surface-volumes/45.532um-11.0m-74keV-volume-20260310170716.zarr,zarr,"micrometer,micrometer,micrometer","45.532,45.532,45.532",45.532,True,consistent,,False
PHercParis4/segments/20260701183151-w128-129,PHercParis4,2.4um-0.22m-78keV-volume-20260411134726.zarr,PHercParis4/segments/20260701183151-w128-129/surface-volumes/2.4um-0.22m-78keV-volume-20260411134726.zarr,zarr,"micrometer,micrometer,micrometer","2.4,2.4,2.4",2.4,True,consistent,,False
PHercParis4/segments/20260701183151-w128-129,PHercParis4,45.532um-11.0m-74keV-volume-20260310170716.zarr,PHercParis4/segments/20260701183151-w128-129/surface-volumes/45.532um-11.0m-74keV-volume-20260310170716.zarr,zarr,"micrometer,micrometer,micrometer","45.532,45.532,45.532",45.532,True,consistent,,False
